ID_FAZENDA,SATELITE,TIPO_CULTURA,AREA_FAZENDA_ACRES,TIPO_IRRIGACAO,TIPO_SOLO,ESTACAO,FERTILIZANTE_UTILIZADO_TON,PESTICIDA_UTILIZADO_KG,PRODUTIVIDADE_TON,CONSUMO_AGUA_M3,TEMPERATURA_MEDIA_C,UMIDADE_SOLO_PCT,INDICE_NDVI,RISCO_AMBIENTAL
FAZ_00001,TerraScan_X,Tomate,476.39,Gotejamento,Siltoso,Inverno,15.07,183.45,67.13,4947.21,13.2,89.37,0.914,0
FAZ_00002,AgroSat_BR,Tomate,418.12,Sequeiro,Calcario,Inverno,18.6,158.27,54.37,4326.28,18.43,74.04,0.781,0
FAZ_00003,Gaia_Vision,Soja,472.13,Aspersao,Franco,Primavera,9.33,120.17,57.44,5567.2,32.61,68.69,0.657,0
FAZ_00004,AgroSat_BR,Trigo,411.94,Aspersao,Organico,Inverno,13.92,89.26,55.25,5551.9,9.84,81.63,0.656,0
FAZ_00005,AgroSat_BR,Milho,441.38,Inundacao,Calcario,Primavera,22.12,147.98,51.13,7991.19,30.18,55.45,0.48,1
FAZ_00006,OrbSat_Field,Soja,484.3,Gotejamento,Siltoso,Primavera,9.0,55.31,52.59,2961.01,26.29,80.93,0.692,0
FAZ_00007,Gaia_Vision,Soja,310.23,Aspersao,Argiloso,Inverno,9.77,40.93,48.73,2464.41,5.0,75.29,0.754,0
FAZ_00008,Gaia_Vision,Milho,474.59,Sequeiro,Franco,Primavera,15.12,145.38,47.26,4545.04,21.88,86.71,0.743,1
FAZ_00009,Gaia_Vision,Trigo,361.65,Inundacao,Argiloso,Verao,6.43,125.44,39.58,6602.32,25.9,49.0,0.536,1
FAZ_00010,AgroSat_BR,Trigo,255.26,Aspersao,Calcario,Outono,6.06,77.71,45.71,2079.61,28.57,63.51,0.564,0
FAZ_00011,TerraScan_X,Tomate,465.32,Inundacao,Arenoso,Inverno,14.04,103.83,49.73,8391.63,17.59,62.05,0.604,0
FAZ_00012,Gaia_Vision,Soja,309.91,Sequeiro,Argiloso,Inverno,6.71,45.36,53.86,3420.34,18.27,71.82,0.836,0
FAZ_00013,AgroSat_BR,Soja,328.43,Gotejamento,Argiloso,Outono,10.87,66.99,54.11,3178.19,19.72,77.62,0.885,0
FAZ_00014,OrbSat_Field,Cenoura,530.18,Inundacao,Siltoso,Inverno,16.03,174.49,45.43,9189.35,25.5,66.12,0.665,1
FAZ_00015,TerraScan_X,Cana_de_Acucar,422.12,Gotejamento,Arenoso,Inverno,14.38,59.48,65.71,5107.54,11.62,85.92,0.782,0
FAZ_00016,OrbSat_Field,Soja,614.35,Sequeiro,Calcario,Outono,12.56,106.79,73.11,6550.7,21.86,60.8,0.583,1
FAZ_00017,TerraScan_X,Arroz,658.49,Manual,Organico,Primavera,12.35,58.26,61.36,6225.59,21.25,68.0,0.782,0
FAZ_00018,AgroSat_BR,Cana_de_Acucar,617.03,Manual,Organico,Verao,30.29,137.24,63.0,8861.8,27.9,65.93,0.544,1
FAZ_00019,Sentinel_Agro,Arroz,446.99,Sequeiro,Organico,Primavera,12.99,35.93,50.85,3607.92,17.26,66.46,0.697,0
FAZ_00020,TerraScan_X,Trigo,379.33,Gotejamento,Franco,Verao,10.09,17.76,49.92,1929.72,28.51,65.53,0.683,0
FAZ_00021,OrbSat_Field,Cana_de_Acucar,629.67,Gotejamento,Organico,Outono,15.17,168.88,82.31,8994.79,21.88,73.07,0.709,1
FAZ_00022,AgroSat_BR,Soja,368.42,Aspersao,Franco,Primavera,9.1,76.57,68.15,2441.86,19.93,79.03,0.825,0
FAZ_00023,TerraScan_X,Milho,314.26,Aspersao,Calcario,Primavera,8.3,76.26,48.83,5013.02,24.45,69.84,0.688,0
FAZ_00024,Sentinel_Agro,Tomate,107.97,Inundacao,Calcario,Verao,5.22,102.82,35.45,6414.26,32.54,61.94,0.661,0
FAZ_00025,Sentinel_Agro,Arroz,387.2,Manual,Argiloso,Verao,9.25,62.34,57.1,4642.37,26.15,51.44,0.708,0
FAZ_00026,Gaia_Vision,Cana_de_Acucar,218.14,Aspersao,Organico,Verao,6.27,78.36,49.6,2481.1,23.51,69.16,0.678,0
FAZ_00027,Gaia_Vision,Soja,388.79,Aspersao,Siltoso,Verao,10.72,119.29,39.97,2456.54,25.3,65.5,0.632,0
FAZ_00028,OrbSat_Field,Cana_de_Acucar,249.4,Manual,Calcario,Inverno,14.03,30.69,46.99,3375.1,20.76,74.93,0.874,0
FAZ_00029,TerraScan_X,Soja,745.8,Gotejamento,Arenoso,Outono,8.89,166.12,79.68,5513.29,20.21,77.05,0.654,0
FAZ_00030,TerraScan_X,Soja,201.93,Gotejamento,Arenoso,Verao,6.17,28.53,34.31,800.0,27.38,67.03,0.756,0
FAZ_00031,Gaia_Vision,Soja,198.14,Inundacao,Calcario,Primavera,6.79,39.79,52.81,6965.56,19.53,78.26,0.821,0
FAZ_00032,TerraScan_X,Cenoura,173.56,Aspersao,Argiloso,Primavera,7.52,14.55,57.8,1919.42,20.94,82.63,0.924,0
FAZ_00033,TerraScan_X,Tomate,306.09,Sequeiro,,Primavera,8.52,112.96,49.76,2775.75,23.14,55.02,0.595,0
FAZ_00034,Sentinel_Agro,Milho,267.67,Aspersao,Arenoso,Verao,14.75,53.07,49.75,3672.61,30.84,55.43,0.594,0
FAZ_00035,Gaia_Vision,Milho,606.78,Manual,Argiloso,Outono,22.74,213.68,80.82,8599.54,19.83,74.23,0.654,1
FAZ_00036,AgroSat_BR,Cana_de_Acucar,494.33,Inundacao,Argiloso,Inverno,18.82,139.71,70.37,8861.71,15.87,57.35,0.685,1
FAZ_00037,Gaia_Vision,Cana_de_Acucar,173.09,Gotejamento,Argiloso,Verao,9.3,36.24,46.66,2926.35,31.72,,0.718,0
FAZ_00038,AgroSat_BR,Soja,593.27,Gotejamento,Siltoso,Verao,17.8,130.4,56.91,8457.99,35.91,61.45,0.707,1
FAZ_00039,Sentinel_Agro,Cenoura,304.12,Gotejamento,Argiloso,Inverno,5.37,37.88,63.24,4291.92,10.4,93.94,0.888,0
FAZ_00040,OrbSat_Field,Soja,362.65,Gotejamento,Argiloso,Outono,7.56,90.44,60.73,3928.29,23.27,59.34,0.641,0
FAZ_00041,TerraScan_X,Cenoura,150.31,Aspersao,Argiloso,Verao,5.81,11.32,38.42,1862.99,30.39,61.8,0.796,0
FAZ_00042,Sentinel_Agro,Soja,566.9,Inundacao,Calcario,Primavera,13.42,53.11,65.65,7030.23,17.74,59.93,0.654,0
FAZ_00043,TerraScan_X,Arroz,261.85,Inundacao,Organico,Primavera,3.31,27.42,45.14,7562.49,27.03,56.75,0.791,1
FAZ_00044,OrbSat_Field,Arroz,807.39,Inundacao,Calcario,Verao,22.83,201.47,71.34,13874.52,19.54,71.92,0.713,1
FAZ_00045,OrbSat_Field,Trigo,290.35,Gotejamento,Organico,Outono,10.3,84.93,51.89,2436.29,25.86,61.67,0.617,0
FAZ_00046,Sentinel_Agro,Soja,584.1,Inundacao,Siltoso,Primavera,7.04,202.82,50.17,11682.12,27.97,59.41,0.631,1
FAZ_00047,OrbSat_Field,Tomate,246.19,Aspersao,Siltoso,Primavera,12.93,124.49,38.71,1754.03,27.55,64.91,0.724,0
FAZ_00048,AgroSat_BR,Trigo,295.88,Sequeiro,Arenoso,Inverno,8.92,58.45,36.0,2365.57,17.34,57.14,0.626,0
FAZ_00049,OrbSat_Field,Cana_de_Acucar,318.57,Sequeiro,Calcario,Outono,12.34,38.88,48.59,5109.29,23.13,61.58,0.732,0
FAZ_00050,TerraScan_X,Soja,313.08,Manual,Organico,Verao,8.51,1.48,47.76,5104.16,35.31,56.31,,0
FAZ_00051,TerraScan_X,Arroz,262.23,Manual,Siltoso,Inverno,7.72,56.65,53.55,2697.31,16.58,78.85,0.872,0
FAZ_00052,TerraScan_X,Cenoura,224.76,Gotejamento,Siltoso,Inverno,7.05,65.54,45.69,1769.88,21.14,92.48,0.829,0
FAZ_00053,TerraScan_X,Tomate,310.11,Gotejamento,Calcario,Inverno,13.36,132.96,51.97,2153.74,17.34,77.39,0.611,0
FAZ_00054,AgroSat_BR,Soja,323.14,Manual,Arenoso,Outono,7.85,77.71,35.37,3071.06,25.39,50.79,0.548,0
FAZ_00055,Gaia_Vision,Milho,462.53,Aspersao,Argiloso,Outono,13.56,56.5,60.88,5620.54,17.08,74.6,0.728,0
FAZ_00056,Sentinel_Agro,Milho,316.23,Aspersao,Franco,Outono,10.56,84.82,51.08,4506.72,19.72,68.31,0.736,0
FAZ_00057,TerraScan_X,Cenoura,270.14,Manual,Arenoso,Verao,8.78,45.39,44.44,1893.02,32.04,52.45,0.705,0
FAZ_00058,OrbSat_Field,Trigo,323.26,Inundacao,Franco,Outono,2.9,59.74,57.03,7434.77,23.17,61.59,0.725,0
FAZ_00059,TerraScan_X,Milho,219.39,Gotejamento,Arenoso,Inverno,13.04,58.72,51.04,2459.65,30.77,76.08,0.785,0
FAZ_00060,OrbSat_Field,Trigo,173.44,Gotejamento,Arenoso,Primavera,2.18,1.0,43.25,800.0,30.68,50.36,0.777,0
FAZ_00061,OrbSat_Field,Arroz,530.07,Gotejamento,Argiloso,Verao,15.66,112.25,74.55,6389.95,40.06,55.58,0.614,1
FAZ_00062,TerraScan_X,Soja,497.92,Manual,Siltoso,Verao,15.85,112.76,47.12,6538.93,29.69,47.18,0.46,1
FAZ_00063,AgroSat_BR,Arroz,288.66,Aspersao,Organico,Verao,4.51,53.96,48.0,2966.4,24.47,74.71,0.727,0
FAZ_00064,OrbSat_Field,Arroz,432.16,Sequeiro,Arenoso,Inverno,13.93,118.8,60.04,4745.68,8.75,86.48,0.764,0
FAZ_00065,OrbSat_Field,Batata,196.33,Manual,Argiloso,Outono,6.89,148.32,51.72,2669.17,23.52,72.54,0.638,0
FAZ_00066,TerraScan_X,Algodao,233.7,Gotejamento,Franco,Inverno,3.04,122.91,47.5,1634.16,17.58,69.01,0.745,0
FAZ_00067,OrbSat_Field,Tomate,357.89,Gotejamento,Calcario,Primavera,16.79,152.26,50.51,2895.85,24.73,77.42,0.648,0
FAZ_00068,OrbSat_Field,Trigo,557.95,Aspersao,Calcario,Outono,16.6,136.72,68.36,5273.67,19.18,70.12,0.62,1
FAZ_00069,TerraScan_X,Batata,936.3,Sequeiro,Siltoso,Primavera,20.85,125.2,86.98,9176.45,14.31,77.27,0.659,0
FAZ_00070,TerraScan_X,Algodao,425.79,Aspersao,Calcario,Verao,15.22,130.57,70.12,5535.73,26.63,61.6,0.787,1
FAZ_00071,Sentinel_Agro,Tomate,436.38,Manual,Arenoso,Verao,10.56,180.24,46.71,2603.44,28.04,59.07,0.53,1
FAZ_00072,AgroSat_BR,Trigo,401.1,Aspersao,Franco,Inverno,11.96,41.07,75.29,2898.23,8.79,89.71,0.858,0
FAZ_00073,AgroSat_BR,Soja,303.46,Aspersao,Arenoso,Outono,5.65,33.87,64.82,3991.53,20.49,88.66,0.88,0
FAZ_00074,OrbSat_Field,Tomate,625.11,Sequeiro,Calcario,Verao,19.71,188.7,49.78,6060.05,22.83,47.53,0.56,1
FAZ_00075,AgroSat_BR,Arroz,183.22,Gotejamento,Organico,Inverno,1.46,37.99,49.0,2165.93,28.42,80.27,0.917,0
FAZ_00076,OrbSat_Field,Algodao,360.41,Inundacao,Calcario,Primavera,10.36,124.52,48.86,6655.76,24.83,55.56,0.734,0
FAZ_00077,Sentinel_Agro,Algodao,517.39,Gotejamento,Organico,Inverno,12.44,202.71,72.76,4613.04,19.82,68.87,0.7,0
FAZ_00078,TerraScan_X,Algodao,408.2,Manual,Calcario,Outono,3.89,120.77,59.46,5471.09,19.98,59.57,0.675,0
FAZ_00079,TerraScan_X,Trigo,214.13,Manual,Siltoso,Outono,4.54,44.16,46.18,3118.01,28.03,77.33,0.78,0
FAZ_00080,TerraScan_X,Tomate,191.62,Sequeiro,Franco,Outono,12.43,78.75,35.65,944.73,18.15,70.06,0.795,0
FAZ_00081,AgroSat_BR,Arroz,360.47,Gotejamento,Organico,Verao,7.18,103.63,52.14,2953.42,41.07,48.45,0.675,0
FAZ_00082,Sentinel_Agro,Batata,174.93,Gotejamento,Argiloso,Inverno,5.73,111.61,30.54,2018.31,31.13,56.35,0.614,1
FAZ_00083,AgroSat_BR,Soja,755.43,Aspersao,Siltoso,Primavera,17.77,159.54,70.46,10157.38,35.3,57.2,0.587,1
FAZ_00084,AgroSat_BR,Milho,394.07,Aspersao,Arenoso,Outono,11.77,86.82,60.21,2100.89,26.44,51.83,0.653,0
FAZ_00085,Sentinel_Agro,Batata,502.97,Inundacao,Calcario,Inverno,17.76,156.27,43.88,8484.97,18.9,67.52,0.491,1
FAZ_00086,Sentinel_Agro,Arroz,587.36,Aspersao,Franco,Verao,19.53,40.93,74.53,4974.6,27.69,70.55,0.809,0
FAZ_00087,Sentinel_Agro,Milho,385.45,Gotejamento,Franco,Primavera,19.96,100.16,59.25,6217.1,20.74,71.78,0.685,0
FAZ_00088,Sentinel_Agro,Milho,480.49,Manual,Calcario,Primavera,20.83,147.68,70.84,2815.96,27.42,68.46,0.625,1
FAZ_00089,TerraScan_X,Algodao,391.66,Manual,,Primavera,5.17,83.38,42.12,6109.37,20.44,61.07,0.638,0
FAZ_00090,Gaia_Vision,Cana_de_Acucar,378.35,Sequeiro,Organico,Verao,9.91,127.67,33.96,3758.75,33.08,50.37,0.489,1
FAZ_00091,Gaia_Vision,Arroz,399.4,Aspersao,Calcario,Outono,3.19,26.01,56.33,3358.3,20.73,65.21,0.738,0
FAZ_00092,Sentinel_Agro,Algodao,1196.32,Aspersao,Franco,Verao,35.0,319.6,77.34,14267.04,34.4,68.49,0.576,1
FAZ_00093,Gaia_Vision,Arroz,552.43,Gotejamento,Argiloso,Primavera,11.5,55.04,45.33,4054.98,28.66,57.14,0.635,0
FAZ_00094,Gaia_Vision,Cana_de_Acucar,1059.02,Gotejamento,Argiloso,Inverno,19.14,295.97,86.18,6135.89,19.43,88.58,0.668,1
FAZ_00095,Sentinel_Agro,Soja,392.76,Aspersao,Arenoso,Primavera,11.39,29.28,46.49,3765.33,19.31,69.77,0.655,0
FAZ_00096,Gaia_Vision,Cana_de_Acucar,751.52,Sequeiro,Argiloso,Inverno,26.04,112.09,60.31,8687.56,12.06,82.0,0.661,1
FAZ_00097,AgroSat_BR,Cenoura,259.18,Gotejamento,Siltoso,Verao,3.33,54.2,32.99,2570.64,31.29,56.4,0.491,0
FAZ_00098,OrbSat_Field,Batata,571.36,Aspersao,Franco,Verao,11.86,194.05,65.85,4852.64,24.58,59.83,0.599,0
FAZ_00099,OrbSat_Field,Algodao,183.63,Gotejamento,Siltoso,Verao,2.76,54.3,44.41,2359.28,24.71,71.49,0.822,0
FAZ_00100,Sentinel_Agro,Batata,300.28,Aspersao,Argiloso,Inverno,9.41,134.96,53.33,2681.09,19.56,63.65,0.681,0
FAZ_00101,TerraScan_X,Cenoura,365.59,Gotejamento,Argiloso,Verao,4.71,90.94,48.5,2488.6,23.03,92.5,0.772,0
FAZ_00102,Sentinel_Agro,Cana_de_Acucar,141.47,Aspersao,Siltoso,Outono,11.49,5.36,41.04,800.0,25.89,70.93,0.898,0
FAZ_00103,TerraScan_X,Trigo,305.2,Aspersao,Arenoso,Primavera,10.06,65.13,43.3,2209.67,22.25,72.63,0.757,0
FAZ_00104,OrbSat_Field,Cana_de_Acucar,663.7,Gotejamento,Argiloso,Outono,28.82,114.08,67.96,7050.22,26.04,46.77,0.643,1
FAZ_00105,Sentinel_Agro,Cana_de_Acucar,542.81,Gotejamento,Siltoso,Inverno,14.73,164.3,64.72,5993.64,29.82,66.66,0.709,1
FAZ_00106,AgroSat_BR,Cenoura,237.47,Inundacao,Siltoso,Verao,4.43,64.0,43.4,4985.94,29.27,63.89,0.757,0
FAZ_00107,Gaia_Vision,Soja,521.66,Aspersao,Franco,Primavera,18.12,96.19,71.39,4016.48,22.32,67.22,0.69,0
FAZ_00108,TerraScan_X,Arroz,552.37,Gotejamento,Arenoso,Verao,9.0,74.57,48.6,6892.64,34.64,58.15,,1
FAZ_00109,Gaia_Vision,Cenoura,492.96,Sequeiro,Organico,Verao,16.52,124.27,37.47,3688.53,34.25,54.67,0.644,1
FAZ_00110,Gaia_Vision,Arroz,476.48,Aspersao,Siltoso,Primavera,16.22,98.09,70.15,4059.51,18.76,90.59,0.8,0
FAZ_00111,Sentinel_Agro,Cenoura,349.94,Inundacao,Franco,Primavera,11.96,64.64,60.0,7526.17,32.1,43.23,0.614,0
FAZ_00112,Gaia_Vision,Arroz,611.83,Sequeiro,Organico,Outono,7.83,39.88,76.68,7692.11,20.22,77.25,0.812,0
FAZ_00113,AgroSat_BR,Batata,583.37,Aspersao,Franco,Outono,14.87,197.55,45.69,8275.99,19.38,82.55,,1
FAZ_00114,Gaia_Vision,Cenoura,725.55,Manual,Franco,Outono,16.1,121.6,86.81,8765.46,31.67,42.27,0.561,1
FAZ_00115,Sentinel_Agro,Cenoura,626.9,Sequeiro,Calcario,Outono,23.28,136.78,49.07,4755.49,31.52,37.79,0.535,1
FAZ_00116,AgroSat_BR,Cenoura,230.53,Gotejamento,Arenoso,Outono,5.05,65.74,43.56,2204.03,22.83,63.49,0.65,0
FAZ_00117,OrbSat_Field,Arroz,352.83,Sequeiro,Argiloso,Inverno,9.56,71.83,45.42,4852.25,23.65,59.26,0.545,0
FAZ_00118,Gaia_Vision,Soja,97.67,Gotejamento,Arenoso,Inverno,2.88,30.41,40.8,1565.2,15.92,67.56,0.708,0
FAZ_00119,Sentinel_Agro,Tomate,243.44,Aspersao,Organico,Verao,12.83,127.12,46.29,3381.64,32.33,64.8,0.635,0
FAZ_00120,OrbSat_Field,Arroz,272.95,Manual,Calcario,Verao,6.59,75.97,46.11,1490.17,20.9,56.1,0.59,0
FAZ_00121,OrbSat_Field,Algodao,314.43,Sequeiro,Arenoso,Outono,9.2,124.07,35.45,4780.15,30.94,59.79,0.704,0
FAZ_00122,TerraScan_X,Milho,687.26,Inundacao,Argiloso,Verao,26.76,89.55,76.11,9529.5,28.28,54.86,0.597,1
FAZ_00123,AgroSat_BR,Soja,511.8,Gotejamento,,Inverno,7.52,77.21,61.58,6423.98,14.14,79.34,0.818,0
FAZ_00124,Gaia_Vision,Batata,600.16,Inundacao,Arenoso,Inverno,13.72,152.53,70.1,10884.72,20.76,76.44,0.663,0
FAZ_00125,Sentinel_Agro,Cana_de_Acucar,562.57,Inundacao,Arenoso,Verao,17.91,82.16,58.24,7153.17,21.37,75.41,0.706,1
FAZ_00126,TerraScan_X,Arroz,322.87,Aspersao,Siltoso,Outono,6.42,93.89,47.23,4664.03,26.82,74.04,0.782,0
FAZ_00127,AgroSat_BR,Cenoura,611.31,Sequeiro,Siltoso,Inverno,11.61,124.79,70.72,5404.65,21.58,54.45,0.72,0
FAZ_00128,TerraScan_X,Arroz,309.07,Aspersao,Arenoso,Primavera,7.17,99.2,43.76,3136.76,26.96,57.28,0.601,0
FAZ_00129,AgroSat_BR,Trigo,739.48,Gotejamento,Argiloso,Primavera,10.38,86.5,92.72,9110.65,22.16,67.5,0.687,0
FAZ_00130,AgroSat_BR,Soja,297.72,Gotejamento,Argiloso,Verao,10.44,74.25,69.01,1841.86,21.16,90.8,0.893,0
FAZ_00131,Gaia_Vision,Tomate,543.82,Aspersao,Argiloso,Outono,20.43,222.32,50.43,5772.56,21.5,62.08,0.637,0
FAZ_00132,AgroSat_BR,Batata,442.74,Inundacao,Argiloso,Verao,8.3,131.3,49.04,6555.64,20.42,72.21,0.737,1
FAZ_00133,TerraScan_X,Trigo,175.1,Gotejamento,Calcario,Outono,3.22,35.02,50.56,2050.26,30.92,50.5,0.718,0
FAZ_00134,AgroSat_BR,Trigo,306.47,Manual,Calcario,Outono,7.71,43.17,65.85,3546.76,18.93,73.81,0.852,0
FAZ_00135,Gaia_Vision,Arroz,392.19,Gotejamento,Franco,Primavera,13.85,116.99,56.18,5117.32,14.7,73.76,0.793,0
FAZ_00136,Gaia_Vision,Batata,277.05,Aspersao,Arenoso,Inverno,5.33,42.46,45.78,2825.48,21.56,77.84,0.76,0
FAZ_00137,TerraScan_X,Arroz,341.93,Manual,Arenoso,Inverno,14.5,120.95,54.53,4001.67,32.06,45.59,0.6,1
FAZ_00138,OrbSat_Field,Cana_de_Acucar,620.63,Gotejamento,Franco,Verao,20.25,94.51,82.64,6110.16,27.99,60.43,0.654,0
FAZ_00139,OrbSat_Field,Batata,310.95,Inundacao,Argiloso,Verao,12.4,129.97,45.93,5295.21,31.35,53.38,0.685,1
FAZ_00140,AgroSat_BR,Cana_de_Acucar,181.24,Manual,Organico,Outono,11.64,18.1,47.04,2892.9,17.75,62.97,0.846,0
FAZ_00141,Sentinel_Agro,Soja,135.13,Inundacao,Organico,Inverno,3.47,23.48,37.22,3453.91,20.89,56.43,0.761,0
FAZ_00142,AgroSat_BR,Soja,380.04,Aspersao,Franco,Outono,12.46,94.95,54.86,3035.46,14.04,77.26,0.828,0
FAZ_00143,TerraScan_X,Cana_de_Acucar,382.62,Manual,Organico,Primavera,8.0,98.98,51.1,4225.32,14.62,74.94,0.809,0
FAZ_00144,TerraScan_X,Soja,971.52,Sequeiro,Siltoso,Primavera,35.0,217.01,51.84,12773.96,31.97,27.44,0.391,1
FAZ_00145,TerraScan_X,Batata,424.2,Gotejamento,Arenoso,Outono,13.5,133.44,55.5,3543.56,22.99,73.65,0.698,0
FAZ_00146,TerraScan_X,Cenoura,394.22,Inundacao,Organico,Outono,9.35,58.26,47.27,6892.43,27.62,43.28,0.704,1
FAZ_00147,TerraScan_X,Algodao,323.86,Gotejamento,Calcario,Outono,7.8,126.98,48.7,1616.43,36.64,59.74,0.581,0
FAZ_00148,Gaia_Vision,Soja,386.55,Gotejamento,Calcario,Outono,14.61,72.95,59.66,2227.15,18.88,96.33,0.95,0
FAZ_00149,OrbSat_Field,Soja,749.44,Aspersao,Siltoso,Outono,12.61,123.83,55.14,7589.88,28.12,64.46,0.526,1
FAZ_00150,TerraScan_X,Arroz,748.59,Sequeiro,Arenoso,Primavera,18.93,161.34,59.33,9058.7,18.01,71.12,0.592,1
FAZ_00151,Sentinel_Agro,Cana_de_Acucar,454.29,Inundacao,Siltoso,Primavera,9.73,91.44,71.8,7437.23,20.39,56.4,0.661,0
FAZ_00152,Sentinel_Agro,Milho,222.51,Aspersao,Arenoso,Primavera,12.33,59.18,33.55,2352.5,28.67,63.57,0.665,0
FAZ_00153,Sentinel_Agro,Tomate,407.74,Gotejamento,Arenoso,Verao,17.36,114.21,55.73,4116.91,27.19,52.49,0.623,0
FAZ_00154,Sentinel_Agro,Trigo,193.81,Sequeiro,Organico,Primavera,2.96,18.24,47.61,2449.27,22.86,74.08,0.719,0
FAZ_00155,Gaia_Vision,Soja,567.38,Aspersao,Calcario,Inverno,7.93,130.33,81.31,3660.65,14.72,69.92,0.729,0
FAZ_00156,Sentinel_Agro,Trigo,326.58,Aspersao,Franco,Inverno,5.62,90.32,63.89,2937.38,17.62,76.23,0.713,0
FAZ_00157,TerraScan_X,Batata,154.49,Sequeiro,Organico,Outono,4.03,90.79,39.22,1524.02,22.19,80.21,0.84,0
FAZ_00158,AgroSat_BR,Milho,279.57,Inundacao,Argiloso,Primavera,9.68,34.04,45.09,7971.58,27.11,57.64,0.639,1
FAZ_00159,Sentinel_Agro,Tomate,471.75,Gotejamento,Siltoso,Outono,11.11,99.4,72.85,2727.66,24.96,68.35,0.734,0
FAZ_00160,Gaia_Vision,Cana_de_Acucar,650.48,Aspersao,Argiloso,Outono,28.3,111.79,90.73,9675.4,24.87,72.64,0.809,1
FAZ_00161,Gaia_Vision,Algodao,415.77,Sequeiro,Arenoso,Inverno,5.64,201.68,52.45,6421.21,24.73,74.92,0.571,1
FAZ_00162,Sentinel_Agro,Tomate,523.49,Sequeiro,Organico,Inverno,19.0,133.45,64.24,5506.21,28.02,55.36,0.61,1
FAZ_00163,AgroSat_BR,Tomate,627.36,Gotejamento,Argiloso,Outono,17.54,245.43,78.66,5439.03,10.39,98.0,0.747,0
FAZ_00164,Sentinel_Agro,Algodao,510.55,Aspersao,Argiloso,Inverno,6.2,235.79,55.74,8017.4,31.61,65.97,0.563,1
FAZ_00165,Gaia_Vision,Cenoura,517.31,Gotejamento,Calcario,Outono,11.95,121.85,54.52,3613.51,24.31,76.76,0.734,0
FAZ_00166,OrbSat_Field,Cana_de_Acucar,361.6,Inundacao,Argiloso,Outono,12.18,39.45,38.81,4972.73,38.16,54.91,0.593,0
FAZ_00167,TerraScan_X,Arroz,398.27,Manual,Calcario,Outono,8.43,104.7,63.2,3245.44,27.84,60.49,0.693,0
FAZ_00168,Gaia_Vision,Trigo,403.25,Aspersao,Calcario,Verao,5.06,127.54,43.73,4066.34,32.13,59.44,0.623,0
FAZ_00169,Sentinel_Agro,Soja,206.8,Manual,Arenoso,Inverno,3.72,10.15,47.03,1489.3,17.87,67.76,0.724,0
FAZ_00170,TerraScan_X,Tomate,401.47,Inundacao,Calcario,Inverno,13.76,215.64,45.82,10784.99,17.19,63.18,0.64,1
FAZ_00171,Sentinel_Agro,Batata,283.71,Manual,Arenoso,Primavera,6.1,103.4,32.9,1894.77,31.7,45.44,0.493,0
FAZ_00172,Sentinel_Agro,Algodao,374.92,Sequeiro,Calcario,Inverno,5.84,112.13,36.58,5135.54,21.25,61.97,0.669,0
FAZ_00173,OrbSat_Field,Trigo,552.27,Aspersao,Calcario,Primavera,12.92,181.61,44.65,3522.42,31.16,60.03,0.446,1
FAZ_00174,TerraScan_X,Milho,264.8,Aspersao,Arenoso,Outono,11.8,72.17,45.32,1607.53,20.5,69.26,0.812,0
FAZ_00175,TerraScan_X,Algodao,436.56,Inundacao,Argiloso,Verao,13.53,172.24,60.35,8714.42,27.2,50.14,0.628,1
FAZ_00176,OrbSat_Field,Milho,480.86,Manual,Siltoso,Outono,18.93,72.73,66.07,6223.5,5.16,89.32,0.83,0
FAZ_00177,Gaia_Vision,Cana_de_Acucar,498.01,Gotejamento,Organico,Outono,14.85,152.41,72.01,4014.22,13.68,97.41,0.943,0
FAZ_00178,Sentinel_Agro,Tomate,322.31,Manual,Organico,Outono,12.71,103.56,67.84,3064.14,26.4,78.06,0.787,0
FAZ_00179,AgroSat_BR,Batata,487.33,Gotejamento,Arenoso,Primavera,12.78,245.63,47.81,3200.94,15.8,85.74,0.505,1
FAZ_00180,Sentinel_Agro,Soja,691.67,Gotejamento,Argiloso,Verao,12.31,180.19,72.44,8318.91,34.52,45.23,0.467,1
FAZ_00181,Sentinel_Agro,Milho,569.04,Gotejamento,Siltoso,Outono,13.13,75.2,59.1,4351.59,23.25,88.12,0.874,0
FAZ_00182,Gaia_Vision,Trigo,415.11,Sequeiro,Franco,Primavera,10.91,84.6,44.22,3564.49,22.23,70.11,0.702,0
FAZ_00183,Sentinel_Agro,Cenoura,556.38,Inundacao,Arenoso,Outono,14.46,101.49,64.84,10065.03,22.1,73.43,0.658,0
FAZ_00184,OrbSat_Field,Cana_de_Acucar,141.82,Gotejamento,Franco,Verao,6.91,2.02,40.33,800.0,33.9,72.21,0.839,0
FAZ_00185,OrbSat_Field,Cenoura,524.06,Sequeiro,Organico,Outono,16.11,57.8,56.94,4810.84,32.34,67.28,0.797,0
FAZ_00186,TerraScan_X,Cana_de_Acucar,153.55,Manual,Organico,Outono,10.49,2.64,44.04,800.0,11.77,77.12,0.794,0
FAZ_00187,AgroSat_BR,Arroz,206.1,Manual,Siltoso,Inverno,3.79,27.94,48.9,1854.7,23.04,,,0
FAZ_00188,Sentinel_Agro,Trigo,452.17,Gotejamento,Siltoso,Primavera,10.87,115.06,58.17,3925.02,28.23,77.57,0.74,0
FAZ_00189,Sentinel_Agro,Cenoura,345.22,Gotejamento,Franco,Verao,5.71,91.86,35.02,3135.64,30.68,31.8,0.512,0
FAZ_00190,Gaia_Vision,Batata,291.29,Aspersao,Organico,Primavera,6.98,92.36,55.43,2753.18,25.33,60.94,0.67,0
FAZ_00191,OrbSat_Field,Tomate,394.9,Manual,Siltoso,Inverno,12.54,134.57,54.2,2647.05,22.74,80.67,0.674,0
FAZ_00192,AgroSat_BR,Algodao,258.0,Inundacao,Siltoso,Outono,8.69,123.75,41.73,5613.12,32.45,47.5,0.532,0
FAZ_00193,TerraScan_X,Soja,319.01,Inundacao,Organico,Verao,8.32,82.73,56.68,6532.33,30.35,70.89,0.651,0
FAZ_00194,OrbSat_Field,Tomate,489.69,Manual,Organico,Verao,20.07,202.03,53.88,5892.14,20.52,60.02,0.498,1
FAZ_00195,TerraScan_X,Tomate,133.27,Gotejamento,Argiloso,Primavera,6.66,76.99,31.77,1535.72,24.83,58.31,0.613,1
FAZ_00196,Gaia_Vision,Cana_de_Acucar,209.51,Inundacao,Calcario,Outono,5.55,24.66,51.08,5444.05,19.25,70.31,0.76,0
FAZ_00197,Gaia_Vision,Batata,342.27,Aspersao,Siltoso,Inverno,6.58,192.12,50.24,3261.32,14.43,88.77,0.694,0
FAZ_00198,Sentinel_Agro,Cana_de_Acucar,721.41,Gotejamento,Franco,Outono,27.38,50.92,64.89,5728.08,23.25,67.48,0.716,0
FAZ_00199,AgroSat_BR,Milho,521.43,Gotejamento,Arenoso,Primavera,12.47,157.39,61.82,4286.67,24.62,73.64,0.648,0
FAZ_00200,TerraScan_X,Soja,477.52,Manual,Arenoso,Verao,9.77,156.36,56.86,2954.56,25.88,63.82,0.542,0
FAZ_00201,OrbSat_Field,Milho,595.43,Sequeiro,Organico,Verao,14.81,109.32,41.79,5803.47,38.66,49.47,0.595,1
FAZ_00202,Gaia_Vision,Algodao,328.11,Aspersao,Calcario,Outono,11.26,87.49,56.54,2803.54,23.98,97.14,0.95,0
FAZ_00203,Sentinel_Agro,Trigo,594.86,Gotejamento,Franco,Outono,19.34,73.9,55.61,5316.29,32.64,55.7,0.629,1
FAZ_00204,Sentinel_Agro,Algodao,308.48,Gotejamento,Argiloso,Outono,12.26,91.47,43.4,1256.07,21.12,77.53,,0
FAZ_00205,TerraScan_X,Algodao,451.17,Sequeiro,Siltoso,Outono,17.79,181.64,32.39,3076.78,35.17,44.98,0.535,1
FAZ_00206,Gaia_Vision,Arroz,244.15,Inundacao,Argiloso,Inverno,6.08,70.84,44.14,5565.44,15.38,62.36,0.759,0
FAZ_00207,AgroSat_BR,Soja,706.15,Sequeiro,Franco,Inverno,24.39,223.45,57.65,4732.55,25.5,60.18,0.535,0
FAZ_00208,Gaia_Vision,Cana_de_Acucar,337.98,Sequeiro,Argiloso,Inverno,12.84,80.67,34.68,2845.82,30.36,41.04,0.527,0
FAZ_00209,TerraScan_X,Batata,284.5,Aspersao,Organico,Inverno,6.31,96.48,47.64,2706.95,20.06,79.28,0.816,0
FAZ_00210,TerraScan_X,Milho,503.22,Gotejamento,Arenoso,Primavera,15.41,155.76,75.99,6037.93,21.87,76.87,0.707,1
FAZ_00211,Gaia_Vision,Algodao,314.03,Aspersao,Organico,Verao,5.33,142.61,46.92,2495.62,31.23,58.06,0.578,1
FAZ_00212,TerraScan_X,Milho,285.51,Gotejamento,Siltoso,Verao,15.87,35.74,39.08,4802.91,30.42,61.77,0.744,0
FAZ_00213,Gaia_Vision,Milho,188.47,Gotejamento,Organico,Primavera,7.99,38.5,55.96,1130.22,20.98,85.49,0.93,0
FAZ_00214,OrbSat_Field,Trigo,476.2,Gotejamento,Franco,Primavera,15.69,106.04,53.76,2390.62,22.5,69.93,0.811,0
FAZ_00215,Gaia_Vision,Soja,452.84,Inundacao,Franco,Inverno,16.98,100.42,50.43,8765.34,28.23,48.98,0.673,1
FAZ_00216,Gaia_Vision,Soja,295.17,Aspersao,Siltoso,Outono,7.29,69.96,58.58,3556.31,18.01,,0.778,0
FAZ_00217,TerraScan_X,Cenoura,231.09,Aspersao,Siltoso,Verao,3.51,66.6,44.23,1897.63,39.64,63.11,0.687,0
FAZ_00218,TerraScan_X,Tomate,696.27,Inundacao,Arenoso,Primavera,21.2,142.21,61.96,10174.24,18.37,85.18,0.703,1
FAZ_00219,Sentinel_Agro,Soja,658.61,Gotejamento,Argiloso,Outono,8.18,67.76,80.53,3821.57,30.17,65.63,0.715,0
FAZ_00220,Sentinel_Agro,Milho,420.0,Manual,Arenoso,Inverno,11.65,65.33,47.07,3538.46,30.16,58.23,0.638,0
FAZ_00221,OrbSat_Field,Cana_de_Acucar,696.13,Manual,Organico,Primavera,28.15,132.47,73.95,5288.78,20.78,64.46,0.709,0
FAZ_00222,Sentinel_Agro,Milho,842.92,Gotejamento,Argiloso,Verao,22.02,132.69,86.04,8244.25,34.41,56.99,0.604,1
FAZ_00223,Gaia_Vision,Cana_de_Acucar,494.89,Inundacao,Siltoso,Verao,10.2,104.39,62.11,6505.94,29.15,48.09,0.578,1
FAZ_00224,TerraScan_X,Cenoura,280.2,Aspersao,Franco,Verao,4.51,1.0,62.99,2820.34,20.41,74.87,0.876,0
FAZ_00225,Sentinel_Agro,Cana_de_Acucar,310.53,Gotejamento,Organico,Primavera,14.29,16.95,43.26,2140.74,26.09,65.91,0.691,0
FAZ_00226,Sentinel_Agro,Soja,247.36,Aspersao,Arenoso,Verao,6.86,47.75,48.93,2265.64,27.1,53.85,0.65,0
FAZ_00227,OrbSat_Field,Trigo,715.61,Sequeiro,Calcario,Inverno,24.69,190.97,69.52,5945.91,25.13,63.87,0.614,1
FAZ_00228,OrbSat_Field,Cana_de_Acucar,353.19,Gotejamento,Calcario,Verao,10.56,70.47,41.54,3405.5,31.2,52.2,0.64,0
FAZ_00229,Gaia_Vision,Milho,727.73,Aspersao,Siltoso,Inverno,18.46,114.66,68.1,5377.63,31.11,35.4,0.464,0
FAZ_00230,TerraScan_X,Batata,562.26,Manual,Argiloso,Verao,15.72,246.17,59.86,4048.2,30.51,54.38,0.489,1
FAZ_00231,OrbSat_Field,Soja,490.05,Aspersao,Calcario,Inverno,16.34,79.95,60.46,4792.2,22.16,66.67,0.747,0
FAZ_00232,Sentinel_Agro,Batata,903.38,Aspersao,Argiloso,Primavera,11.24,197.61,76.55,10753.4,28.41,60.66,0.587,1
FAZ_00233,TerraScan_X,Milho,297.79,Sequeiro,Franco,Inverno,15.09,58.93,44.42,2146.88,36.22,56.37,0.731,1
FAZ_00234,TerraScan_X,Tomate,274.67,Aspersao,Siltoso,Primavera,13.94,151.06,49.48,1216.82,29.93,49.4,0.611,1
FAZ_00235,Sentinel_Agro,Cenoura,438.05,Inundacao,Siltoso,Outono,6.24,44.5,54.61,8004.89,22.76,77.13,0.735,0
FAZ_00236,OrbSat_Field,Soja,598.46,Manual,Organico,Inverno,6.53,32.81,64.84,7731.29,20.14,70.89,0.649,0
FAZ_00237,Sentinel_Agro,Batata,146.98,Manual,Organico,Primavera,5.02,78.51,37.54,1523.05,16.21,81.14,0.808,0
FAZ_00238,TerraScan_X,Milho,558.25,Sequeiro,Argiloso,Outono,26.36,97.39,61.71,5550.6,21.43,56.46,0.627,0
FAZ_00239,AgroSat_BR,Tomate,236.9,Manual,Calcario,Verao,10.83,109.6,56.69,2201.43,18.06,87.88,0.798,0
FAZ_00240,AgroSat_BR,Milho,120.33,Inundacao,Calcario,Outono,7.61,12.82,37.03,3738.15,28.25,54.19,0.704,0
FAZ_00241,Gaia_Vision,Tomate,548.76,Sequeiro,Arenoso,Inverno,20.06,100.46,70.39,3862.16,12.68,72.52,0.636,0
FAZ_00242,Sentinel_Agro,Cana_de_Acucar,878.61,Sequeiro,Argiloso,Outono,35.0,198.49,94.98,10004.3,23.65,65.81,0.626,1
FAZ_00243,Sentinel_Agro,Arroz,309.46,Sequeiro,Calcario,Verao,8.45,53.95,41.26,3236.84,26.02,61.58,0.729,0
FAZ_00244,Gaia_Vision,Milho,503.94,Manual,Organico,Outono,20.15,154.66,52.86,5833.16,23.91,67.37,0.628,1
FAZ_00245,Gaia_Vision,Cana_de_Acucar,680.04,Gotejamento,Organico,Inverno,15.38,110.21,95.0,8247.05,26.81,69.51,0.725,0
FAZ_00246,Gaia_Vision,Soja,603.15,Manual,Organico,Inverno,15.83,116.84,46.48,6003.85,22.95,47.69,0.515,1
FAZ_00247,TerraScan_X,Cana_de_Acucar,516.93,Gotejamento,Argiloso,Primavera,20.09,104.3,66.37,5474.25,20.06,82.02,0.764,0
FAZ_00248,Sentinel_Agro,Algodao,694.6,Aspersao,Siltoso,Verao,23.27,244.37,79.36,3321.01,13.75,87.15,0.675,0
FAZ_00249,TerraScan_X,Algodao,400.19,Gotejamento,Arenoso,Verao,14.82,129.78,36.26,4704.66,28.97,55.77,0.65,1
FAZ_00250,Gaia_Vision,Milho,462.01,Sequeiro,Arenoso,Outono,22.03,119.16,49.79,3706.24,27.36,47.47,0.544,1
FAZ_00251,Sentinel_Agro,Batata,186.48,Aspersao,Organico,Verao,4.7,91.67,52.58,2284.09,25.64,72.53,0.807,0
FAZ_00252,TerraScan_X,Batata,680.23,Manual,Franco,Inverno,19.59,212.41,61.58,5311.3,25.15,64.85,0.599,1
FAZ_00253,TerraScan_X,Soja,158.3,Inundacao,Argiloso,Outono,3.45,23.64,36.99,5932.74,25.08,71.73,0.756,1
FAZ_00254,Gaia_Vision,Cana_de_Acucar,161.48,Gotejamento,Calcario,Primavera,10.1,31.57,40.36,1630.18,32.06,72.27,0.781,0
FAZ_00255,Sentinel_Agro,Batata,171.96,Inundacao,Calcario,Outono,2.85,37.99,43.61,6434.64,29.58,73.63,0.738,0
FAZ_00256,Gaia_Vision,Tomate,1248.23,Inundacao,Siltoso,Outono,35.0,200.15,68.46,17680.49,25.08,56.53,0.551,1
FAZ_00257,Sentinel_Agro,Tomate,359.26,Sequeiro,Organico,Primavera,13.31,160.12,39.32,4052.13,24.25,53.07,0.655,1
FAZ_00258,AgroSat_BR,Soja,480.72,Gotejamento,Franco,Outono,14.23,107.15,53.06,5184.0,13.63,69.17,0.748,0
FAZ_00259,OrbSat_Field,Cenoura,492.4,Aspersao,Organico,Verao,8.57,121.87,55.53,6188.58,19.78,68.8,0.733,0
FAZ_00260,OrbSat_Field,Cana_de_Acucar,365.87,Inundacao,Franco,Outono,12.79,38.68,63.37,7487.6,17.96,78.34,0.865,0
FAZ_00261,OrbSat_Field,Milho,514.7,Gotejamento,Arenoso,Outono,13.47,91.01,61.5,3178.71,26.9,53.48,0.58,0
FAZ_00262,Gaia_Vision,Trigo,414.42,Gotejamento,Franco,Outono,6.31,109.5,39.78,2756.11,28.32,53.23,0.618,1
FAZ_00263,AgroSat_BR,Trigo,277.76,Gotejamento,Arenoso,Inverno,4.22,54.1,49.49,1080.14,17.93,70.4,0.704,0
FAZ_00264,Sentinel_Agro,Trigo,500.63,Inundacao,Arenoso,Inverno,11.36,74.55,69.89,7591.67,26.84,61.57,0.691,0
FAZ_00265,TerraScan_X,Batata,361.82,Aspersao,Argiloso,Verao,14.45,144.14,46.35,4961.81,39.84,59.93,0.615,1
FAZ_00266,Sentinel_Agro,Cenoura,511.26,Inundacao,Franco,Primavera,14.18,117.17,62.8,8317.63,29.4,56.47,0.569,0
FAZ_00267,TerraScan_X,Cenoura,250.04,Sequeiro,Siltoso,Inverno,4.74,83.13,40.21,2445.46,23.53,56.0,0.625,1
FAZ_00268,Sentinel_Agro,Cana_de_Acucar,400.48,Manual,Siltoso,Inverno,16.96,65.17,57.09,3311.09,17.35,77.78,0.934,0
FAZ_00269,AgroSat_BR,Cana_de_Acucar,428.54,Aspersao,Franco,Verao,12.16,134.58,64.28,3906.59,22.42,68.95,0.744,0
FAZ_00270,TerraScan_X,Cenoura,808.31,Aspersao,Argiloso,Verao,22.47,244.67,66.29,9755.8,24.55,44.85,0.426,1
FAZ_00271,Gaia_Vision,Soja,603.12,Gotejamento,Siltoso,Primavera,19.17,119.11,77.88,4987.65,33.97,66.53,0.57,0
FAZ_00272,Sentinel_Agro,Cana_de_Acucar,564.31,Gotejamento,Organico,Outono,25.27,172.27,45.71,5920.12,24.1,77.06,0.73,1
FAZ_00273,Sentinel_Agro,Soja,766.5,Aspersao,Siltoso,Outono,12.5,216.15,91.15,5703.03,31.74,71.6,0.676,0
FAZ_00274,TerraScan_X,Algodao,326.53,Aspersao,Argiloso,Primavera,12.47,137.56,64.82,2253.81,11.43,76.13,0.803,0
FAZ_00275,Gaia_Vision,Tomate,331.77,Inundacao,Arenoso,Primavera,18.31,143.6,53.15,7402.76,20.4,70.07,0.638,1
FAZ_00276,Gaia_Vision,Cana_de_Acucar,377.14,Sequeiro,Arenoso,Primavera,11.93,30.75,63.63,3566.52,18.39,80.14,0.769,0
FAZ_00277,AgroSat_BR,Cenoura,566.22,Sequeiro,Arenoso,Verao,11.15,167.58,39.46,5248.92,28.46,69.27,0.664,0
FAZ_00278,Gaia_Vision,Tomate,376.62,Gotejamento,Argiloso,Outono,19.74,151.67,59.42,3322.03,30.35,59.13,0.662,0
FAZ_00279,Gaia_Vision,Tomate,417.16,Inundacao,Arenoso,Primavera,20.41,165.81,44.97,9159.11,32.64,42.69,0.515,1
FAZ_00280,Gaia_Vision,Arroz,737.64,Gotejamento,Arenoso,Primavera,18.36,113.42,77.44,9470.59,22.5,61.25,0.536,1
FAZ_00281,OrbSat_Field,Cenoura,310.69,Inundacao,Argiloso,Outono,4.93,71.7,39.95,6306.12,30.86,26.97,0.582,1
FAZ_00282,AgroSat_BR,Cenoura,235.88,Gotejamento,Organico,Outono,8.9,4.34,56.67,1486.2,25.23,69.75,0.812,0
FAZ_00283,Sentinel_Agro,Cana_de_Acucar,346.2,Sequeiro,Siltoso,Verao,9.16,77.32,42.82,4227.58,27.57,45.87,0.599,0
FAZ_00284,TerraScan_X,Milho,95.88,Sequeiro,Argiloso,Inverno,4.15,23.82,38.55,854.62,25.26,71.86,0.765,0
FAZ_00285,Sentinel_Agro,Algodao,297.44,Gotejamento,Argiloso,Inverno,5.4,88.44,39.33,1726.89,17.76,64.65,0.776,0
FAZ_00286,AgroSat_BR,Soja,533.55,Manual,Franco,Verao,13.86,147.85,54.15,4257.38,30.91,56.23,0.525,1
FAZ_00287,TerraScan_X,Milho,145.3,Inundacao,Arenoso,Verao,6.35,36.26,30.91,4412.88,23.97,46.04,0.481,0
FAZ_00288,AgroSat_BR,Algodao,671.2,Aspersao,Calcario,Outono,12.41,91.82,58.31,5935.73,16.17,86.15,0.733,0
FAZ_00289,Gaia_Vision,Milho,300.44,Inundacao,Organico,Verao,11.38,57.87,56.28,5920.71,29.14,71.41,0.83,0
FAZ_00290,TerraScan_X,Soja,197.0,Inundacao,Calcario,Verao,1.79,27.24,47.93,4430.36,24.74,70.92,0.76,0
FAZ_00291,Gaia_Vision,Batata,514.72,Sequeiro,Franco,Primavera,12.01,221.8,53.35,5118.0,32.93,61.44,0.422,0
FAZ_00292,Sentinel_Agro,Cenoura,756.14,Manual,Organico,Verao,14.3,180.59,92.72,6414.75,37.87,55.52,0.548,1
FAZ_00293,Sentinel_Agro,Milho,435.59,Inundacao,Arenoso,Verao,16.65,55.98,76.01,8636.27,23.67,73.55,0.795,1
FAZ_00294,TerraScan_X,Cana_de_Acucar,179.28,Manual,Calcario,Primavera,9.94,9.92,46.4,2781.49,24.49,58.4,0.659,0
FAZ_00295,TerraScan_X,Trigo,494.43,Sequeiro,Arenoso,Outono,14.47,185.64,45.62,6291.43,34.53,30.14,0.388,1
FAZ_00296,AgroSat_BR,Cana_de_Acucar,190.93,Aspersao,Arenoso,Outono,14.13,42.22,38.68,1945.02,27.27,69.32,0.66,0
FAZ_00297,AgroSat_BR,Soja,304.79,Gotejamento,Siltoso,Verao,8.45,66.75,52.07,3437.6,29.63,63.04,0.826,0
FAZ_00298,Gaia_Vision,Cana_de_Acucar,641.94,Manual,Organico,Verao,28.28,186.37,70.64,5861.57,27.07,66.22,0.592,1
FAZ_00299,TerraScan_X,Tomate,327.36,Sequeiro,Organico,Inverno,14.15,102.97,41.92,2747.31,22.7,73.92,0.656,0
FAZ_00300,Sentinel_Agro,Cenoura,409.01,Gotejamento,Franco,Primavera,15.58,33.13,62.37,3140.7,28.3,70.24,0.785,0
FAZ_00301,AgroSat_BR,Tomate,443.85,Aspersao,Argiloso,Inverno,15.69,214.18,49.29,5411.81,19.98,54.34,0.514,1
FAZ_00302,AgroSat_BR,Cana_de_Acucar,102.52,Gotejamento,Arenoso,Verao,4.1,28.51,25.3,800.0,39.42,39.7,0.515,1
FAZ_00303,Sentinel_Agro,Algodao,299.72,Manual,Arenoso,Inverno,4.94,106.08,53.24,4134.88,25.94,60.2,0.649,0
FAZ_00304,AgroSat_BR,Arroz,497.16,Sequeiro,Calcario,Inverno,,50.57,48.92,5431.94,28.03,64.48,0.727,0
FAZ_00305,Gaia_Vision,Algodao,203.56,Aspersao,Franco,Outono,5.73,89.56,33.87,3172.02,27.86,59.3,0.631,0
FAZ_00306,TerraScan_X,Cenoura,605.3,Aspersao,Organico,Primavera,21.03,108.33,60.04,8757.11,25.48,65.8,0.645,0
FAZ_00307,Sentinel_Agro,Cenoura,234.86,Sequeiro,Siltoso,Outono,5.48,32.46,41.26,1564.31,29.45,65.55,0.694,0
FAZ_00308,TerraScan_X,Tomate,276.24,Gotejamento,Organico,Outono,7.55,115.27,46.59,1171.05,29.96,63.75,0.669,0
FAZ_00309,AgroSat_BR,Arroz,361.31,Sequeiro,Siltoso,Inverno,2.72,65.24,47.48,2461.58,17.65,81.97,0.802,0
FAZ_00310,AgroSat_BR,Cana_de_Acucar,490.01,Aspersao,Siltoso,Primavera,16.41,141.48,56.59,3517.6,23.4,70.92,0.661,0
FAZ_00311,Sentinel_Agro,Soja,444.21,Inundacao,Organico,Verao,4.49,164.15,56.9,11855.35,27.3,55.72,0.574,1
FAZ_00312,Gaia_Vision,Algodao,167.96,Inundacao,Calcario,Primavera,3.28,70.38,28.65,5054.2,34.27,39.49,0.509,0
FAZ_00313,OrbSat_Field,Algodao,324.2,Inundacao,Arenoso,Outono,9.12,77.21,46.28,8198.63,33.16,42.43,0.548,1
FAZ_00314,Sentinel_Agro,Trigo,178.33,Sequeiro,Siltoso,Inverno,7.67,47.4,26.82,815.53,24.45,,0.632,1
FAZ_00315,OrbSat_Field,Arroz,689.32,Sequeiro,Calcario,Verao,13.87,109.05,63.39,8264.14,42.86,58.78,0.805,0
FAZ_00316,OrbSat_Field,Soja,763.96,Manual,Franco,Outono,20.84,182.78,95.0,8123.07,21.41,87.42,0.735,1
FAZ_00317,Gaia_Vision,Algodao,329.89,Gotejamento,Franco,Inverno,5.27,151.18,61.65,2696.06,24.77,66.87,0.643,0
FAZ_00318,OrbSat_Field,Soja,327.28,Aspersao,Siltoso,Outono,9.95,70.5,55.4,4084.32,19.01,87.52,0.885,0
FAZ_00319,OrbSat_Field,Cana_de_Acucar,374.5,Aspersao,Arenoso,Inverno,15.23,47.52,69.57,864.49,14.51,87.46,0.842,0
FAZ_00320,Gaia_Vision,Soja,663.18,Sequeiro,Siltoso,Primavera,12.32,171.71,48.36,8204.26,17.69,65.04,0.536,1
FAZ_00321,OrbSat_Field,Algodao,197.29,Inundacao,Franco,Outono,3.87,66.2,48.89,6990.2,14.32,64.59,,0
FAZ_00322,OrbSat_Field,Tomate,378.12,Sequeiro,Franco,Primavera,13.11,60.82,34.56,4244.36,24.03,66.62,0.68,0
FAZ_00323,OrbSat_Field,Arroz,397.55,Sequeiro,Organico,Primavera,12.36,129.97,48.62,4897.74,24.32,50.39,0.558,0
FAZ_00324,Sentinel_Agro,Cenoura,223.13,Inundacao,Arenoso,Inverno,9.23,56.56,41.44,5598.75,28.69,78.73,0.714,0
FAZ_00325,Sentinel_Agro,Milho,110.67,Sequeiro,Organico,Verao,7.31,32.48,29.58,800.0,29.95,59.16,0.704,0
FAZ_00326,Sentinel_Agro,Batata,453.6,Sequeiro,Calcario,Primavera,5.95,94.95,55.35,5032.11,24.77,71.83,0.801,0
FAZ_00327,Gaia_Vision,Batata,361.88,Manual,Calcario,Outono,11.66,122.25,44.13,3210.3,35.35,48.68,0.528,0
FAZ_00328,AgroSat_BR,Milho,520.98,Inundacao,Calcario,Outono,21.64,149.25,69.07,7741.79,31.04,68.1,0.634,1
FAZ_00329,OrbSat_Field,Soja,659.23,Manual,Argiloso,Inverno,17.11,120.13,81.8,6565.17,20.96,77.29,0.739,0
FAZ_00330,OrbSat_Field,Arroz,780.38,Gotejamento,Calcario,Primavera,12.87,112.33,90.25,10560.42,19.45,79.32,0.787,0
FAZ_00331,Gaia_Vision,Soja,545.51,Inundacao,Siltoso,Verao,13.84,74.21,66.88,11486.22,22.48,48.18,0.638,0
FAZ_00332,OrbSat_Field,Cenoura,289.75,Gotejamento,Organico,Verao,7.52,47.73,54.96,2709.49,28.38,55.3,0.678,0
FAZ_00333,Sentinel_Agro,Arroz,187.92,Gotejamento,,Outono,4.67,61.24,31.59,1797.83,35.76,62.91,0.663,0
FAZ_00334,AgroSat_BR,Milho,273.15,Sequeiro,Arenoso,Inverno,11.54,75.04,44.07,2207.89,14.37,84.5,0.777,0
FAZ_00335,TerraScan_X,Soja,1438.62,Inundacao,Calcario,Primavera,25.34,298.53,95.0,15815.54,13.06,,0.737,1
FAZ_00336,OrbSat_Field,Trigo,438.79,Aspersao,Siltoso,Outono,9.37,135.87,47.65,5030.54,16.01,85.88,0.735,0
FAZ_00337,Sentinel_Agro,Algodao,276.02,Aspersao,Siltoso,Inverno,8.42,71.89,47.02,3579.89,19.9,84.47,0.893,0
FAZ_00338,TerraScan_X,Tomate,534.7,Sequeiro,Siltoso,Verao,17.85,180.13,55.15,4641.18,32.06,57.56,0.598,1
FAZ_00339,AgroSat_BR,Tomate,463.67,Sequeiro,Siltoso,Outono,10.82,225.32,56.76,3955.94,32.56,58.39,0.577,0
FAZ_00340,TerraScan_X,Cenoura,242.41,Gotejamento,Siltoso,Inverno,4.28,38.87,42.37,2585.48,28.13,80.88,0.815,0
FAZ_00341,Sentinel_Agro,Soja,354.24,Sequeiro,Arenoso,Verao,10.58,108.65,39.44,3082.31,25.56,60.96,0.506,0
FAZ_00342,TerraScan_X,Cana_de_Acucar,386.9,Aspersao,Argiloso,Inverno,8.98,80.5,63.03,3377.74,19.47,90.29,0.895,0
FAZ_00343,Gaia_Vision,Arroz,329.77,Inundacao,Franco,Outono,10.08,60.87,30.88,7283.15,29.6,37.56,0.482,1
FAZ_00344,TerraScan_X,Soja,307.98,Manual,Argiloso,Primavera,8.22,52.82,48.01,3005.05,23.13,62.0,0.725,0
FAZ_00345,OrbSat_Field,Arroz,440.5,Sequeiro,Franco,Inverno,9.9,116.23,57.12,3387.34,15.56,67.85,0.634,0
FAZ_00346,OrbSat_Field,Trigo,171.34,Sequeiro,Organico,Primavera,5.56,45.79,40.9,800.0,21.09,73.32,0.857,0
FAZ_00347,Gaia_Vision,Tomate,518.98,Aspersao,Siltoso,Outono,17.88,133.06,60.91,7701.5,34.06,52.5,0.557,1
FAZ_00348,Sentinel_Agro,Algodao,462.99,Inundacao,Organico,Verao,9.7,168.84,45.63,8013.52,25.67,54.55,0.589,1
FAZ_00349,OrbSat_Field,Tomate,285.13,Aspersao,Organico,Inverno,11.13,139.09,47.14,1579.68,14.77,71.12,0.59,1
FAZ_00350,AgroSat_BR,Cana_de_Acucar,663.86,Inundacao,Franco,Verao,14.15,187.18,58.71,9161.48,32.14,59.1,0.506,1
FAZ_00351,OrbSat_Field,Cana_de_Acucar,558.27,Inundacao,Arenoso,Primavera,19.5,56.65,52.39,10960.39,26.38,63.81,0.618,1
FAZ_00352,OrbSat_Field,Batata,279.82,Aspersao,Siltoso,Primavera,4.97,151.7,53.06,3159.98,14.52,87.96,0.79,0
FAZ_00353,Sentinel_Agro,Batata,497.09,Aspersao,Calcario,Verao,14.14,104.41,55.87,3283.47,34.37,55.43,0.683,0
FAZ_00354,TerraScan_X,Cana_de_Acucar,291.79,Gotejamento,Organico,Outono,11.6,56.63,61.98,3306.37,23.35,74.71,0.762,0
FAZ_00355,OrbSat_Field,Milho,378.27,Inundacao,Argiloso,Primavera,11.16,66.33,46.29,6330.54,35.12,44.41,0.521,1
FAZ_00356,Gaia_Vision,Trigo,436.33,Manual,Siltoso,Outono,15.63,36.97,65.36,4309.71,21.68,68.1,0.729,0
FAZ_00357,TerraScan_X,Arroz,276.26,Aspersao,Arenoso,Verao,11.37,50.52,42.07,2460.77,31.4,75.29,0.751,0
FAZ_00358,AgroSat_BR,Trigo,535.69,Sequeiro,Siltoso,Outono,15.94,157.32,53.86,2393.43,29.7,55.37,0.643,1
FAZ_00359,Sentinel_Agro,Cenoura,400.62,Gotejamento,Calcario,Primavera,6.43,123.11,47.96,4361.68,29.18,61.2,0.692,0
FAZ_00360,AgroSat_BR,Algodao,415.72,Inundacao,Calcario,Verao,6.35,88.39,47.15,9566.05,26.22,59.13,0.662,0
FAZ_00361,TerraScan_X,Trigo,399.97,Inundacao,Organico,Outono,11.11,73.86,70.22,6532.74,18.75,71.75,0.814,0
FAZ_00362,TerraScan_X,Cana_de_Acucar,592.47,Gotejamento,Argiloso,Outono,21.34,154.53,75.96,3812.81,27.91,72.34,0.761,1
FAZ_00363,TerraScan_X,Tomate,651.36,Gotejamento,Organico,Inverno,23.58,97.86,69.73,3949.19,20.38,74.27,0.785,0
FAZ_00364,AgroSat_BR,Cenoura,752.44,Sequeiro,Arenoso,Primavera,27.56,183.92,54.83,8077.05,32.3,52.33,0.388,1
FAZ_00365,TerraScan_X,Cana_de_Acucar,1018.62,Inundacao,Franco,Inverno,34.52,175.03,91.97,16110.89,23.35,71.99,0.525,1
FAZ_00366,AgroSat_BR,Trigo,235.92,Aspersao,Calcario,Outono,9.32,61.39,37.68,3331.69,28.23,63.21,0.671,0
FAZ_00367,TerraScan_X,Tomate,382.34,Aspersao,Argiloso,Primavera,10.99,115.52,60.72,5124.41,19.23,77.09,0.668,0
FAZ_00368,Gaia_Vision,Algodao,397.4,Sequeiro,Calcario,Verao,11.95,137.16,53.41,3135.23,35.58,48.46,0.678,0
FAZ_00369,TerraScan_X,Trigo,270.7,Aspersao,Arenoso,Verao,11.22,39.66,51.43,3575.42,36.78,56.08,0.654,0
FAZ_00370,AgroSat_BR,Arroz,220.2,Sequeiro,Arenoso,Verao,3.71,12.97,33.77,2083.42,31.12,57.72,0.632,0
FAZ_00371,OrbSat_Field,Soja,387.49,Aspersao,Calcario,Outono,14.56,109.12,37.58,3953.78,23.51,73.98,0.767,0
FAZ_00372,TerraScan_X,Tomate,747.84,Inundacao,Organico,Outono,25.13,203.15,43.37,10533.62,26.6,56.53,0.462,1
FAZ_00373,OrbSat_Field,Trigo,266.77,Gotejamento,Calcario,Verao,9.72,44.13,57.01,3452.5,24.39,77.16,0.875,0
FAZ_00374,Gaia_Vision,Cana_de_Acucar,214.89,Manual,Organico,Inverno,10.81,25.32,58.74,2115.86,7.18,78.77,0.909,0
FAZ_00375,Sentinel_Agro,Arroz,431.67,Manual,Calcario,Inverno,10.21,76.64,60.29,5148.77,5.0,81.66,0.772,0
FAZ_00376,Gaia_Vision,Milho,557.83,Inundacao,Organico,Primavera,14.82,94.9,78.62,9406.63,17.35,76.56,0.752,0
FAZ_00377,TerraScan_X,Tomate,368.43,Gotejamento,Franco,Primavera,15.34,183.16,53.08,1345.85,22.9,77.31,0.657,0
FAZ_00378,OrbSat_Field,Arroz,482.55,Aspersao,Siltoso,Verao,8.77,102.7,61.56,4343.6,38.61,,0.659,0
FAZ_00379,OrbSat_Field,Cana_de_Acucar,447.99,Gotejamento,Siltoso,Outono,14.92,130.34,63.25,3900.65,25.34,70.25,0.668,0
FAZ_00380,AgroSat_BR,Trigo,394.05,Aspersao,Organico,Outono,4.78,49.79,47.65,5042.43,28.75,64.17,0.738,0
FAZ_00381,OrbSat_Field,Algodao,228.01,Sequeiro,Organico,Primavera,4.75,94.4,40.12,3187.94,24.48,61.58,0.692,0
FAZ_00382,AgroSat_BR,Soja,191.37,Manual,Franco,Verao,4.14,47.37,33.15,1328.29,25.96,55.13,0.603,0
FAZ_00383,Sentinel_Agro,Arroz,337.26,Aspersao,Siltoso,Primavera,12.75,51.28,70.98,2869.36,22.75,98.0,0.95,0
FAZ_00384,TerraScan_X,Soja,252.26,Sequeiro,Franco,Inverno,7.3,32.0,51.04,2325.03,16.64,77.55,0.876,0
FAZ_00385,AgroSat_BR,Algodao,769.39,Sequeiro,Arenoso,Verao,13.97,230.45,58.95,7403.09,23.48,59.86,0.497,1
FAZ_00386,Sentinel_Agro,Arroz,545.37,Inundacao,Calcario,Verao,9.03,117.38,71.53,9198.61,34.2,55.76,0.568,1
FAZ_00387,OrbSat_Field,Batata,381.49,Inundacao,Siltoso,Verao,10.03,173.47,46.23,7950.71,28.44,42.71,0.521,1
FAZ_00388,OrbSat_Field,Cana_de_Acucar,601.95,Sequeiro,Organico,Inverno,17.43,138.45,67.04,4322.41,15.69,67.97,0.75,0
FAZ_00389,Sentinel_Agro,Arroz,584.04,Inundacao,Argiloso,Verao,15.03,55.15,71.06,9578.73,31.07,67.1,0.631,1
FAZ_00390,OrbSat_Field,Cana_de_Acucar,440.92,Inundacao,Arenoso,Primavera,10.05,124.9,51.81,8349.17,30.47,74.45,0.63,0
FAZ_00391,Sentinel_Agro,Cenoura,680.56,Manual,Calcario,Inverno,13.32,87.14,65.67,6241.66,15.84,66.64,0.715,0
FAZ_00392,AgroSat_BR,Tomate,144.0,Gotejamento,Argiloso,Outono,3.64,93.79,39.07,800.0,30.9,67.79,0.803,0
FAZ_00393,AgroSat_BR,Cenoura,608.67,Sequeiro,Franco,Primavera,13.8,166.56,59.43,6277.26,25.88,56.1,0.589,1
FAZ_00394,Sentinel_Agro,Trigo,242.37,Inundacao,Calcario,Primavera,8.43,31.97,48.05,5327.68,30.68,65.13,0.735,0
FAZ_00395,AgroSat_BR,Tomate,501.95,Inundacao,Franco,Primavera,11.12,240.64,45.75,10266.45,33.07,39.54,0.452,1
FAZ_00396,AgroSat_BR,Tomate,276.26,Gotejamento,Franco,Inverno,9.78,101.73,56.64,1833.91,13.4,85.82,0.869,0
FAZ_00397,AgroSat_BR,Milho,806.13,Aspersao,Organico,Primavera,18.45,238.54,73.92,7116.05,15.55,68.7,0.606,1
FAZ_00398,Gaia_Vision,Tomate,468.31,Aspersao,Franco,Inverno,14.84,180.48,50.77,3907.57,17.05,77.68,0.653,0
FAZ_00399,TerraScan_X,Algodao,497.15,Aspersao,Argiloso,Verao,16.51,133.28,77.32,5881.85,27.72,64.45,0.712,1
FAZ_00400,OrbSat_Field,Cenoura,494.86,Manual,Arenoso,Outono,11.78,133.22,56.77,5666.54,26.55,60.92,0.645,0
FAZ_00401,Gaia_Vision,Cana_de_Acucar,881.98,Aspersao,Organico,Verao,31.1,281.09,95.0,11437.78,31.93,75.16,0.695,1
FAZ_00402,AgroSat_BR,Trigo,262.69,Gotejamento,Arenoso,Primavera,8.93,57.86,49.58,1983.27,37.46,61.26,0.672,0
FAZ_00403,Sentinel_Agro,Tomate,387.55,Inundacao,Franco,Inverno,15.93,111.95,56.58,9209.2,8.17,81.16,0.752,0
FAZ_00404,AgroSat_BR,Trigo,731.88,Inundacao,Siltoso,Inverno,15.29,41.67,80.88,10567.17,22.11,66.02,0.714,0
FAZ_00405,TerraScan_X,Trigo,313.62,Gotejamento,Calcario,Verao,7.21,37.0,51.96,2798.57,35.64,60.22,0.678,0
FAZ_00406,AgroSat_BR,Tomate,416.79,Gotejamento,Organico,Primavera,15.18,164.44,46.44,4598.77,18.34,84.69,0.676,1
FAZ_00407,Sentinel_Agro,Tomate,220.74,Sequeiro,Franco,Outono,7.16,102.42,32.59,2633.77,22.35,68.79,0.725,0
FAZ_00408,TerraScan_X,Milho,660.88,Gotejamento,Organico,Inverno,20.88,152.2,57.77,6341.61,28.24,78.6,,1
FAZ_00409,AgroSat_BR,Milho,314.54,Sequeiro,Siltoso,Inverno,14.38,64.13,56.81,2733.46,11.82,67.95,0.887,0
FAZ_00410,TerraScan_X,Milho,443.08,Aspersao,Argiloso,Primavera,16.42,129.87,40.13,5372.06,27.93,65.65,0.594,1
FAZ_00411,OrbSat_Field,Cana_de_Acucar,436.47,Inundacao,Argiloso,Inverno,19.86,58.01,52.3,9537.26,29.26,56.75,0.708,0
FAZ_00412,OrbSat_Field,Cana_de_Acucar,741.2,Gotejamento,Calcario,Primavera,29.28,171.48,58.0,9632.56,12.45,81.51,0.719,1
FAZ_00413,AgroSat_BR,Milho,224.34,Manual,Argiloso,Primavera,8.98,66.95,43.23,1788.56,21.64,65.62,0.706,0
FAZ_00414,TerraScan_X,Milho,330.61,Gotejamento,Siltoso,Outono,10.89,84.13,45.83,3814.46,34.83,63.03,0.711,0
FAZ_00415,Sentinel_Agro,Batata,347.0,Aspersao,Arenoso,Primavera,6.91,131.32,52.62,4820.28,28.09,57.97,0.68,0
FAZ_00416,AgroSat_BR,Batata,304.58,Gotejamento,Siltoso,Verao,9.04,118.39,49.12,1650.02,31.51,42.48,0.597,0
FAZ_00417,OrbSat_Field,Tomate,440.13,Manual,Siltoso,Outono,15.81,119.09,50.83,4924.17,30.73,59.04,0.691,0
FAZ_00418,OrbSat_Field,Soja,311.29,Sequeiro,Franco,Primavera,8.19,81.23,50.36,2886.77,18.52,61.99,0.616,0
FAZ_00419,AgroSat_BR,Soja,515.47,Aspersao,Argiloso,Primavera,17.27,94.96,62.75,5347.96,22.5,61.84,0.706,0
FAZ_00420,TerraScan_X,Milho,343.04,Aspersao,Organico,Outono,17.56,43.94,62.05,1785.44,23.86,,0.761,0
FAZ_00421,OrbSat_Field,Trigo,428.83,Manual,Calcario,Inverno,5.97,106.54,48.68,4820.95,22.44,79.88,0.848,0
FAZ_00422,TerraScan_X,Milho,359.34,Sequeiro,Arenoso,Outono,15.63,100.26,54.07,2236.63,22.04,79.19,0.654,0
FAZ_00423,OrbSat_Field,Batata,190.58,Inundacao,Organico,Inverno,3.07,111.68,52.38,5268.61,9.58,77.22,0.668,0
FAZ_00424,OrbSat_Field,Tomate,700.39,Sequeiro,Franco,Outono,26.61,171.16,62.49,8592.88,27.65,46.96,0.575,1
FAZ_00425,Gaia_Vision,Milho,288.69,Aspersao,Franco,Outono,16.86,47.12,51.94,3216.76,20.25,84.09,0.902,0
FAZ_00426,OrbSat_Field,Cenoura,410.14,Gotejamento,Arenoso,Verao,7.9,50.92,45.03,2443.73,31.22,81.15,0.798,0
FAZ_00427,Sentinel_Agro,Trigo,221.71,Gotejamento,Organico,Outono,6.74,24.53,49.19,2335.9,25.33,85.19,0.95,0
FAZ_00428,AgroSat_BR,Cenoura,788.24,Inundacao,Arenoso,Verao,26.31,208.15,63.81,12377.13,26.07,60.64,0.479,1
FAZ_00429,AgroSat_BR,Tomate,523.93,Aspersao,Arenoso,Primavera,13.63,126.37,48.27,6502.23,19.95,80.19,0.686,0
FAZ_00430,TerraScan_X,Tomate,131.97,Gotejamento,Argiloso,Inverno,11.92,54.34,47.44,800.0,33.65,64.66,0.618,0
FAZ_00431,OrbSat_Field,Cana_de_Acucar,266.44,Aspersao,Organico,Inverno,13.49,7.77,55.64,2388.35,30.58,65.71,0.742,0
FAZ_00432,Sentinel_Agro,Arroz,660.75,Inundacao,Argiloso,Verao,19.21,84.97,71.58,11724.79,29.89,50.84,0.589,1
FAZ_00433,TerraScan_X,Cenoura,878.37,Gotejamento,Argiloso,Inverno,29.94,80.76,87.13,10764.99,26.89,58.89,0.693,0
FAZ_00434,Gaia_Vision,Cana_de_Acucar,443.54,Gotejamento,Calcario,Inverno,17.91,53.4,71.28,5663.62,24.63,78.66,0.842,0
FAZ_00435,TerraScan_X,Batata,431.05,Sequeiro,Argiloso,Outono,11.41,161.9,51.96,3154.68,29.59,58.84,0.588,0
FAZ_00436,TerraScan_X,Algodao,299.11,Aspersao,Siltoso,Verao,8.2,64.03,64.92,3452.07,30.84,,0.807,0
FAZ_00437,OrbSat_Field,Trigo,359.69,Gotejamento,Franco,Inverno,11.42,130.06,57.13,5492.84,26.11,65.01,0.718,0
FAZ_00438,Gaia_Vision,Algodao,434.01,Inundacao,Franco,Primavera,14.73,139.5,65.38,8371.59,31.25,49.5,0.746,1
FAZ_00439,TerraScan_X,Batata,302.65,Sequeiro,Siltoso,Verao,5.72,69.6,31.86,2853.2,35.46,34.87,0.538,0
FAZ_00440,Sentinel_Agro,Batata,176.82,Inundacao,Arenoso,Outono,4.84,95.45,42.06,5870.2,13.47,57.9,0.66,1
FAZ_00441,Sentinel_Agro,Algodao,345.88,Aspersao,Organico,Primavera,7.35,74.66,57.07,1967.0,25.32,78.39,0.688,0
FAZ_00442,AgroSat_BR,Cenoura,550.5,Sequeiro,Organico,Inverno,16.76,144.87,63.49,4317.96,32.6,69.95,0.784,0
FAZ_00443,Gaia_Vision,Arroz,312.1,Aspersao,Organico,Inverno,8.72,79.25,59.32,3575.99,25.38,70.04,0.72,0
FAZ_00444,Gaia_Vision,Cenoura,563.83,Aspersao,Argiloso,Verao,12.08,62.2,72.23,4244.18,23.4,72.22,0.87,0
FAZ_00445,AgroSat_BR,Algodao,175.83,Inundacao,Organico,Inverno,3.96,68.83,50.15,4856.8,11.04,70.84,0.729,0
FAZ_00446,TerraScan_X,Cenoura,359.96,Manual,Organico,Verao,10.21,86.19,34.53,4666.14,30.61,45.91,0.575,0
FAZ_00447,Gaia_Vision,Soja,288.67,Inundacao,Organico,Inverno,3.23,56.21,48.13,5684.39,8.37,74.49,0.811,0
FAZ_00448,Sentinel_Agro,Cenoura,324.18,Sequeiro,Franco,Primavera,10.62,44.24,36.46,4316.89,27.23,72.99,0.794,0
FAZ_00449,Sentinel_Agro,Tomate,444.71,Inundacao,Siltoso,Outono,12.18,158.56,56.19,9042.93,24.71,81.48,0.639,1
FAZ_00450,OrbSat_Field,Cana_de_Acucar,418.46,Sequeiro,Calcario,Primavera,10.42,66.1,48.11,5521.29,20.5,56.09,0.547,0
FAZ_00451,Gaia_Vision,Trigo,95.25,Inundacao,Arenoso,Outono,1.34,26.11,41.04,5683.86,32.7,60.22,0.727,0
FAZ_00452,TerraScan_X,Cenoura,268.46,Aspersao,Siltoso,Verao,6.25,38.87,57.67,1845.77,28.59,77.86,0.841,0
FAZ_00453,AgroSat_BR,Arroz,494.28,Inundacao,Organico,Inverno,17.06,133.78,51.41,8379.89,16.13,,0.717,1
FAZ_00454,AgroSat_BR,Arroz,206.33,Gotejamento,Arenoso,Primavera,2.66,39.57,43.61,800.0,31.83,64.27,0.742,0
FAZ_00455,TerraScan_X,Cenoura,467.06,Gotejamento,Arenoso,Inverno,12.16,56.47,62.91,4288.85,22.67,65.11,0.635,0
FAZ_00456,OrbSat_Field,Milho,273.13,Manual,Siltoso,Verao,14.35,62.6,45.55,3269.06,27.44,69.42,0.716,0
FAZ_00457,AgroSat_BR,Batata,435.12,Inundacao,Siltoso,Outono,3.97,134.46,70.22,10174.78,16.31,77.45,0.651,1
FAZ_00458,Gaia_Vision,Cenoura,515.04,Gotejamento,Siltoso,Primavera,15.75,64.38,61.77,4382.99,24.14,58.31,0.667,0
FAZ_00459,OrbSat_Field,Batata,405.32,Aspersao,Calcario,Outono,7.88,110.98,58.77,5075.86,19.43,73.65,0.784,0
FAZ_00460,Gaia_Vision,Soja,410.86,Gotejamento,Siltoso,Outono,10.65,52.41,54.1,4559.84,29.34,61.56,0.688,0
FAZ_00461,Sentinel_Agro,Algodao,314.52,Sequeiro,Calcario,Verao,8.12,89.52,47.19,2120.76,21.19,,0.78,0
FAZ_00462,OrbSat_Field,Soja,324.35,Gotejamento,Argiloso,Outono,9.61,112.6,61.83,2966.03,31.87,64.65,0.709,0
FAZ_00463,AgroSat_BR,Cenoura,273.69,Inundacao,Franco,Verao,9.27,26.43,32.71,7751.02,37.14,46.47,0.594,1
FAZ_00464,OrbSat_Field,Arroz,531.41,Inundacao,Calcario,Outono,20.16,164.02,57.23,10561.52,23.98,72.24,0.647,1
FAZ_00465,OrbSat_Field,Milho,215.71,Aspersao,Franco,Outono,11.26,53.27,49.47,800.0,29.7,49.67,0.696,0
FAZ_00466,OrbSat_Field,Batata,383.17,Aspersao,Organico,Primavera,9.59,121.07,60.09,4727.17,31.37,49.34,0.499,0
FAZ_00467,OrbSat_Field,Cana_de_Acucar,175.04,Aspersao,Argiloso,Verao,7.95,52.07,48.11,2437.57,25.6,83.42,0.834,0
FAZ_00468,Gaia_Vision,Batata,262.51,Manual,Arenoso,Inverno,5.79,112.37,40.88,1183.4,24.14,59.15,0.64,0
FAZ_00469,Sentinel_Agro,Tomate,204.05,Manual,Siltoso,Inverno,11.06,86.84,35.05,1120.92,25.73,54.86,0.67,0
FAZ_00470,TerraScan_X,Trigo,319.82,Manual,Organico,Inverno,12.55,48.29,49.72,1629.7,16.7,68.1,0.782,0
FAZ_00471,OrbSat_Field,Cenoura,239.86,Manual,Arenoso,Primavera,3.73,33.1,45.17,3728.65,31.21,73.13,0.721,0
FAZ_00472,AgroSat_BR,Soja,322.12,Gotejamento,Franco,Primavera,7.01,108.7,40.19,4098.38,28.34,75.84,0.697,0
FAZ_00473,OrbSat_Field,Cana_de_Acucar,304.95,Gotejamento,Arenoso,Outono,13.95,72.05,42.66,1501.66,31.23,49.47,0.613,1
FAZ_00474,AgroSat_BR,Arroz,760.24,Sequeiro,Siltoso,Outono,19.58,74.11,87.9,8566.66,29.05,58.82,0.703,1
FAZ_00475,Gaia_Vision,Arroz,596.85,Manual,Siltoso,Inverno,13.85,100.94,49.99,4623.71,28.55,51.32,0.65,0
FAZ_00476,AgroSat_BR,Arroz,584.55,Inundacao,Calcario,Outono,17.2,122.48,71.95,12527.1,26.97,70.89,0.627,1
FAZ_00477,TerraScan_X,Tomate,287.29,Inundacao,Calcario,Outono,7.85,134.77,38.25,3885.68,22.08,55.22,0.542,1
FAZ_00478,Sentinel_Agro,Arroz,200.8,Aspersao,Franco,Primavera,2.85,51.43,45.44,1659.94,23.81,75.09,0.755,0
FAZ_00479,AgroSat_BR,Arroz,164.93,Gotejamento,Siltoso,Inverno,3.53,45.87,39.33,800.0,18.33,74.71,0.771,0
FAZ_00480,AgroSat_BR,Cenoura,447.16,Inundacao,Argiloso,Verao,11.01,55.19,45.08,9750.28,27.71,59.11,0.718,0
FAZ_00481,Sentinel_Agro,Tomate,303.58,Sequeiro,Organico,Inverno,14.12,55.6,45.66,3063.23,26.48,62.8,0.663,0
FAZ_00482,TerraScan_X,Milho,208.72,Aspersao,Franco,Primavera,14.07,29.52,41.9,979.74,24.63,80.39,0.831,0
FAZ_00483,OrbSat_Field,Milho,563.06,Aspersao,Franco,Inverno,15.5,117.97,72.86,6228.52,22.06,,0.735,0
FAZ_00484,AgroSat_BR,Tomate,190.7,Aspersao,Arenoso,Verao,10.08,129.79,35.21,1868.07,18.24,66.96,0.622,0
FAZ_00485,Sentinel_Agro,Trigo,487.5,Gotejamento,Franco,Outono,8.6,73.66,48.73,3513.77,26.5,72.02,0.812,0
FAZ_00486,Gaia_Vision,Cana_de_Acucar,389.14,Inundacao,Organico,Inverno,16.05,91.16,60.6,7907.47,22.27,56.68,0.646,1
FAZ_00487,Sentinel_Agro,Batata,355.02,Sequeiro,Argiloso,Primavera,12.15,153.33,34.53,2948.4,26.13,64.68,0.684,0
FAZ_00488,Gaia_Vision,Cenoura,543.15,Manual,Arenoso,Primavera,19.57,99.24,74.3,5018.28,14.28,72.33,0.817,0
FAZ_00489,TerraScan_X,Algodao,331.36,Sequeiro,Organico,Inverno,7.28,156.14,39.85,3740.49,17.92,61.35,0.706,0
FAZ_00490,OrbSat_Field,Milho,239.7,Inundacao,Calcario,Outono,7.83,29.8,55.59,7640.17,15.69,62.77,0.631,1
FAZ_00491,Sentinel_Agro,Tomate,684.31,Aspersao,Franco,Outono,15.35,211.23,91.34,6019.68,21.18,80.83,0.741,1
FAZ_00492,AgroSat_BR,Cana_de_Acucar,291.35,Sequeiro,Siltoso,Primavera,15.03,53.05,40.53,2025.5,24.06,61.22,0.771,0
FAZ_00493,TerraScan_X,Tomate,317.65,Aspersao,Calcario,Primavera,14.47,162.6,42.57,2036.21,25.47,60.94,0.68,0
FAZ_00494,Sentinel_Agro,Batata,351.07,Sequeiro,Siltoso,Verao,7.28,169.25,45.93,4513.96,28.12,57.73,0.521,1
FAZ_00495,AgroSat_BR,Cana_de_Acucar,231.0,Manual,Organico,Outono,12.36,17.34,42.59,3002.15,23.27,56.17,0.74,0
FAZ_00496,Sentinel_Agro,Milho,735.24,Aspersao,Argiloso,Inverno,34.44,91.92,58.45,8745.37,19.39,78.05,0.731,0
FAZ_00497,Gaia_Vision,Arroz,350.95,Aspersao,Siltoso,Primavera,7.88,37.64,65.02,3758.55,17.51,81.63,0.821,0
FAZ_00498,Sentinel_Agro,Tomate,538.46,Aspersao,Organico,Primavera,10.95,96.52,63.03,5096.21,21.04,74.71,0.782,0
FAZ_00499,Sentinel_Agro,Algodao,260.24,Gotejamento,Arenoso,Primavera,3.42,123.25,37.56,1018.0,29.64,60.72,0.534,0
FAZ_00500,Sentinel_Agro,Milho,401.76,Aspersao,Franco,Primavera,10.69,72.34,51.66,3073.21,32.63,51.1,0.662,0
FAZ_00501,TerraScan_X,Soja,572.16,Sequeiro,Argiloso,Outono,9.63,178.28,59.54,2665.89,24.41,63.82,0.566,0
FAZ_00502,Sentinel_Agro,Algodao,130.46,Manual,Argiloso,Primavera,3.97,77.5,28.81,2486.1,27.78,50.57,0.491,1
FAZ_00503,AgroSat_BR,Trigo,368.04,Aspersao,Arenoso,Outono,14.92,55.69,64.69,3950.38,22.81,66.87,0.757,0
FAZ_00504,Gaia_Vision,Milho,297.51,Aspersao,Argiloso,Verao,12.8,64.58,57.59,2921.25,26.42,67.79,0.711,0
FAZ_00505,Gaia_Vision,Arroz,320.94,Inundacao,Organico,Verao,8.19,101.36,49.47,7677.58,26.13,63.91,0.678,0
FAZ_00506,Sentinel_Agro,Milho,229.3,Aspersao,Argiloso,Inverno,10.41,9.36,60.02,1868.84,34.14,73.61,0.95,0
FAZ_00507,TerraScan_X,Batata,134.02,Aspersao,Argiloso,Primavera,3.91,43.32,38.2,800.0,19.21,69.66,0.807,0
FAZ_00508,TerraScan_X,Cana_de_Acucar,242.86,Inundacao,Argiloso,Inverno,7.08,83.16,44.51,5199.61,24.63,57.1,,0
FAZ_00509,AgroSat_BR,Tomate,602.83,Aspersao,Organico,Outono,18.21,192.42,72.39,7295.87,17.72,60.99,0.596,1
FAZ_00510,Sentinel_Agro,Cana_de_Acucar,178.56,Gotejamento,Calcario,Inverno,8.26,53.71,35.2,1057.53,34.53,60.46,0.648,0
FAZ_00511,Gaia_Vision,Cana_de_Acucar,303.91,Inundacao,Franco,Inverno,13.03,64.7,55.33,5225.26,26.78,49.0,0.665,0
FAZ_00512,TerraScan_X,Milho,628.32,Aspersao,Siltoso,Primavera,16.2,179.15,63.55,4187.87,26.32,76.04,0.758,0
FAZ_00513,Sentinel_Agro,Batata,145.43,Aspersao,Calcario,Outono,4.82,89.35,43.72,1805.65,35.09,61.29,0.715,0
FAZ_00514,TerraScan_X,Tomate,232.42,Aspersao,Argiloso,Outono,11.74,71.0,52.84,2756.18,26.4,57.3,0.775,0
FAZ_00515,TerraScan_X,Tomate,605.76,Aspersao,Arenoso,Primavera,16.52,136.22,84.11,8371.35,29.85,64.0,0.608,1
FAZ_00516,Gaia_Vision,Cana_de_Acucar,662.03,Sequeiro,Arenoso,Outono,20.38,87.36,58.16,5499.25,32.31,53.88,0.638,0
FAZ_00517,OrbSat_Field,Trigo,474.1,Manual,Organico,Verao,13.99,111.99,66.56,6101.9,29.05,67.81,0.758,0
FAZ_00518,AgroSat_BR,Batata,291.3,Inundacao,Franco,Primavera,9.48,98.16,40.16,7412.05,24.97,65.72,0.708,0
FAZ_00519,AgroSat_BR,Trigo,443.75,Aspersao,Argiloso,Primavera,11.35,112.08,56.77,5774.37,25.71,61.72,0.598,0
FAZ_00520,Gaia_Vision,Cenoura,643.19,Gotejamento,Organico,Primavera,16.69,58.31,95.0,4766.06,18.79,92.42,0.95,0
FAZ_00521,TerraScan_X,Cenoura,344.82,Aspersao,Siltoso,Verao,9.7,124.42,39.04,4298.5,27.97,56.45,0.617,1
FAZ_00522,Sentinel_Agro,Algodao,619.84,Manual,Franco,Outono,12.32,164.4,82.7,7717.11,22.16,80.31,0.728,0
FAZ_00523,TerraScan_X,Cana_de_Acucar,1247.68,Aspersao,,Verao,32.21,263.95,95.0,13629.63,35.48,58.74,0.505,1
FAZ_00524,Gaia_Vision,Tomate,483.52,Inundacao,Organico,Verao,23.2,195.71,54.02,9973.27,23.14,52.01,0.52,1
FAZ_00525,AgroSat_BR,Milho,434.68,Gotejamento,Calcario,Verao,21.12,140.93,57.05,5013.34,34.71,52.33,0.629,1
FAZ_00526,TerraScan_X,Tomate,291.2,Sequeiro,,Inverno,13.79,100.48,41.12,4188.0,23.22,67.98,0.583,0
FAZ_00527,AgroSat_BR,Tomate,189.86,Sequeiro,Calcario,Outono,7.37,55.36,41.57,3458.13,16.2,83.14,0.736,0
FAZ_00528,Sentinel_Agro,Arroz,254.85,Gotejamento,Franco,Outono,7.65,61.35,38.6,1147.81,29.16,57.79,0.696,0
FAZ_00529,AgroSat_BR,Tomate,438.71,Manual,Arenoso,Primavera,8.41,149.51,58.51,4218.25,28.92,52.98,0.561,1
FAZ_00530,AgroSat_BR,Algodao,160.13,Gotejamento,Franco,Primavera,2.64,57.08,42.29,940.01,21.9,63.87,0.672,0
FAZ_00531,OrbSat_Field,Trigo,687.16,Inundacao,Franco,Inverno,7.84,166.98,71.57,12195.59,20.73,60.77,0.56,1
FAZ_00532,OrbSat_Field,Cenoura,616.4,Gotejamento,Franco,Verao,8.45,131.62,72.15,7384.37,24.42,63.7,0.624,1
FAZ_00533,OrbSat_Field,Tomate,681.39,Gotejamento,Siltoso,Primavera,17.9,168.56,74.65,4331.0,35.27,52.35,0.665,0
FAZ_00534,AgroSat_BR,Tomate,401.56,Gotejamento,Arenoso,Outono,13.75,71.53,53.79,4313.01,24.26,72.65,0.743,0
FAZ_00535,Gaia_Vision,Arroz,229.98,Sequeiro,Siltoso,Primavera,3.52,50.12,33.3,3432.32,24.99,54.09,0.603,0
FAZ_00536,AgroSat_BR,Batata,643.33,Manual,Arenoso,Verao,16.94,156.06,63.44,4237.34,31.14,55.32,,1
FAZ_00537,Gaia_Vision,Milho,255.37,Gotejamento,Siltoso,Inverno,10.96,75.41,51.56,2545.85,24.18,85.02,0.775,0
FAZ_00538,Gaia_Vision,Batata,121.83,Inundacao,Siltoso,Verao,2.78,67.4,25.99,4635.25,32.49,42.19,0.451,0
FAZ_00539,OrbSat_Field,Milho,245.04,Gotejamento,Siltoso,Primavera,12.45,59.73,44.34,2773.59,25.58,76.07,,0
FAZ_00540,TerraScan_X,Tomate,306.02,Aspersao,Organico,Inverno,11.36,108.23,60.38,1874.14,19.01,65.29,0.749,0
FAZ_00541,Sentinel_Agro,Arroz,341.3,Sequeiro,Siltoso,Inverno,13.77,97.87,44.43,3646.37,23.08,62.18,0.686,0
FAZ_00542,OrbSat_Field,Soja,284.51,Gotejamento,,Verao,5.9,57.57,41.36,2968.97,33.62,63.25,0.636,0
FAZ_00543,OrbSat_Field,Cana_de_Acucar,519.04,Inundacao,Calcario,Primavera,20.11,57.9,69.56,9370.55,28.91,57.95,0.765,1
FAZ_00544,TerraScan_X,Cenoura,354.47,Aspersao,Franco,Verao,12.54,72.91,59.77,1919.03,33.44,65.65,0.657,0
FAZ_00545,Sentinel_Agro,Trigo,256.7,Gotejamento,Argiloso,Primavera,9.1,57.01,37.8,3029.17,26.22,59.7,0.702,0
FAZ_00546,AgroSat_BR,Cenoura,886.72,Aspersao,Siltoso,Primavera,33.96,173.08,80.6,8941.97,29.91,64.36,0.545,1
FAZ_00547,AgroSat_BR,Trigo,407.61,Sequeiro,Argiloso,Outono,9.46,122.18,57.51,4234.89,17.48,61.72,0.786,0
FAZ_00548,OrbSat_Field,Batata,394.15,Manual,Argiloso,Inverno,5.1,111.81,47.39,5511.72,12.32,76.75,0.76,0
FAZ_00549,Sentinel_Agro,Algodao,626.61,Gotejamento,Franco,Primavera,11.64,149.48,89.27,4247.96,14.02,91.02,0.735,0
FAZ_00550,OrbSat_Field,Tomate,249.86,Manual,Argiloso,Verao,14.98,103.5,47.0,3075.57,31.86,65.35,0.705,0
FAZ_00551,Gaia_Vision,Soja,821.9,Sequeiro,Argiloso,Verao,17.13,235.0,55.53,10879.51,41.97,49.92,0.474,1
FAZ_00552,OrbSat_Field,Trigo,429.43,Aspersao,Calcario,Outono,7.77,57.14,65.18,1793.86,31.71,65.65,0.845,0
FAZ_00553,OrbSat_Field,Cana_de_Acucar,292.93,Aspersao,Argiloso,Outono,9.22,67.29,47.63,1714.24,23.54,73.83,0.745,0
FAZ_00554,AgroSat_BR,Trigo,729.04,Gotejamento,Arenoso,Outono,17.5,76.52,63.56,7078.57,25.77,70.45,0.618,1
FAZ_00555,AgroSat_BR,Algodao,412.09,Aspersao,Siltoso,Inverno,4.65,128.56,63.29,1873.25,16.21,89.02,0.748,0
FAZ_00556,AgroSat_BR,Cenoura,520.71,Inundacao,Siltoso,Outono,11.96,133.79,40.37,6859.01,32.41,35.24,0.375,1
FAZ_00557,Gaia_Vision,Arroz,151.46,Aspersao,Argiloso,Inverno,3.69,17.74,46.27,843.04,21.42,74.0,0.812,0
FAZ_00558,AgroSat_BR,Cenoura,172.91,Gotejamento,Franco,Outono,2.48,34.88,50.36,1138.85,23.15,73.66,0.768,0
FAZ_00559,Sentinel_Agro,Arroz,342.66,Aspersao,Arenoso,Inverno,6.11,58.77,51.93,3729.5,18.08,67.95,0.704,0
FAZ_00560,TerraScan_X,Cenoura,352.49,Aspersao,Franco,Primavera,12.41,116.14,41.4,3170.43,26.86,45.53,0.592,0
FAZ_00561,Sentinel_Agro,Cana_de_Acucar,642.54,Inundacao,Franco,Outono,22.72,70.4,59.71,9874.53,17.02,63.62,0.649,1
FAZ_00562,Sentinel_Agro,Cenoura,203.86,Inundacao,Argiloso,Inverno,3.85,63.05,54.77,6177.48,16.81,82.86,0.782,0
FAZ_00563,AgroSat_BR,Cana_de_Acucar,755.36,Gotejamento,Organico,Primavera,26.01,158.24,95.0,8554.77,30.65,85.76,0.883,1
FAZ_00564,TerraScan_X,Cana_de_Acucar,642.18,Aspersao,Argiloso,Outono,21.67,109.77,51.5,6836.14,12.63,61.84,0.597,1
FAZ_00565,TerraScan_X,Arroz,94.02,Aspersao,Calcario,Primavera,2.07,24.75,49.19,826.98,16.46,85.09,0.95,0
FAZ_00566,TerraScan_X,Batata,678.31,Sequeiro,Organico,Outono,10.86,197.47,45.55,7031.83,31.01,53.12,0.591,1
FAZ_00567,Gaia_Vision,Milho,226.73,Aspersao,,Verao,10.69,38.17,43.89,1982.9,37.18,52.56,0.811,0
FAZ_00568,AgroSat_BR,Tomate,474.42,Gotejamento,Organico,Inverno,11.89,115.19,52.83,4497.26,27.79,55.82,0.687,0
FAZ_00569,TerraScan_X,Trigo,597.3,Gotejamento,Argiloso,Verao,9.9,137.49,75.98,2144.42,29.95,64.77,0.664,0
FAZ_00570,Gaia_Vision,Milho,442.24,Aspersao,Argiloso,Inverno,9.1,75.2,64.98,4111.03,22.38,51.13,0.668,0
FAZ_00571,OrbSat_Field,Algodao,401.35,Gotejamento,Franco,Verao,11.27,97.04,65.86,5120.12,35.21,66.32,0.734,0
FAZ_00572,OrbSat_Field,Batata,429.27,Inundacao,Argiloso,Outono,5.1,192.41,44.84,9044.83,22.51,82.75,0.769,1
FAZ_00573,Gaia_Vision,Milho,299.65,Manual,Calcario,Verao,14.29,56.46,45.46,3493.58,28.8,,0.63,0
FAZ_00574,Gaia_Vision,Arroz,570.53,Aspersao,Argiloso,Outono,19.83,156.77,60.95,5562.18,17.53,63.96,0.559,1
FAZ_00575,AgroSat_BR,Algodao,663.2,Inundacao,Siltoso,Inverno,23.59,182.18,60.69,10230.77,15.05,59.46,0.496,1
FAZ_00576,AgroSat_BR,Soja,270.26,Manual,Siltoso,Outono,5.5,19.43,46.78,855.71,27.11,55.56,0.637,0
FAZ_00577,OrbSat_Field,Batata,573.89,Aspersao,Franco,Verao,17.52,239.18,48.8,5311.11,29.19,52.85,0.584,1
FAZ_00578,TerraScan_X,Milho,271.33,Gotejamento,Organico,Primavera,12.8,57.73,41.93,1075.72,21.5,72.95,0.757,0
FAZ_00579,OrbSat_Field,Algodao,301.53,Gotejamento,Organico,Inverno,8.44,67.47,62.38,2915.98,28.62,69.9,0.832,0
FAZ_00580,TerraScan_X,Soja,174.17,Sequeiro,Siltoso,Primavera,7.65,55.1,29.76,800.0,20.33,63.32,0.645,0
FAZ_00581,TerraScan_X,Cenoura,411.85,Manual,Calcario,Primavera,12.34,73.04,66.96,4887.15,22.49,62.98,0.739,0
FAZ_00582,AgroSat_BR,Algodao,380.33,Gotejamento,Arenoso,Primavera,5.63,117.72,51.86,3531.52,25.17,75.32,0.633,0
FAZ_00583,Sentinel_Agro,Arroz,308.18,Gotejamento,Calcario,Primavera,3.7,145.03,56.01,3200.12,24.18,67.07,0.792,0
FAZ_00584,Sentinel_Agro,Cenoura,656.61,Manual,Siltoso,Primavera,23.39,108.54,58.98,4111.41,23.59,75.49,0.72,0
FAZ_00585,Gaia_Vision,Arroz,681.89,Aspersao,Calcario,Verao,23.95,179.56,81.6,9623.77,23.12,78.43,0.76,0
FAZ_00586,AgroSat_BR,Milho,409.68,Manual,Arenoso,Outono,12.1,98.14,51.67,4246.38,27.66,60.7,0.575,0
FAZ_00587,TerraScan_X,Tomate,370.24,Gotejamento,Organico,Outono,11.15,206.71,43.44,3357.1,24.6,69.95,0.586,0
FAZ_00588,Sentinel_Agro,Milho,821.25,Sequeiro,Siltoso,Primavera,16.02,83.74,82.48,5941.8,27.37,61.8,0.808,0
FAZ_00589,TerraScan_X,Cenoura,376.47,Manual,Argiloso,Verao,14.35,48.36,65.38,4640.87,30.62,65.25,0.839,0
FAZ_00590,Sentinel_Agro,Cana_de_Acucar,267.57,Gotejamento,Arenoso,Primavera,7.99,67.56,39.34,3321.01,36.32,56.44,0.539,0
FAZ_00591,Sentinel_Agro,Milho,329.54,Inundacao,Arenoso,Primavera,11.44,99.21,48.83,5484.59,31.65,61.47,,0
FAZ_00592,Sentinel_Agro,Cenoura,388.35,Gotejamento,,Inverno,15.26,43.4,55.04,5448.48,14.52,87.11,0.759,0
FAZ_00593,AgroSat_BR,Algodao,482.71,Aspersao,Organico,Verao,8.11,154.81,60.83,6481.8,43.4,35.81,0.377,1
FAZ_00594,OrbSat_Field,Milho,238.9,Inundacao,Calcario,Primavera,11.61,21.51,48.03,5879.94,22.57,76.4,0.693,0
FAZ_00595,TerraScan_X,Algodao,265.08,Aspersao,Franco,Outono,5.27,123.92,56.12,3286.92,21.63,71.82,0.819,0
FAZ_00596,AgroSat_BR,Arroz,557.17,Inundacao,Argiloso,Inverno,8.89,81.94,62.39,17096.09,17.88,58.98,0.77,0
FAZ_00597,AgroSat_BR,Batata,221.05,Aspersao,Siltoso,Primavera,5.17,29.18,49.26,1952.78,22.15,81.74,0.741,0
FAZ_00598,AgroSat_BR,Tomate,525.37,Manual,Calcario,Primavera,17.29,184.86,70.19,6057.38,21.15,65.43,0.505,1
FAZ_00599,AgroSat_BR,Arroz,333.63,Aspersao,Arenoso,Primavera,5.59,27.55,50.41,3802.38,27.64,57.91,0.752,0
FAZ_00600,AgroSat_BR,Arroz,165.92,Manual,Organico,Verao,3.82,38.02,43.73,2095.94,33.75,59.27,0.766,0
FAZ_00601,Gaia_Vision,Cenoura,396.53,Gotejamento,Arenoso,Primavera,12.16,43.38,62.73,2961.79,23.97,69.81,0.755,0
FAZ_00602,TerraScan_X,Cana_de_Acucar,381.1,Aspersao,Calcario,Outono,14.82,113.72,47.04,4074.33,21.26,73.11,0.787,0
FAZ_00603,AgroSat_BR,Trigo,627.6,Aspersao,Siltoso,Inverno,17.86,170.26,76.3,6240.86,21.94,76.87,0.715,1
FAZ_00604,TerraScan_X,Cana_de_Acucar,428.58,Aspersao,Argiloso,Verao,8.62,104.35,46.71,6215.85,29.53,48.96,0.581,1
FAZ_00605,Gaia_Vision,Cenoura,593.14,Aspersao,Arenoso,Inverno,18.62,158.65,57.61,6849.15,10.97,88.84,0.584,1
FAZ_00606,Gaia_Vision,Tomate,536.32,Aspersao,Organico,Outono,13.47,159.75,54.53,6358.52,29.34,72.5,0.661,1
FAZ_00607,TerraScan_X,Cenoura,734.0,Sequeiro,Organico,Primavera,22.73,138.32,64.46,5573.24,23.6,64.62,0.645,0
FAZ_00608,Sentinel_Agro,Soja,471.62,Gotejamento,Franco,Verao,6.2,78.41,64.36,6794.14,36.21,58.28,0.681,0
FAZ_00609,OrbSat_Field,Arroz,314.69,Manual,Organico,Primavera,7.84,72.15,61.57,2441.38,18.12,82.72,0.826,0
FAZ_00610,Sentinel_Agro,Batata,649.23,Inundacao,Franco,Verao,15.76,127.77,61.78,8583.41,30.63,41.85,0.653,1
FAZ_00611,Sentinel_Agro,Soja,338.0,Aspersao,Argiloso,Primavera,3.19,28.8,55.36,3080.47,30.01,69.81,0.888,0
FAZ_00612,Sentinel_Agro,Cenoura,782.54,Inundacao,Siltoso,Outono,12.54,77.66,64.33,10006.99,30.58,58.77,0.623,1
FAZ_00613,AgroSat_BR,Soja,430.06,Sequeiro,Franco,Outono,10.07,81.33,49.98,3176.74,23.42,50.83,0.58,0
FAZ_00614,Gaia_Vision,Batata,385.63,Aspersao,Arenoso,Primavera,13.42,121.4,50.09,3863.92,16.72,78.71,0.688,0
FAZ_00615,Sentinel_Agro,Cenoura,620.8,Sequeiro,Calcario,Outono,17.94,197.95,64.08,3447.2,26.11,67.89,0.778,0
FAZ_00616,Gaia_Vision,Cenoura,175.33,Gotejamento,Arenoso,Primavera,5.3,44.28,47.33,800.0,20.05,80.65,0.748,0
FAZ_00617,TerraScan_X,Soja,218.07,Inundacao,Siltoso,Verao,6.9,44.42,45.93,6413.69,25.94,59.4,0.632,1
FAZ_00618,OrbSat_Field,Algodao,205.6,Aspersao,Organico,Outono,5.32,99.28,53.25,1887.49,19.17,70.38,0.764,0
FAZ_00619,TerraScan_X,Milho,644.56,Aspersao,Calcario,Verao,22.37,173.78,78.28,6204.21,37.47,57.12,0.57,1
FAZ_00620,TerraScan_X,Cenoura,285.56,Inundacao,Arenoso,Primavera,8.03,72.99,40.9,8026.31,21.95,63.72,0.668,1
FAZ_00621,AgroSat_BR,Soja,517.42,Aspersao,Calcario,Verao,12.85,124.84,48.69,5325.8,30.52,67.26,0.653,0
FAZ_00622,OrbSat_Field,Trigo,308.82,Aspersao,Franco,Inverno,5.52,21.04,53.89,4209.16,14.41,75.28,0.811,0
FAZ_00623,TerraScan_X,Tomate,280.63,Aspersao,Siltoso,Primavera,10.06,136.35,52.73,4337.62,30.88,61.9,0.692,0
FAZ_00624,TerraScan_X,Trigo,535.51,Inundacao,Arenoso,Outono,12.3,149.51,55.68,9128.16,25.78,69.54,0.624,1
FAZ_00625,OrbSat_Field,Soja,565.76,Aspersao,Organico,Outono,10.21,76.82,82.47,6948.22,32.6,72.21,0.76,0
FAZ_00626,OrbSat_Field,Arroz,489.17,Aspersao,Calcario,Inverno,6.0,109.92,55.56,2713.28,16.37,70.49,0.709,0
FAZ_00627,TerraScan_X,Arroz,406.12,Gotejamento,Organico,Primavera,11.95,52.89,64.5,2892.98,24.97,,0.636,0
FAZ_00628,OrbSat_Field,Soja,201.69,Manual,Calcario,Primavera,4.18,33.42,32.99,2687.64,21.3,46.54,0.646,0
FAZ_00629,TerraScan_X,Cenoura,268.96,Manual,Arenoso,Primavera,8.48,57.21,38.92,2672.72,21.7,61.99,0.641,0
FAZ_00630,TerraScan_X,Batata,295.27,Gotejamento,Siltoso,Primavera,6.89,125.12,49.34,2132.15,29.6,80.28,0.846,0
FAZ_00631,AgroSat_BR,Milho,299.75,Aspersao,Argiloso,Verao,14.93,113.87,56.98,3360.82,30.64,68.45,0.843,0
FAZ_00632,Sentinel_Agro,Cenoura,547.87,Gotejamento,Arenoso,Primavera,6.28,139.56,68.81,6763.85,20.02,83.01,0.683,0
FAZ_00633,TerraScan_X,Trigo,521.49,Sequeiro,Organico,Verao,8.76,52.74,49.24,5703.72,20.15,67.55,0.726,0
FAZ_00634,Gaia_Vision,Milho,482.29,Manual,Argiloso,Verao,16.49,94.45,47.75,5066.87,30.01,62.1,0.752,0
FAZ_00635,Sentinel_Agro,Trigo,334.75,Gotejamento,Siltoso,Outono,6.31,31.72,58.44,2085.03,23.22,67.33,0.723,0
FAZ_00636,Sentinel_Agro,Soja,280.49,Manual,Organico,Primavera,5.48,63.73,52.67,2201.49,31.83,55.74,0.7,0
FAZ_00637,Sentinel_Agro,Batata,629.97,Gotejamento,Siltoso,Verao,21.79,178.74,71.8,5740.23,37.41,61.32,0.608,1
FAZ_00638,AgroSat_BR,Trigo,823.87,Aspersao,Calcario,Primavera,12.16,218.49,55.02,3494.82,28.07,78.11,0.631,0
FAZ_00639,TerraScan_X,Batata,460.88,Sequeiro,Arenoso,Inverno,11.01,172.55,46.7,5849.06,24.26,66.8,0.67,0
FAZ_00640,AgroSat_BR,Cenoura,309.78,Sequeiro,Siltoso,Verao,3.63,26.71,54.39,1565.91,26.54,59.83,0.694,0
FAZ_00641,TerraScan_X,Soja,539.87,Manual,Organico,Outono,11.2,148.27,47.71,4089.08,27.01,50.39,0.539,1
FAZ_00642,AgroSat_BR,Tomate,353.67,Aspersao,Arenoso,Primavera,16.35,114.26,53.04,2821.21,29.61,62.02,0.478,0
FAZ_00643,AgroSat_BR,Arroz,397.37,Aspersao,Organico,Outono,17.31,107.6,63.11,3838.87,23.6,,0.766,0
FAZ_00644,Gaia_Vision,Cana_de_Acucar,328.68,Sequeiro,Organico,Verao,15.94,59.15,38.09,2921.88,35.15,48.28,0.602,1
FAZ_00645,AgroSat_BR,Batata,820.61,Inundacao,Argiloso,Verao,29.58,145.31,85.49,12696.52,28.46,48.61,0.508,1
FAZ_00646,OrbSat_Field,Tomate,595.19,Aspersao,Franco,Outono,12.58,252.48,62.92,7564.09,24.69,75.63,0.517,1
FAZ_00647,Gaia_Vision,Tomate,518.59,Aspersao,Siltoso,Primavera,14.55,124.46,52.12,4789.62,29.34,64.5,0.69,0
FAZ_00648,AgroSat_BR,Batata,164.71,Sequeiro,Siltoso,Verao,6.09,103.87,31.55,1037.64,21.48,58.84,0.681,0
FAZ_00649,Sentinel_Agro,Tomate,372.43,Sequeiro,Argiloso,Inverno,14.74,92.34,47.49,4699.51,18.36,49.32,0.533,1
FAZ_00650,OrbSat_Field,Trigo,489.96,Inundacao,Calcario,Outono,17.21,94.54,41.63,9149.4,39.55,46.04,0.603,1
FAZ_00651,OrbSat_Field,Tomate,243.54,Manual,Siltoso,Verao,7.28,93.17,41.15,2659.24,20.76,62.81,0.566,0
FAZ_00652,OrbSat_Field,Milho,510.33,Gotejamento,Argiloso,Primavera,14.02,61.94,67.74,3284.64,31.12,85.54,0.948,0
FAZ_00653,Gaia_Vision,Trigo,239.65,Inundacao,Siltoso,Verao,3.93,84.1,46.27,7953.51,26.09,72.91,0.733,1
FAZ_00654,AgroSat_BR,Tomate,358.69,Inundacao,Siltoso,Primavera,16.8,114.5,54.46,8571.02,19.4,57.81,0.668,1
FAZ_00655,AgroSat_BR,Cenoura,539.78,Gotejamento,Organico,Primavera,20.52,66.34,72.72,5918.91,22.39,83.33,0.84,0
FAZ_00656,Sentinel_Agro,Arroz,415.46,Manual,Argiloso,Verao,15.02,141.69,64.47,3752.75,20.72,67.28,0.753,0
FAZ_00657,Sentinel_Agro,Soja,349.72,Sequeiro,Calcario,Inverno,8.33,129.43,42.05,1689.94,16.38,80.57,0.749,0
FAZ_00658,OrbSat_Field,Tomate,694.7,Gotejamento,Siltoso,Primavera,20.98,110.67,88.3,8292.67,31.83,86.57,0.738,0
FAZ_00659,Sentinel_Agro,Algodao,505.08,Manual,Calcario,Outono,12.73,232.58,48.64,3573.83,33.2,48.01,0.511,1
FAZ_00660,Gaia_Vision,Arroz,509.2,Inundacao,Franco,Primavera,14.33,164.22,59.89,9049.04,19.01,64.31,0.716,1
FAZ_00661,AgroSat_BR,Cenoura,494.15,Inundacao,Argiloso,Primavera,9.75,76.65,68.69,8434.8,23.72,54.59,0.725,0
FAZ_00662,OrbSat_Field,Tomate,468.12,Manual,Argiloso,Inverno,16.22,119.61,55.55,3830.86,23.21,71.47,0.657,0
FAZ_00663,Sentinel_Agro,Tomate,515.14,Aspersao,Argiloso,Primavera,17.27,218.56,51.38,5965.35,29.43,72.2,0.595,1
FAZ_00664,Gaia_Vision,Cana_de_Acucar,723.78,Manual,Organico,Verao,26.43,236.13,58.42,5756.96,38.43,62.83,0.578,0
FAZ_00665,Gaia_Vision,Milho,548.07,Aspersao,Argiloso,Inverno,18.76,126.02,57.7,4194.97,18.66,82.42,0.814,0
FAZ_00666,Sentinel_Agro,Milho,157.59,Manual,Organico,Primavera,,40.71,30.49,800.0,25.1,48.83,0.546,1
FAZ_00667,AgroSat_BR,Arroz,520.19,Aspersao,Franco,Verao,10.2,70.1,84.26,6421.24,22.51,85.91,0.845,0
FAZ_00668,Sentinel_Agro,Cana_de_Acucar,483.53,Gotejamento,Arenoso,Verao,11.78,163.51,52.21,5213.49,26.97,70.43,0.651,0
FAZ_00669,OrbSat_Field,Soja,744.02,Aspersao,Organico,Primavera,14.62,57.66,88.21,5587.61,22.42,70.26,0.724,0
FAZ_00670,Sentinel_Agro,Trigo,196.73,Gotejamento,Siltoso,Outono,4.35,37.12,50.33,2646.47,20.87,66.1,0.768,0
FAZ_00671,Gaia_Vision,Milho,284.85,Gotejamento,Argiloso,Outono,13.82,66.71,62.07,2577.49,28.14,74.72,0.867,0
FAZ_00672,Sentinel_Agro,Cana_de_Acucar,841.56,Gotejamento,Arenoso,Primavera,31.82,157.86,86.37,4405.28,37.5,43.41,0.506,1
FAZ_00673,AgroSat_BR,Milho,375.01,Manual,Organico,Primavera,17.76,44.56,56.5,4621.96,18.24,85.52,0.815,0
FAZ_00674,TerraScan_X,Batata,190.96,Sequeiro,Calcario,Verao,4.36,67.1,41.58,3496.74,28.8,57.34,0.715,0
FAZ_00675,Sentinel_Agro,Cenoura,421.36,Sequeiro,Calcario,Primavera,9.48,38.13,46.77,4089.04,24.38,42.55,0.563,0
FAZ_00676,AgroSat_BR,Soja,276.62,Sequeiro,Siltoso,Primavera,5.57,12.69,50.18,1718.8,34.15,54.98,0.78,0
FAZ_00677,AgroSat_BR,Cenoura,479.02,Manual,Arenoso,Verao,16.49,147.23,60.28,6264.53,28.03,60.63,0.609,1
FAZ_00678,Gaia_Vision,Tomate,276.69,Gotejamento,Franco,Primavera,12.02,132.55,40.1,1914.18,25.62,67.29,0.851,1
FAZ_00679,AgroSat_BR,Milho,623.55,Manual,Organico,Primavera,22.36,148.31,89.39,8581.79,25.27,77.7,0.775,1
FAZ_00680,AgroSat_BR,Tomate,564.05,Manual,Calcario,Primavera,21.42,211.92,60.58,3728.12,30.89,65.0,0.669,0
FAZ_00681,AgroSat_BR,Algodao,470.25,Gotejamento,Calcario,Verao,10.98,156.18,61.83,4928.98,36.25,45.1,0.525,1
FAZ_00682,AgroSat_BR,Milho,365.34,Inundacao,Organico,Primavera,17.96,103.6,55.39,7831.99,22.12,70.31,0.696,0
FAZ_00683,OrbSat_Field,Cana_de_Acucar,547.86,Aspersao,Calcario,Outono,9.38,108.42,72.58,4808.61,21.63,81.49,0.755,0
FAZ_00684,OrbSat_Field,Soja,599.94,Sequeiro,Franco,Primavera,15.44,147.0,62.44,4502.09,28.75,53.42,0.558,1
FAZ_00685,Gaia_Vision,Tomate,410.44,Inundacao,Calcario,Outono,21.27,153.95,49.05,8943.77,32.97,50.15,0.692,1
FAZ_00686,Sentinel_Agro,Milho,337.31,Sequeiro,Organico,Primavera,12.98,68.44,50.22,5794.28,15.27,72.11,0.697,0
FAZ_00687,AgroSat_BR,Algodao,484.15,Gotejamento,Argiloso,Verao,15.69,130.28,56.17,5084.2,27.69,53.19,0.612,1
FAZ_00688,Sentinel_Agro,Cenoura,381.69,Gotejamento,Calcario,Outono,13.3,32.13,64.88,3446.83,24.96,66.53,0.705,0
FAZ_00689,Sentinel_Agro,Cana_de_Acucar,418.85,Sequeiro,Organico,Primavera,14.55,40.28,50.22,3471.13,13.27,74.95,0.812,0
FAZ_00690,Gaia_Vision,Batata,522.03,Gotejamento,Argiloso,Primavera,8.16,101.76,52.57,7006.67,21.79,83.44,0.782,0
FAZ_00691,AgroSat_BR,Milho,240.77,Aspersao,Calcario,Primavera,10.53,101.14,44.08,2635.74,25.48,63.4,0.659,0
FAZ_00692,AgroSat_BR,Batata,589.79,Inundacao,Calcario,Primavera,6.79,222.4,49.61,15595.77,19.26,68.68,0.702,1
FAZ_00693,TerraScan_X,Arroz,400.38,Sequeiro,Organico,Verao,11.82,59.84,45.45,6366.5,21.59,56.91,0.749,1
FAZ_00694,Sentinel_Agro,Soja,167.89,Aspersao,,Inverno,,58.94,40.98,3458.75,22.73,65.38,0.794,0
FAZ_00695,Sentinel_Agro,Milho,292.26,Gotejamento,Siltoso,Outono,13.94,45.74,60.35,2947.86,27.05,60.43,0.72,0
FAZ_00696,OrbSat_Field,Algodao,245.95,Inundacao,Arenoso,Primavera,4.84,78.12,45.1,4059.34,20.7,,,0
FAZ_00697,TerraScan_X,Tomate,435.0,Aspersao,Siltoso,Verao,18.07,81.5,65.24,2001.1,32.93,62.21,0.641,0
FAZ_00698,OrbSat_Field,Arroz,395.7,Aspersao,Franco,Inverno,13.95,21.53,60.68,3927.49,6.54,94.44,0.874,0
FAZ_00699,OrbSat_Field,Soja,304.68,Sequeiro,Arenoso,Verao,7.32,68.28,43.98,3160.04,33.01,,0.661,0
FAZ_00700,OrbSat_Field,Cenoura,952.77,Manual,Siltoso,Primavera,30.73,279.93,72.8,11432.92,33.15,41.28,0.433,1
FAZ_00701,Gaia_Vision,Cana_de_Acucar,403.69,Sequeiro,Argiloso,Inverno,13.01,114.07,52.5,5453.16,28.48,61.48,0.682,0
FAZ_00702,Gaia_Vision,Batata,363.69,Gotejamento,Organico,Outono,8.43,161.28,55.92,3340.44,25.17,56.04,0.599,1
FAZ_00703,OrbSat_Field,Arroz,341.26,Inundacao,Siltoso,Outono,3.83,67.85,36.55,5515.75,31.62,30.24,0.534,1
FAZ_00704,TerraScan_X,Tomate,829.05,Sequeiro,Argiloso,Verao,27.81,180.0,65.65,7634.4,28.95,60.7,,1
FAZ_00705,Sentinel_Agro,Cana_de_Acucar,239.93,Inundacao,Arenoso,Outono,12.34,20.38,39.02,7845.38,30.72,57.21,0.55,1
FAZ_00706,TerraScan_X,Cenoura,308.35,Gotejamento,Organico,Outono,6.45,45.28,59.21,3291.95,18.84,85.64,0.845,0
FAZ_00707,AgroSat_BR,Tomate,788.86,Sequeiro,Siltoso,Inverno,24.36,259.3,68.72,5656.88,21.0,56.94,0.594,1
FAZ_00708,Gaia_Vision,Algodao,445.28,Inundacao,Arenoso,Outono,17.37,132.44,56.83,8601.16,34.31,47.43,0.54,1
FAZ_00709,Sentinel_Agro,Batata,325.48,Manual,Siltoso,Inverno,6.43,95.73,56.29,3389.55,23.42,67.1,0.632,0
FAZ_00710,Sentinel_Agro,Milho,814.01,Gotejamento,Arenoso,Inverno,30.28,215.15,94.73,7648.38,25.83,65.92,,1
FAZ_00711,AgroSat_BR,Arroz,476.25,Inundacao,Siltoso,Inverno,5.25,78.4,60.64,8919.69,23.84,60.47,0.604,1
FAZ_00712,AgroSat_BR,Milho,442.67,Sequeiro,Argiloso,Outono,16.4,26.48,56.42,3394.44,23.77,65.94,0.776,0
FAZ_00713,OrbSat_Field,Cana_de_Acucar,267.57,Inundacao,Franco,Verao,7.84,76.15,49.25,6422.69,37.49,56.99,0.677,1
FAZ_00714,Gaia_Vision,Milho,333.95,Aspersao,Argiloso,Verao,12.98,79.52,54.08,3598.34,24.81,82.07,0.734,0
FAZ_00715,Gaia_Vision,Trigo,185.73,Gotejamento,Organico,Outono,3.42,54.61,48.98,2497.92,20.42,81.46,0.806,0
FAZ_00716,TerraScan_X,Cana_de_Acucar,490.27,Aspersao,Siltoso,Inverno,18.75,114.76,54.29,4838.35,23.4,63.71,0.623,0
FAZ_00717,OrbSat_Field,Batata,671.78,Aspersao,Franco,Outono,25.32,106.83,66.88,5718.17,35.82,47.93,0.652,0
FAZ_00718,OrbSat_Field,Tomate,259.29,Manual,Franco,Primavera,10.35,97.62,55.67,3505.2,14.52,98.0,0.95,0
FAZ_00719,OrbSat_Field,Batata,400.26,Gotejamento,Organico,Verao,6.12,122.56,46.89,2961.56,22.89,67.78,0.591,0
FAZ_00720,OrbSat_Field,Milho,369.95,Gotejamento,Organico,Inverno,13.56,61.33,64.53,3914.25,21.95,70.05,0.746,0
FAZ_00721,Gaia_Vision,Soja,209.25,Aspersao,Franco,Outono,2.46,12.81,39.09,2312.87,27.78,66.91,0.716,0
FAZ_00722,Gaia_Vision,Cana_de_Acucar,614.28,Aspersao,Organico,Inverno,21.73,104.13,65.31,3747.83,23.25,57.56,0.605,1
FAZ_00723,OrbSat_Field,Tomate,185.38,Inundacao,Organico,Primavera,13.97,94.22,44.46,5399.45,26.66,51.21,0.681,0
FAZ_00724,TerraScan_X,Cenoura,305.39,Manual,Siltoso,Inverno,10.41,1.58,60.45,4543.3,17.67,74.51,0.831,0
FAZ_00725,Sentinel_Agro,Algodao,976.62,Sequeiro,Argiloso,Primavera,25.2,245.26,59.51,10670.79,23.66,49.0,0.506,1
FAZ_00726,Sentinel_Agro,Batata,531.66,Aspersao,Calcario,Verao,9.83,84.85,62.64,6763.17,30.72,57.55,0.691,0
FAZ_00727,TerraScan_X,Batata,378.86,Inundacao,Arenoso,Inverno,9.02,104.31,40.67,8372.7,31.18,44.31,0.509,1
FAZ_00728,OrbSat_Field,Cana_de_Acucar,194.75,Aspersao,Franco,Outono,8.16,79.35,37.51,2571.83,33.05,54.94,0.545,0
FAZ_00729,Gaia_Vision,Soja,620.62,Gotejamento,Arenoso,Inverno,21.19,162.12,69.16,5135.7,32.77,57.87,0.586,1
FAZ_00730,Sentinel_Agro,Milho,707.78,Inundacao,Franco,Inverno,26.87,155.87,53.06,13383.57,21.74,72.79,0.546,1
FAZ_00731,AgroSat_BR,Milho,205.58,Manual,,Primavera,12.93,18.39,39.04,2883.11,20.04,74.95,0.712,0
FAZ_00732,AgroSat_BR,Cana_de_Acucar,528.46,Gotejamento,,Primavera,18.51,68.17,62.18,3983.43,19.74,75.72,0.646,0
FAZ_00733,TerraScan_X,Batata,616.48,Gotejamento,Franco,Outono,18.12,136.67,83.67,7124.84,26.35,66.36,0.59,1
FAZ_00734,OrbSat_Field,Tomate,690.79,Manual,Franco,Verao,26.24,123.02,45.94,7512.11,33.19,39.29,0.493,1
FAZ_00735,Sentinel_Agro,Algodao,430.43,Inundacao,Argiloso,Verao,15.29,122.08,49.22,9887.03,39.84,31.09,0.499,1
FAZ_00736,OrbSat_Field,Cana_de_Acucar,358.55,Aspersao,Organico,Primavera,11.17,64.0,57.81,4611.76,19.09,78.42,0.803,0
FAZ_00737,Sentinel_Agro,Tomate,205.87,Inundacao,Calcario,Outono,6.56,81.33,52.93,6888.81,19.96,78.37,0.764,0
FAZ_00738,TerraScan_X,Tomate,344.92,Sequeiro,Arenoso,Inverno,12.94,87.95,43.68,3444.39,27.33,60.66,0.581,0
FAZ_00739,TerraScan_X,Cenoura,387.58,Aspersao,Franco,Outono,8.31,29.76,42.9,3443.73,18.9,77.31,0.72,0
FAZ_00740,AgroSat_BR,Trigo,239.97,Aspersao,Argiloso,Outono,1.98,45.7,47.01,2642.44,25.31,87.48,0.843,0
FAZ_00741,OrbSat_Field,Algodao,320.26,Gotejamento,Franco,Outono,5.91,114.41,47.78,3563.81,34.75,65.27,0.697,0
FAZ_00742,AgroSat_BR,Arroz,427.95,Manual,Argiloso,Verao,8.24,114.43,47.94,6520.1,35.25,38.7,0.578,1
FAZ_00743,OrbSat_Field,Soja,295.18,Aspersao,Arenoso,Inverno,6.47,56.42,43.72,2653.32,22.0,61.91,0.718,0
FAZ_00744,AgroSat_BR,Trigo,361.9,Sequeiro,Siltoso,Outono,8.58,100.54,51.04,3947.42,27.98,53.95,0.728,0
FAZ_00745,Gaia_Vision,Cenoura,419.24,Manual,Organico,Verao,8.42,50.9,42.86,3517.58,18.22,58.96,0.702,0
FAZ_00746,Gaia_Vision,Algodao,419.95,Aspersao,Siltoso,Verao,12.1,152.46,48.45,4520.95,39.69,47.79,,0
FAZ_00747,Gaia_Vision,Milho,270.35,Gotejamento,Argiloso,Primavera,13.96,62.65,50.79,1367.45,14.31,81.29,0.781,0
FAZ_00748,Gaia_Vision,Trigo,70.86,Inundacao,Franco,Inverno,2.01,11.49,39.63,4256.35,17.88,57.98,0.609,0
FAZ_00749,Sentinel_Agro,Milho,280.24,Aspersao,Organico,Outono,9.3,41.26,54.66,3255.15,20.89,73.81,0.844,0
FAZ_00750,Gaia_Vision,Soja,208.15,Sequeiro,Arenoso,Inverno,4.9,54.93,35.96,1183.91,21.41,67.34,0.7,0
FAZ_00751,TerraScan_X,Milho,684.3,Aspersao,Calcario,Primavera,27.65,131.11,82.86,9170.58,21.47,93.99,0.82,1
FAZ_00752,TerraScan_X,Soja,361.5,Aspersao,Organico,Primavera,9.38,54.11,53.06,2742.64,20.07,73.39,0.781,0
FAZ_00753,Sentinel_Agro,Algodao,310.75,Inundacao,Franco,Outono,11.04,72.49,41.19,5931.38,20.17,62.76,0.633,0
FAZ_00754,Gaia_Vision,Batata,397.85,Gotejamento,Siltoso,Verao,6.12,189.46,55.32,5741.29,45.0,64.44,0.544,0
FAZ_00755,Gaia_Vision,Soja,609.02,Inundacao,Argiloso,Primavera,13.74,129.04,42.81,9258.0,23.7,49.56,0.574,1
FAZ_00756,Gaia_Vision,Tomate,368.28,Gotejamento,Siltoso,Verao,10.98,78.16,65.73,3164.01,31.1,85.28,0.858,0
FAZ_00757,AgroSat_BR,Arroz,370.7,Inundacao,Organico,Primavera,6.57,130.12,50.03,7742.28,29.78,59.35,0.622,1
FAZ_00758,OrbSat_Field,Arroz,187.87,Inundacao,Calcario,Inverno,5.93,39.55,30.66,6137.27,21.6,75.56,0.662,1
FAZ_00759,AgroSat_BR,Cana_de_Acucar,836.19,Inundacao,Franco,Outono,24.99,264.05,57.28,15065.56,17.71,66.38,0.458,1
FAZ_00760,OrbSat_Field,Arroz,472.51,Inundacao,Argiloso,Primavera,7.59,44.93,65.95,8117.22,30.27,43.37,0.58,1
FAZ_00761,Gaia_Vision,Cana_de_Acucar,137.06,Gotejamento,Franco,Inverno,7.26,24.46,42.28,800.0,20.25,63.86,0.763,0
FAZ_00762,Gaia_Vision,Arroz,213.75,Aspersao,Franco,Primavera,4.7,63.25,56.17,1938.32,20.96,,0.789,0
FAZ_00763,AgroSat_BR,Soja,342.11,Aspersao,Calcario,Outono,8.78,117.77,58.93,2661.92,18.4,94.35,0.814,0
FAZ_00764,AgroSat_BR,Tomate,538.82,Aspersao,Organico,Inverno,8.33,106.18,57.1,5068.16,20.41,64.53,0.608,0
FAZ_00765,OrbSat_Field,Batata,387.6,Sequeiro,Siltoso,Verao,6.74,145.75,48.36,2095.6,42.13,44.56,0.563,1
FAZ_00766,TerraScan_X,Milho,354.09,Gotejamento,Franco,Primavera,13.63,49.29,61.04,3275.39,23.64,57.53,0.801,0
FAZ_00767,OrbSat_Field,Cenoura,867.83,Inundacao,Franco,Primavera,24.27,221.45,95.0,10092.67,15.74,82.83,0.818,1
FAZ_00768,AgroSat_BR,Arroz,434.25,Aspersao,Franco,Inverno,13.93,98.06,64.13,5868.19,20.17,77.94,0.734,0
FAZ_00769,AgroSat_BR,Batata,226.81,Aspersao,Argiloso,Outono,8.72,116.36,34.99,2332.11,33.94,44.9,0.497,1
FAZ_00770,Sentinel_Agro,Batata,545.38,Manual,Franco,Primavera,19.78,132.23,67.14,5953.22,29.23,59.15,0.596,1
FAZ_00771,AgroSat_BR,Soja,483.93,Gotejamento,Franco,Inverno,10.69,141.43,54.73,2738.19,16.5,83.09,0.666,0
FAZ_00772,Sentinel_Agro,Algodao,330.25,Manual,Organico,Outono,5.05,73.98,53.57,2884.61,16.4,81.32,0.778,0
FAZ_00773,TerraScan_X,Algodao,566.53,Gotejamento,Franco,Primavera,10.41,160.95,42.99,4062.66,36.75,60.6,0.615,0
FAZ_00774,OrbSat_Field,Arroz,679.79,Aspersao,Calcario,Inverno,16.38,197.97,52.53,6270.19,15.91,52.08,0.496,1
FAZ_00775,OrbSat_Field,Cenoura,642.95,Manual,Calcario,Outono,23.83,70.67,69.31,6264.72,16.68,51.27,0.559,1
FAZ_00776,Sentinel_Agro,Arroz,397.24,Gotejamento,Franco,Primavera,5.84,95.79,65.72,5620.56,25.33,73.59,0.738,0
FAZ_00777,OrbSat_Field,Arroz,398.0,Manual,Calcario,Primavera,9.62,95.68,55.13,2891.28,23.31,46.51,0.667,0
FAZ_00778,AgroSat_BR,Cana_de_Acucar,840.61,Gotejamento,Organico,Outono,32.66,111.14,95.0,8075.08,29.89,94.15,0.863,1
FAZ_00779,Gaia_Vision,Tomate,244.07,Manual,Argiloso,Outono,9.24,116.89,36.04,2095.31,32.41,55.48,0.606,1
FAZ_00780,Sentinel_Agro,Tomate,249.02,Aspersao,Calcario,Inverno,6.33,84.3,46.44,1722.23,18.1,82.36,0.855,0
FAZ_00781,OrbSat_Field,Cenoura,455.2,Inundacao,Calcario,Primavera,9.74,129.11,57.07,10298.41,15.69,66.96,0.681,1
FAZ_00782,Sentinel_Agro,Cana_de_Acucar,582.75,Sequeiro,Siltoso,Primavera,13.71,128.48,52.33,8053.16,26.23,61.92,0.567,1
FAZ_00783,Sentinel_Agro,Batata,201.68,Aspersao,Organico,Inverno,6.79,113.07,57.24,2395.4,22.83,94.66,0.905,0
FAZ_00784,Gaia_Vision,Cana_de_Acucar,805.07,Gotejamento,Calcario,Primavera,17.23,185.61,61.09,10103.57,40.08,50.78,0.536,1
FAZ_00785,AgroSat_BR,Arroz,797.57,Sequeiro,Argiloso,Primavera,14.0,160.66,89.74,7901.32,18.31,74.24,0.61,1
FAZ_00786,Sentinel_Agro,Algodao,613.24,Gotejamento,Siltoso,Primavera,7.52,142.77,64.3,7097.96,33.43,67.48,0.68,1
FAZ_00787,OrbSat_Field,Trigo,354.26,Inundacao,Franco,Verao,10.23,85.76,45.46,6425.58,39.89,36.5,0.44,1
FAZ_00788,TerraScan_X,Cenoura,292.82,Sequeiro,Organico,Outono,10.25,103.3,37.28,2924.91,16.56,72.05,0.726,0
FAZ_00789,Sentinel_Agro,Batata,205.21,Inundacao,Calcario,Verao,4.67,92.54,47.32,6716.11,26.08,63.47,0.727,1
FAZ_00790,Sentinel_Agro,Soja,270.06,Gotejamento,Franco,Verao,7.08,84.5,39.59,3170.93,31.11,74.94,0.68,0
FAZ_00791,Gaia_Vision,Trigo,407.89,Gotejamento,Organico,Outono,10.26,37.41,53.17,4191.34,22.35,68.6,0.722,0
FAZ_00792,AgroSat_BR,Trigo,801.05,Aspersao,Siltoso,Verao,20.94,279.96,72.66,9896.24,31.4,47.49,0.464,1
FAZ_00793,TerraScan_X,Cana_de_Acucar,360.53,Aspersao,Calcario,Inverno,7.7,80.34,50.2,2701.42,23.24,84.32,0.808,0
FAZ_00794,OrbSat_Field,Milho,485.53,Gotejamento,Argiloso,Verao,16.61,64.69,57.87,4946.58,31.31,64.1,0.823,0
FAZ_00795,TerraScan_X,Trigo,435.14,Manual,Organico,Inverno,15.82,48.26,56.2,6228.46,21.42,72.51,0.877,1
FAZ_00796,OrbSat_Field,Arroz,504.28,Aspersao,Argiloso,Outono,11.6,78.43,74.23,7520.55,26.94,73.4,,0
FAZ_00797,AgroSat_BR,Algodao,309.1,Sequeiro,Franco,Primavera,11.26,178.13,56.52,2462.83,19.23,,0.856,0
FAZ_00798,OrbSat_Field,Algodao,301.41,Manual,Franco,Outono,9.64,122.13,40.43,3932.7,29.64,59.77,0.559,0
FAZ_00799,Gaia_Vision,Tomate,818.5,Sequeiro,Siltoso,Outono,29.0,155.23,95.0,5718.85,28.8,67.55,0.598,1
FAZ_00800,Gaia_Vision,Arroz,416.25,Aspersao,Siltoso,Verao,9.67,90.7,58.87,5759.12,35.97,62.18,0.686,0
FAZ_00801,Gaia_Vision,Soja,367.9,Inundacao,Arenoso,Outono,9.22,75.3,43.1,8401.74,24.58,62.39,0.72,0
FAZ_00802,Gaia_Vision,Trigo,314.91,Aspersao,Arenoso,Outono,6.58,103.53,54.29,1393.98,14.79,97.94,0.807,0
FAZ_00803,TerraScan_X,Tomate,535.06,Aspersao,Siltoso,Inverno,23.24,186.54,80.37,4928.16,26.34,79.43,0.674,0
FAZ_00804,AgroSat_BR,Arroz,579.34,Inundacao,Calcario,Primavera,18.34,111.69,60.36,10185.73,32.32,47.29,0.475,1
FAZ_00805,OrbSat_Field,Cana_de_Acucar,303.71,Manual,Franco,Verao,14.11,94.87,52.04,1731.41,23.64,65.62,0.661,0
FAZ_00806,OrbSat_Field,Algodao,413.06,Gotejamento,Argiloso,Primavera,12.64,199.54,44.07,4134.51,16.24,79.9,0.66,0
FAZ_00807,Gaia_Vision,Tomate,758.03,Aspersao,Siltoso,Primavera,13.24,178.21,70.33,8029.82,21.79,72.59,0.692,1
FAZ_00808,Gaia_Vision,Cenoura,346.43,Gotejamento,Calcario,Primavera,11.56,79.0,64.41,2183.41,9.99,90.76,0.81,0
FAZ_00809,Sentinel_Agro,Trigo,271.79,Manual,Argiloso,Verao,5.19,24.6,41.66,2484.29,30.05,59.34,0.722,0
FAZ_00810,AgroSat_BR,Trigo,490.66,Sequeiro,Arenoso,Outono,6.99,107.48,55.36,4663.57,28.86,44.89,0.518,0
FAZ_00811,TerraScan_X,Soja,425.08,Gotejamento,Argiloso,Primavera,14.52,29.16,55.51,2153.87,22.27,69.63,0.668,0
FAZ_00812,OrbSat_Field,Milho,316.59,Aspersao,Siltoso,Verao,7.9,94.69,51.55,2694.83,27.43,64.71,0.671,0
FAZ_00813,Sentinel_Agro,Cenoura,615.61,Sequeiro,Franco,Outono,20.34,192.26,71.03,5189.62,28.79,,0.582,1
FAZ_00814,Sentinel_Agro,Trigo,315.84,Aspersao,Siltoso,Primavera,5.51,51.3,42.65,3909.56,23.6,61.55,0.629,0
FAZ_00815,OrbSat_Field,Batata,319.03,Manual,Organico,Inverno,9.02,157.4,55.43,2759.78,20.82,62.43,0.631,0
FAZ_00816,TerraScan_X,Cenoura,293.01,Gotejamento,Calcario,Verao,8.91,52.88,49.82,1837.91,38.74,51.99,0.737,0
FAZ_00817,Sentinel_Agro,Trigo,267.89,Aspersao,Calcario,Primavera,5.72,61.54,64.9,1224.65,25.06,69.01,0.807,0
FAZ_00818,Sentinel_Agro,Cenoura,202.62,Aspersao,Calcario,Verao,6.92,25.36,44.38,800.0,33.56,55.07,0.755,0
FAZ_00819,AgroSat_BR,Arroz,174.96,Manual,Organico,Inverno,5.78,26.71,40.17,1684.79,21.09,66.03,0.774,0
FAZ_00820,TerraScan_X,Cenoura,287.81,Aspersao,Organico,Verao,,53.35,52.91,3133.12,31.11,44.41,0.643,0
FAZ_00821,Sentinel_Agro,Soja,509.35,Aspersao,,Outono,12.99,89.89,46.38,3531.5,15.45,76.17,0.714,0
FAZ_00822,TerraScan_X,Cana_de_Acucar,368.54,Aspersao,Calcario,Primavera,18.13,44.95,63.65,2426.58,9.73,98.0,0.885,0
FAZ_00823,OrbSat_Field,Cana_de_Acucar,680.73,Inundacao,Siltoso,Verao,19.8,151.57,65.38,13500.77,27.42,58.54,0.624,1
FAZ_00824,Gaia_Vision,Cana_de_Acucar,337.79,Sequeiro,Organico,Verao,14.44,52.18,49.36,3384.37,36.29,46.46,0.645,0
FAZ_00825,Sentinel_Agro,Arroz,481.14,Manual,Siltoso,Primavera,14.3,119.53,59.42,3933.73,27.37,58.81,0.672,0
FAZ_00826,AgroSat_BR,Tomate,162.36,Gotejamento,Arenoso,Inverno,7.46,90.46,39.82,1867.41,19.83,93.77,0.819,0
FAZ_00827,OrbSat_Field,Cana_de_Acucar,207.18,Sequeiro,Calcario,Inverno,7.26,16.28,40.95,2499.2,23.83,74.47,0.882,0
FAZ_00828,TerraScan_X,Algodao,225.08,Gotejamento,Organico,Primavera,2.34,132.53,51.0,2890.56,22.32,73.76,0.8,0
FAZ_00829,OrbSat_Field,Arroz,283.9,Aspersao,Organico,Primavera,4.84,62.93,53.56,2707.35,28.18,61.52,0.723,0
FAZ_00830,Sentinel_Agro,Tomate,584.06,Manual,Franco,Outono,22.86,116.12,63.72,5429.26,20.17,60.7,0.679,0
FAZ_00831,TerraScan_X,Algodao,386.15,Gotejamento,Siltoso,Verao,12.73,135.35,51.6,3720.68,26.72,73.91,0.712,0
FAZ_00832,Gaia_Vision,Algodao,486.15,Gotejamento,Franco,Verao,15.43,178.7,52.11,4020.07,23.22,76.1,0.575,1
FAZ_00833,OrbSat_Field,Algodao,340.05,Aspersao,Franco,Inverno,7.22,139.35,53.02,1707.33,14.37,79.81,0.67,0
FAZ_00834,Sentinel_Agro,Batata,478.27,Manual,Siltoso,Outono,12.52,190.42,61.77,3878.34,22.08,76.62,0.724,0
FAZ_00835,AgroSat_BR,Soja,200.52,Inundacao,Arenoso,Verao,4.12,76.01,41.06,4528.32,38.84,43.96,0.625,1
FAZ_00836,TerraScan_X,Soja,420.66,Aspersao,Siltoso,Outono,12.08,85.69,62.8,4807.6,24.91,62.39,0.737,0
FAZ_00837,OrbSat_Field,Arroz,150.67,Manual,Arenoso,Primavera,8.01,7.82,40.01,2509.38,24.06,63.54,0.657,0
FAZ_00838,OrbSat_Field,Algodao,341.57,Manual,Franco,Verao,13.09,131.04,39.55,4513.15,38.4,30.66,0.42,1
FAZ_00839,Gaia_Vision,Cenoura,302.7,Manual,Arenoso,Primavera,4.46,108.05,45.67,3736.79,18.47,72.78,,0
FAZ_00840,Gaia_Vision,Tomate,479.23,Aspersao,Calcario,Inverno,20.66,175.65,65.59,6819.68,16.28,69.89,0.725,1
FAZ_00841,AgroSat_BR,Soja,187.5,Gotejamento,Arenoso,Inverno,3.0,9.26,50.98,1213.36,18.24,79.13,0.824,0
FAZ_00842,AgroSat_BR,Cana_de_Acucar,239.2,Gotejamento,Arenoso,Primavera,10.06,57.17,51.76,3341.38,26.44,83.25,0.839,0
FAZ_00843,Sentinel_Agro,Arroz,613.26,Manual,Organico,Inverno,13.15,195.01,73.26,5526.86,32.73,51.85,0.632,0
FAZ_00844,Sentinel_Agro,Tomate,305.66,Manual,Organico,Primavera,18.68,91.75,47.99,4324.83,37.82,51.91,0.672,1
FAZ_00845,AgroSat_BR,Arroz,212.22,Sequeiro,Franco,Primavera,1.92,27.51,32.64,3674.28,24.55,56.76,0.724,0
FAZ_00846,AgroSat_BR,Batata,434.96,Gotejamento,Siltoso,Primavera,7.84,117.33,72.87,4669.3,18.98,84.49,0.817,0
FAZ_00847,TerraScan_X,Batata,313.42,Gotejamento,Arenoso,Inverno,4.47,144.02,49.21,3282.32,16.91,80.63,0.702,0
FAZ_00848,Gaia_Vision,Algodao,420.94,Gotejamento,Calcario,Inverno,15.33,147.15,57.53,3860.41,17.93,73.69,0.689,0
FAZ_00849,Sentinel_Agro,Batata,273.63,Gotejamento,Organico,Inverno,2.31,145.25,44.42,2516.83,28.93,48.92,0.532,1
FAZ_00850,Gaia_Vision,Arroz,840.43,Inundacao,Siltoso,Primavera,12.82,82.38,62.58,14140.14,30.01,57.9,0.667,0
FAZ_00851,Gaia_Vision,Cana_de_Acucar,348.72,Sequeiro,Calcario,Outono,13.82,109.09,46.14,4529.6,27.39,55.05,0.636,0
FAZ_00852,AgroSat_BR,Algodao,439.23,Inundacao,Arenoso,Inverno,12.85,183.67,54.14,10728.27,12.22,89.54,0.848,1
FAZ_00853,TerraScan_X,Trigo,390.96,Inundacao,Siltoso,Outono,14.28,47.34,47.08,8283.42,29.23,38.63,0.616,1
FAZ_00854,OrbSat_Field,Tomate,178.49,Inundacao,Calcario,Inverno,7.8,87.64,46.54,4493.72,7.94,88.93,0.839,0
FAZ_00855,TerraScan_X,Algodao,247.64,Gotejamento,Argiloso,Verao,4.53,126.68,44.16,1968.24,24.43,71.76,0.723,0
FAZ_00856,TerraScan_X,Arroz,176.58,Manual,Calcario,Verao,4.44,1.0,38.6,941.57,27.16,56.11,0.731,0
FAZ_00857,Gaia_Vision,Tomate,192.59,Inundacao,Calcario,Verao,7.71,119.95,49.04,5632.77,35.45,64.89,0.691,0
FAZ_00858,TerraScan_X,Cana_de_Acucar,755.89,Gotejamento,Arenoso,Outono,31.25,157.83,89.63,9113.24,30.54,72.12,0.609,1
FAZ_00859,Sentinel_Agro,Milho,443.88,Inundacao,Siltoso,Inverno,24.36,95.12,41.95,7720.0,19.99,59.85,0.686,1
FAZ_00860,Gaia_Vision,Arroz,666.91,Inundacao,Arenoso,Primavera,16.37,138.47,80.6,8405.64,20.81,57.22,0.618,1
FAZ_00861,Sentinel_Agro,Soja,427.44,Gotejamento,Arenoso,Outono,5.39,127.7,63.5,3374.78,26.61,76.05,,0
FAZ_00862,OrbSat_Field,Milho,616.47,Aspersao,Argiloso,Inverno,11.71,187.92,74.81,6814.64,17.95,86.89,0.754,0
FAZ_00863,Gaia_Vision,Tomate,257.52,Aspersao,Calcario,Verao,10.21,86.67,45.79,1250.24,29.74,59.28,0.693,0
FAZ_00864,OrbSat_Field,Batata,298.01,Aspersao,Siltoso,Outono,4.72,140.66,49.2,1460.67,22.97,81.37,0.81,0
FAZ_00865,Gaia_Vision,Arroz,472.07,Aspersao,Franco,Inverno,13.65,77.35,55.57,6237.39,23.63,85.81,0.788,0
FAZ_00866,AgroSat_BR,Tomate,246.56,Inundacao,Organico,Primavera,8.13,72.32,46.33,7713.85,19.45,73.05,0.85,1
FAZ_00867,TerraScan_X,Batata,771.8,Aspersao,Arenoso,Outono,10.24,259.52,59.4,8900.65,22.35,78.77,0.518,1
FAZ_00868,AgroSat_BR,Cana_de_Acucar,370.76,Inundacao,Arenoso,Primavera,11.08,1.41,69.24,9367.39,16.87,85.56,0.804,0
FAZ_00869,OrbSat_Field,Cana_de_Acucar,658.17,Sequeiro,Arenoso,Outono,22.43,84.64,85.32,8987.29,21.03,66.26,0.731,0
FAZ_00870,TerraScan_X,Algodao,275.44,Inundacao,Arenoso,Verao,6.13,137.1,40.5,7030.76,33.01,58.28,0.601,1
FAZ_00871,Gaia_Vision,Soja,516.69,Inundacao,Organico,Verao,19.24,29.57,61.2,6867.67,29.45,54.51,0.629,1
FAZ_00872,TerraScan_X,Algodao,339.49,Manual,Franco,Verao,9.06,137.43,61.38,2351.55,12.27,74.16,0.809,0
FAZ_00873,Sentinel_Agro,Soja,286.21,Inundacao,Argiloso,Primavera,5.85,88.59,50.03,7850.37,24.27,65.26,0.794,0
FAZ_00874,TerraScan_X,Arroz,714.17,Gotejamento,Franco,Verao,7.22,61.38,61.14,8775.2,29.52,54.5,0.579,1
FAZ_00875,Sentinel_Agro,Trigo,191.87,Aspersao,Organico,Primavera,4.26,36.8,48.9,2061.71,32.23,71.79,0.829,0
FAZ_00876,TerraScan_X,Cenoura,643.08,Manual,Siltoso,Primavera,11.78,189.72,80.14,6925.51,26.5,66.37,0.561,1
FAZ_00877,Sentinel_Agro,Milho,521.82,Manual,Argiloso,Primavera,25.37,90.73,58.32,5714.37,36.57,40.42,0.637,0
FAZ_00878,OrbSat_Field,Batata,199.94,Sequeiro,Argiloso,Verao,4.77,92.77,27.54,1607.54,36.35,36.18,0.631,0
FAZ_00879,AgroSat_BR,Milho,516.24,Inundacao,Siltoso,Inverno,24.79,158.22,60.97,10609.32,14.43,69.46,0.696,1
FAZ_00880,Gaia_Vision,Cana_de_Acucar,335.22,Sequeiro,Calcario,Primavera,14.09,103.87,41.11,3859.6,38.7,49.87,,0
FAZ_00881,TerraScan_X,Soja,288.22,Gotejamento,Arenoso,Inverno,5.77,45.57,50.22,4067.29,18.81,72.66,0.687,0
FAZ_00882,AgroSat_BR,Batata,322.57,Inundacao,Organico,Primavera,10.15,108.6,47.6,6448.71,22.4,70.94,0.733,1
FAZ_00883,Gaia_Vision,Cana_de_Acucar,221.34,Sequeiro,Siltoso,Verao,6.52,52.84,31.7,2320.03,22.74,50.45,0.598,0
FAZ_00884,Gaia_Vision,Batata,121.89,Aspersao,Franco,Verao,4.26,73.07,44.32,1639.62,23.93,68.87,0.805,0
FAZ_00885,Sentinel_Agro,Algodao,842.55,Gotejamento,Franco,Verao,31.02,264.66,85.03,5903.67,14.44,85.16,0.599,1
FAZ_00886,OrbSat_Field,Cana_de_Acucar,429.63,Aspersao,Calcario,Outono,20.58,103.04,49.34,3206.2,29.24,59.7,0.618,0
FAZ_00887,OrbSat_Field,Algodao,869.75,Manual,Siltoso,Verao,22.26,247.67,66.44,5353.07,36.2,43.71,0.474,1
FAZ_00888,AgroSat_BR,Algodao,242.19,Gotejamento,Organico,Inverno,3.68,104.51,43.04,2515.89,23.49,80.9,0.784,0
FAZ_00889,OrbSat_Field,Batata,362.32,Inundacao,Calcario,Primavera,9.22,148.98,41.9,5865.74,24.68,64.68,0.688,1
FAZ_00890,TerraScan_X,Tomate,198.01,Gotejamento,Calcario,Inverno,10.0,102.04,41.98,1672.91,17.22,84.16,0.808,0
FAZ_00891,OrbSat_Field,Milho,506.34,Aspersao,Calcario,Outono,21.37,91.74,81.93,5212.07,25.41,80.0,0.897,0
FAZ_00892,AgroSat_BR,Cana_de_Acucar,393.88,Sequeiro,Argiloso,Inverno,20.72,84.33,47.92,4157.85,20.72,67.14,0.75,0
FAZ_00893,OrbSat_Field,Cenoura,310.86,Gotejamento,Argiloso,Primavera,11.62,74.26,48.01,5458.82,31.04,65.33,0.784,0
FAZ_00894,TerraScan_X,Tomate,190.44,Gotejamento,Arenoso,Primavera,9.86,109.98,43.28,1274.42,25.7,77.58,0.691,0
FAZ_00895,Sentinel_Agro,Milho,419.7,Aspersao,Organico,Verao,10.66,94.05,63.94,5237.59,24.94,,0.769,0
FAZ_00896,AgroSat_BR,Cana_de_Acucar,682.68,Inundacao,Franco,Outono,19.75,129.99,65.67,10447.5,27.36,66.2,0.661,1
FAZ_00897,Sentinel_Agro,Soja,475.63,Aspersao,Franco,Outono,11.39,112.89,84.73,5771.28,22.24,89.66,0.811,0
FAZ_00898,Sentinel_Agro,Milho,670.04,Inundacao,,Inverno,16.76,70.15,55.97,12177.49,26.24,75.13,0.715,1
FAZ_00899,Sentinel_Agro,Cenoura,771.98,Sequeiro,Franco,Verao,20.74,168.43,66.44,9319.07,30.35,40.86,0.459,1
FAZ_00900,Gaia_Vision,Arroz,405.44,Aspersao,Calcario,Verao,12.27,113.12,59.91,3921.9,40.17,61.26,0.589,0
FAZ_00901,Gaia_Vision,Algodao,294.49,Aspersao,Arenoso,Verao,6.33,128.84,45.84,1713.93,31.25,56.36,0.532,1
FAZ_00902,Sentinel_Agro,Arroz,519.33,Aspersao,Arenoso,Primavera,17.26,55.55,74.44,6434.02,35.45,69.78,0.748,0
FAZ_00903,AgroSat_BR,Tomate,512.81,Aspersao,Siltoso,Outono,12.37,221.99,66.19,2986.12,25.11,81.4,0.703,0
FAZ_00904,TerraScan_X,Algodao,459.51,Gotejamento,Argiloso,Inverno,12.84,139.33,47.25,2257.39,25.73,76.61,,0
FAZ_00905,TerraScan_X,Cana_de_Acucar,542.86,Inundacao,Organico,Inverno,22.21,40.14,75.92,9861.91,20.54,52.92,0.721,1
FAZ_00906,OrbSat_Field,Tomate,298.74,Sequeiro,Organico,Inverno,7.1,117.03,45.08,3007.0,16.81,73.63,0.619,0
FAZ_00907,AgroSat_BR,Cenoura,289.65,Aspersao,Argiloso,Verao,9.12,81.29,59.44,3463.3,23.91,82.3,0.869,0
FAZ_00908,Gaia_Vision,Batata,624.16,Inundacao,Calcario,Outono,13.36,166.58,49.21,12495.1,27.3,61.99,0.702,1
FAZ_00909,Sentinel_Agro,Cana_de_Acucar,333.12,Gotejamento,Organico,Outono,13.0,87.0,48.82,2694.17,28.49,67.95,0.693,0
FAZ_00910,OrbSat_Field,Milho,486.11,Inundacao,Franco,Primavera,14.06,87.76,67.52,10553.58,20.03,61.63,0.657,0
FAZ_00911,TerraScan_X,Batata,414.67,Aspersao,Franco,Primavera,,135.72,48.83,5249.3,20.37,77.47,0.701,0
FAZ_00912,Gaia_Vision,Tomate,371.65,Inundacao,Organico,Primavera,16.08,144.11,44.72,9920.62,33.43,45.33,0.458,1
FAZ_00913,Gaia_Vision,Milho,528.94,Inundacao,Siltoso,Inverno,9.87,86.89,57.82,10113.54,29.23,62.19,0.696,0
FAZ_00914,Sentinel_Agro,Cenoura,469.14,Gotejamento,Organico,Inverno,13.25,129.91,58.54,5548.87,25.07,66.71,0.556,0
FAZ_00915,TerraScan_X,Arroz,343.56,Manual,Arenoso,Outono,11.0,97.28,38.46,1854.19,28.68,43.21,0.529,0
FAZ_00916,AgroSat_BR,Milho,612.87,Inundacao,Calcario,Primavera,18.45,106.14,61.24,13259.83,31.36,41.65,0.556,1
FAZ_00917,Gaia_Vision,Arroz,411.79,Aspersao,Arenoso,Inverno,12.68,84.75,55.45,3132.88,29.71,64.43,0.695,0
FAZ_00918,Sentinel_Agro,Algodao,487.88,Sequeiro,Argiloso,Primavera,17.34,75.91,57.35,4256.43,28.75,53.2,0.613,1
FAZ_00919,AgroSat_BR,Soja,234.13,Gotejamento,Calcario,Primavera,6.66,34.93,56.04,1701.37,31.91,68.93,0.815,0
FAZ_00920,TerraScan_X,Trigo,227.31,Manual,Calcario,Outono,7.36,29.67,42.61,1647.35,20.49,67.72,0.754,0
FAZ_00921,Gaia_Vision,Cana_de_Acucar,194.29,Aspersao,Franco,Outono,6.17,10.86,57.77,2009.65,20.61,88.1,0.943,0
FAZ_00922,AgroSat_BR,Trigo,389.37,Inundacao,Calcario,Inverno,5.73,33.79,73.91,7264.43,26.45,76.63,0.829,0
FAZ_00923,AgroSat_BR,Algodao,238.67,Aspersao,Siltoso,Outono,3.04,35.29,58.83,3049.09,19.22,83.44,0.898,0
FAZ_00924,AgroSat_BR,Milho,378.41,Aspersao,Organico,Primavera,11.4,106.58,64.82,4860.37,32.27,67.78,,0
FAZ_00925,Gaia_Vision,Algodao,715.47,Gotejamento,Arenoso,Outono,12.73,164.76,59.88,5937.17,19.98,64.11,0.566,1
FAZ_00926,Gaia_Vision,Trigo,265.85,Manual,Franco,Primavera,6.58,54.08,53.2,2692.36,28.64,56.67,0.719,0
FAZ_00927,OrbSat_Field,Trigo,418.36,Manual,Franco,Primavera,7.34,71.84,46.52,4244.57,25.94,58.79,0.698,0
FAZ_00928,TerraScan_X,Cana_de_Acucar,395.17,Inundacao,Siltoso,Inverno,13.16,113.4,67.44,8751.27,16.49,73.05,0.743,0
FAZ_00929,Sentinel_Agro,Batata,184.59,Sequeiro,Siltoso,Inverno,4.59,42.97,37.94,2617.39,21.1,65.79,0.684,0
FAZ_00930,AgroSat_BR,Algodao,259.82,Sequeiro,Siltoso,Inverno,8.17,96.67,45.54,2786.44,20.92,66.88,0.753,0
FAZ_00931,OrbSat_Field,Soja,205.85,Inundacao,Siltoso,Primavera,4.83,7.85,54.53,5904.06,27.07,60.19,0.758,0
FAZ_00932,Sentinel_Agro,Algodao,364.11,Inundacao,Arenoso,Outono,9.5,113.54,50.23,7090.66,18.38,70.71,0.611,1
FAZ_00933,OrbSat_Field,Cenoura,873.12,Gotejamento,Siltoso,Inverno,21.67,93.18,69.05,10662.94,23.37,81.51,0.801,0
FAZ_00934,Gaia_Vision,Tomate,290.05,Manual,Franco,Inverno,12.96,123.25,46.77,3869.81,24.86,67.91,0.693,0
FAZ_00935,AgroSat_BR,Tomate,322.2,Manual,Franco,Outono,12.17,55.75,39.76,3943.6,32.85,48.62,0.73,0
FAZ_00936,Sentinel_Agro,Trigo,227.97,Gotejamento,Calcario,Outono,7.64,33.14,52.21,2608.67,16.84,67.48,0.72,0
FAZ_00937,Sentinel_Agro,Tomate,351.27,Inundacao,Organico,Inverno,15.38,90.58,53.44,8187.66,24.65,51.54,0.639,1
FAZ_00938,Sentinel_Agro,Arroz,869.52,Sequeiro,Franco,Primavera,18.07,274.62,69.43,9253.95,22.02,,0.547,1
FAZ_00939,Sentinel_Agro,Soja,472.2,Gotejamento,Franco,Primavera,17.01,132.82,51.15,5735.62,32.81,75.53,0.637,0
FAZ_00940,Sentinel_Agro,Tomate,343.7,Aspersao,Arenoso,Inverno,16.54,107.38,61.53,2879.35,18.62,80.27,0.689,0
FAZ_00941,OrbSat_Field,Milho,788.18,Aspersao,Calcario,Outono,23.61,73.85,68.61,4428.86,24.59,77.81,0.788,0
FAZ_00942,AgroSat_BR,Arroz,636.8,Aspersao,Franco,Primavera,13.38,179.38,62.42,7355.37,31.36,54.32,0.421,1
FAZ_00943,Gaia_Vision,Arroz,243.84,Gotejamento,Argiloso,Outono,4.21,51.63,43.56,3522.21,21.55,69.47,0.801,0
FAZ_00944,Gaia_Vision,Algodao,308.72,Aspersao,Franco,Verao,5.54,102.64,59.99,3843.49,22.08,77.75,0.76,0
FAZ_00945,Gaia_Vision,Trigo,201.25,Aspersao,Organico,Outono,2.94,41.25,53.78,2062.07,6.36,90.65,0.911,0
FAZ_00946,Gaia_Vision,Cana_de_Acucar,451.01,Sequeiro,Organico,Outono,22.59,115.86,53.89,2461.7,24.75,70.19,0.754,0
FAZ_00947,OrbSat_Field,Cana_de_Acucar,497.87,Aspersao,Calcario,Verao,18.97,105.5,65.72,4601.11,16.5,75.02,0.712,0
FAZ_00948,TerraScan_X,Cenoura,356.39,Aspersao,Calcario,Primavera,9.73,43.72,68.98,1643.06,15.65,87.05,0.755,0
FAZ_00949,AgroSat_BR,Soja,539.46,Aspersao,Siltoso,Primavera,14.53,164.26,49.85,6664.24,23.05,56.54,0.427,1
FAZ_00950,Sentinel_Agro,Algodao,451.9,Gotejamento,Arenoso,Primavera,6.36,210.11,55.86,4131.81,28.4,71.82,0.647,0
FAZ_00951,TerraScan_X,Cana_de_Acucar,669.93,Sequeiro,Organico,Inverno,23.66,233.85,59.42,7323.54,18.88,90.76,0.789,1
FAZ_00952,Gaia_Vision,Trigo,469.22,Manual,Argiloso,Verao,13.25,137.81,51.3,5994.92,22.06,68.76,0.67,0
FAZ_00953,TerraScan_X,Cana_de_Acucar,355.97,Inundacao,Argiloso,Outono,14.47,112.62,65.05,7621.26,22.32,74.96,0.803,1
FAZ_00954,AgroSat_BR,Milho,393.97,Aspersao,Siltoso,Verao,14.09,57.87,54.05,5251.81,16.54,72.49,0.822,0
FAZ_00955,Sentinel_Agro,Arroz,382.5,Inundacao,Arenoso,Verao,8.28,39.08,51.41,8794.78,31.1,65.1,0.742,0
FAZ_00956,Sentinel_Agro,Cana_de_Acucar,342.41,Aspersao,Arenoso,Verao,13.93,115.81,27.35,4486.78,41.67,42.87,0.545,0
FAZ_00957,AgroSat_BR,Algodao,391.16,Gotejamento,Calcario,Verao,12.99,84.43,58.78,2037.8,37.83,60.23,0.631,0
FAZ_00958,AgroSat_BR,Tomate,288.06,Aspersao,Franco,Verao,10.29,145.72,61.03,3505.2,23.09,82.81,0.884,0
FAZ_00959,Gaia_Vision,Tomate,178.8,Sequeiro,Argiloso,Verao,13.7,73.04,26.72,1446.73,22.81,,0.607,0
FAZ_00960,Sentinel_Agro,Tomate,273.2,Gotejamento,Argiloso,Inverno,11.29,112.59,44.6,800.0,12.91,75.38,0.781,0
FAZ_00961,TerraScan_X,Algodao,473.33,Inundacao,Argiloso,Verao,12.47,125.61,62.43,8401.19,22.22,53.83,0.575,1
FAZ_00962,OrbSat_Field,Soja,428.32,Gotejamento,,Verao,10.77,135.36,57.57,3637.65,23.78,52.49,0.659,0
FAZ_00963,OrbSat_Field,Tomate,346.11,Gotejamento,Organico,Primavera,14.81,164.63,43.23,2320.5,19.7,90.69,0.762,1
FAZ_00964,AgroSat_BR,Cenoura,224.18,Inundacao,Arenoso,Verao,6.67,92.59,49.34,6302.56,33.27,60.66,0.716,0
FAZ_00965,Gaia_Vision,Trigo,161.24,Aspersao,Franco,Verao,5.36,22.13,35.14,1535.59,35.73,49.76,0.719,0
FAZ_00966,OrbSat_Field,Arroz,439.53,Sequeiro,Organico,Primavera,9.19,81.24,45.18,5946.51,18.72,66.0,0.865,1
FAZ_00967,Sentinel_Agro,Tomate,457.1,Aspersao,Arenoso,Primavera,7.04,141.52,51.75,4476.27,15.5,62.11,0.486,0
FAZ_00968,AgroSat_BR,Algodao,389.12,Gotejamento,Siltoso,Primavera,10.84,191.27,54.51,3120.78,29.93,56.39,0.585,0
FAZ_00969,TerraScan_X,Tomate,526.03,Inundacao,Argiloso,Outono,15.22,126.04,69.8,8489.71,31.01,67.18,0.721,1
FAZ_00970,AgroSat_BR,Cana_de_Acucar,342.57,Manual,Franco,Verao,7.89,114.56,34.74,3672.94,38.18,27.85,0.401,0
FAZ_00971,TerraScan_X,Tomate,424.29,Gotejamento,Arenoso,Verao,21.79,131.3,57.53,3452.69,25.74,55.81,0.648,1
FAZ_00972,AgroSat_BR,Milho,211.29,Aspersao,Siltoso,Verao,6.25,28.77,36.51,2259.69,23.22,73.69,0.716,0
FAZ_00973,AgroSat_BR,Milho,493.17,Manual,Argiloso,Primavera,12.89,121.38,72.37,6113.26,30.07,62.97,0.622,0
FAZ_00974,AgroSat_BR,Tomate,554.51,Gotejamento,Siltoso,Inverno,12.34,174.5,68.16,6985.41,30.51,54.91,0.61,1
FAZ_00975,TerraScan_X,Arroz,298.42,Sequeiro,Siltoso,Verao,6.75,39.85,34.61,1566.35,30.43,46.11,0.501,1
FAZ_00976,TerraScan_X,Algodao,771.68,Aspersao,Organico,Primavera,18.26,146.03,74.17,9998.29,33.37,55.58,0.573,1
FAZ_00977,AgroSat_BR,Cenoura,370.03,Gotejamento,Siltoso,Primavera,10.94,66.95,67.6,3450.59,22.55,68.44,0.805,0
FAZ_00978,OrbSat_Field,Cenoura,284.96,Inundacao,Organico,Primavera,4.67,81.9,50.3,7253.89,22.81,36.75,0.496,1
FAZ_00979,Gaia_Vision,Tomate,340.9,Gotejamento,Calcario,Outono,17.32,86.57,37.52,3997.66,33.38,59.1,0.725,0
FAZ_00980,Gaia_Vision,Tomate,425.02,Inundacao,Organico,Primavera,15.25,134.03,48.67,6708.27,25.62,48.33,0.614,1
FAZ_00981,Gaia_Vision,Milho,795.21,Aspersao,Siltoso,Inverno,19.02,114.95,60.5,6748.01,25.32,63.04,0.596,1
FAZ_00982,TerraScan_X,Arroz,308.7,Gotejamento,Arenoso,Outono,10.76,77.64,45.17,1734.97,19.13,80.91,0.666,0
FAZ_00983,TerraScan_X,Tomate,360.8,Sequeiro,Siltoso,Primavera,12.68,115.01,50.64,4055.37,22.48,57.53,0.632,0
FAZ_00984,OrbSat_Field,Cenoura,401.16,Inundacao,Siltoso,Inverno,12.3,53.37,56.17,6867.14,11.6,,0.782,0
FAZ_00985,Gaia_Vision,Algodao,208.86,Inundacao,Arenoso,Inverno,8.96,91.86,43.44,6680.87,21.03,63.02,0.665,0
FAZ_00986,Gaia_Vision,Soja,307.16,Aspersao,Argiloso,Verao,6.7,30.15,40.63,3493.74,25.67,56.15,0.637,0
FAZ_00987,AgroSat_BR,Cana_de_Acucar,339.64,Gotejamento,Franco,Primavera,16.6,53.94,45.84,1803.09,26.86,67.81,0.77,0
FAZ_00988,TerraScan_X,Tomate,321.97,Manual,Calcario,Primavera,13.07,117.78,49.98,4581.05,23.21,69.98,0.764,0
FAZ_00989,Gaia_Vision,Tomate,301.2,Manual,Argiloso,Verao,10.99,126.82,46.09,3144.79,41.12,50.84,0.579,1
FAZ_00990,OrbSat_Field,Arroz,467.07,Gotejamento,Siltoso,Inverno,11.7,31.06,62.13,2377.66,22.84,67.74,0.904,0
FAZ_00991,OrbSat_Field,Soja,364.07,Aspersao,Argiloso,Primavera,3.51,45.91,48.02,2861.64,25.54,61.89,0.675,0
FAZ_00992,Gaia_Vision,Trigo,300.97,Aspersao,Franco,Verao,5.93,83.36,43.31,3024.34,25.67,70.75,0.748,0
FAZ_00993,TerraScan_X,Algodao,319.39,Aspersao,Argiloso,Verao,3.7,144.64,60.71,3323.76,30.27,83.27,0.746,0
FAZ_00994,OrbSat_Field,Algodao,441.43,Manual,Franco,Inverno,15.66,149.22,54.93,5802.29,25.38,66.1,0.604,1
FAZ_00995,AgroSat_BR,Milho,302.34,Gotejamento,Argiloso,Inverno,16.16,41.37,55.19,2494.23,11.87,,0.95,0
FAZ_00996,OrbSat_Field,Milho,468.26,Gotejamento,Organico,Primavera,12.46,97.37,48.09,2459.87,31.41,59.5,0.656,0
FAZ_00997,Sentinel_Agro,Batata,476.81,Gotejamento,Siltoso,Primavera,10.98,127.83,54.38,6810.09,30.29,57.83,0.594,1
FAZ_00998,Sentinel_Agro,Cenoura,369.66,Aspersao,Franco,Outono,10.57,103.47,37.99,3140.89,26.57,48.79,0.536,1
FAZ_00999,TerraScan_X,Algodao,370.44,Aspersao,Calcario,Inverno,6.4,199.27,52.8,2104.51,27.76,66.73,0.684,0
FAZ_01000,Gaia_Vision,Arroz,461.93,Sequeiro,Siltoso,Outono,3.59,105.66,44.19,3130.46,20.76,57.44,0.725,0
FAZ_01001,TerraScan_X,Arroz,528.25,Manual,Organico,Outono,12.49,166.94,52.0,5002.67,15.49,70.58,0.734,0
FAZ_01002,TerraScan_X,Soja,320.62,Gotejamento,Argiloso,Verao,5.71,68.33,52.37,4503.86,32.77,64.19,0.7,0
FAZ_01003,TerraScan_X,Arroz,465.75,Manual,Siltoso,Verao,9.44,45.28,70.21,5139.7,20.33,80.75,0.822,0
FAZ_01004,TerraScan_X,Tomate,397.6,Inundacao,Argiloso,Primavera,16.13,118.29,62.43,6619.79,17.61,58.86,0.658,0
FAZ_01005,AgroSat_BR,Cenoura,240.82,Aspersao,Argiloso,Inverno,7.41,64.33,38.27,1663.8,14.99,72.82,0.687,0
FAZ_01006,AgroSat_BR,Tomate,450.54,Gotejamento,Siltoso,Inverno,22.24,78.75,66.99,2018.45,20.51,84.29,0.761,0
FAZ_01007,OrbSat_Field,Cana_de_Acucar,723.96,Gotejamento,Franco,Outono,29.28,138.62,80.29,3967.16,22.83,64.17,0.778,0
FAZ_01008,Sentinel_Agro,Algodao,377.94,Aspersao,Franco,Outono,6.36,142.97,59.89,2057.85,18.77,73.28,0.77,0
FAZ_01009,TerraScan_X,Cenoura,743.05,Manual,Siltoso,Primavera,21.64,103.68,80.48,8679.66,37.22,38.12,0.505,1
FAZ_01010,OrbSat_Field,Trigo,192.64,Aspersao,Franco,Verao,7.69,40.25,37.84,2340.09,36.42,69.09,0.714,0
FAZ_01011,Sentinel_Agro,Trigo,435.32,Sequeiro,Arenoso,Inverno,,123.84,57.37,4867.48,21.85,68.36,0.686,0
FAZ_01012,Gaia_Vision,Cana_de_Acucar,297.85,Manual,Argiloso,Inverno,13.15,67.25,43.63,4417.94,26.07,51.91,,0
FAZ_01013,AgroSat_BR,Cenoura,405.09,Aspersao,Siltoso,Inverno,7.58,59.6,61.16,3317.85,20.16,86.15,0.838,0
FAZ_01014,Sentinel_Agro,Batata,212.24,Manual,Calcario,Inverno,6.24,73.1,39.57,1536.08,31.53,69.07,0.738,0
FAZ_01015,Gaia_Vision,Batata,637.5,Gotejamento,Organico,Verao,7.16,211.17,51.98,4290.91,45.0,35.5,0.523,0
FAZ_01016,Sentinel_Agro,Batata,256.37,Gotejamento,Siltoso,Primavera,8.78,74.13,53.02,1974.98,28.91,75.18,0.748,0
FAZ_01017,AgroSat_BR,Algodao,297.87,Inundacao,Siltoso,Primavera,8.37,90.97,48.15,6042.6,13.33,76.47,0.777,0
FAZ_01018,AgroSat_BR,Algodao,393.85,Aspersao,Argiloso,Verao,9.77,144.11,44.48,3326.86,31.36,48.68,0.573,1
FAZ_01019,OrbSat_Field,Batata,266.48,Aspersao,Organico,Primavera,5.8,128.74,47.97,2313.4,25.37,68.5,0.609,1
FAZ_01020,TerraScan_X,Trigo,262.71,Inundacao,Argiloso,Primavera,5.58,109.8,50.49,5025.2,26.49,61.66,0.7,0
FAZ_01021,Sentinel_Agro,Cenoura,394.09,Sequeiro,Calcario,Outono,10.54,84.87,40.85,4092.5,31.73,37.74,0.47,1
FAZ_01022,Sentinel_Agro,Arroz,403.38,Aspersao,Franco,Verao,5.59,31.31,62.86,4198.31,26.53,87.76,0.856,0
FAZ_01023,Gaia_Vision,Cenoura,340.77,Aspersao,Siltoso,Primavera,12.95,60.36,55.24,5175.62,24.06,65.26,0.579,0
FAZ_01024,AgroSat_BR,Batata,498.15,Inundacao,Argiloso,Outono,13.14,92.94,67.15,9789.51,25.67,64.75,0.688,0
FAZ_01025,Sentinel_Agro,Cenoura,359.13,Inundacao,Calcario,Verao,5.12,76.63,55.91,8504.57,27.22,58.48,0.751,1
FAZ_01026,AgroSat_BR,Soja,221.77,Gotejamento,Calcario,Verao,5.29,59.21,35.4,1894.5,34.01,57.33,0.698,0
FAZ_01027,Sentinel_Agro,Algodao,148.69,Sequeiro,Arenoso,Inverno,4.11,95.75,29.96,1633.85,14.7,67.78,0.58,0
FAZ_01028,OrbSat_Field,Algodao,360.7,Inundacao,Siltoso,Outono,5.17,136.56,64.11,6715.69,27.59,59.92,0.715,1
FAZ_01029,TerraScan_X,Trigo,214.6,Inundacao,Calcario,Outono,3.13,57.04,36.51,5980.44,30.93,45.3,0.552,1
FAZ_01030,Sentinel_Agro,Arroz,516.57,Sequeiro,Franco,Outono,10.46,53.05,58.35,4039.17,29.85,56.39,0.646,0
FAZ_01031,AgroSat_BR,Batata,96.34,Sequeiro,Argiloso,Verao,2.67,104.02,19.95,1009.33,29.75,42.21,0.645,0
FAZ_01032,OrbSat_Field,Trigo,464.63,Gotejamento,Argiloso,Inverno,11.55,128.09,57.76,3797.97,28.11,74.36,0.725,0
FAZ_01033,Sentinel_Agro,Trigo,242.12,Gotejamento,Arenoso,Verao,7.56,57.98,50.3,800.0,21.29,68.53,0.766,0
FAZ_01034,Gaia_Vision,Arroz,506.72,Manual,Franco,Primavera,20.24,32.99,64.59,3266.0,26.63,58.35,0.712,0
FAZ_01035,TerraScan_X,Tomate,236.79,Sequeiro,Calcario,Primavera,8.73,92.5,30.13,3785.68,42.5,47.01,0.662,0
FAZ_01036,Sentinel_Agro,Batata,798.13,Inundacao,Arenoso,Primavera,26.91,121.3,95.0,10692.61,33.63,64.48,0.623,1
FAZ_01037,OrbSat_Field,Algodao,781.64,Aspersao,Calcario,Inverno,9.7,216.9,95.0,7890.16,24.64,86.36,0.707,1
FAZ_01038,Gaia_Vision,Arroz,604.99,Inundacao,Calcario,Verao,9.74,219.68,74.9,11804.16,35.33,58.73,0.737,1
FAZ_01039,OrbSat_Field,Soja,462.05,Gotejamento,Siltoso,Outono,8.86,136.85,51.16,6268.61,26.22,57.45,0.658,1
FAZ_01040,OrbSat_Field,Trigo,159.27,Sequeiro,Organico,Primavera,4.68,16.29,38.42,2225.12,25.11,73.67,0.77,0
FAZ_01041,Gaia_Vision,Arroz,213.09,Aspersao,Calcario,Primavera,4.09,41.75,35.7,3188.52,29.02,56.77,0.646,0
FAZ_01042,OrbSat_Field,Algodao,277.23,Sequeiro,Argiloso,Verao,6.43,95.65,38.64,1934.09,33.03,43.39,0.678,0
FAZ_01043,Gaia_Vision,Cenoura,244.78,Aspersao,Calcario,Outono,5.54,14.89,45.74,2312.1,32.68,57.19,0.68,0
FAZ_01044,Sentinel_Agro,Algodao,468.67,Sequeiro,Arenoso,Inverno,13.97,190.64,36.18,5656.47,20.85,70.1,0.619,1
FAZ_01045,Gaia_Vision,Soja,265.85,Aspersao,Calcario,Primavera,7.58,81.89,61.97,3036.6,25.76,89.86,0.894,0
FAZ_01046,Gaia_Vision,Arroz,465.97,Manual,Argiloso,Primavera,17.63,27.37,64.71,5011.61,33.03,50.66,0.616,1
FAZ_01047,TerraScan_X,Soja,492.3,Sequeiro,Argiloso,Primavera,9.13,88.96,61.51,4009.25,21.28,91.29,0.806,0
FAZ_01048,Gaia_Vision,Batata,612.08,Inundacao,Arenoso,Outono,14.08,175.27,50.43,8158.6,25.57,68.84,0.61,1
FAZ_01049,Gaia_Vision,Batata,698.75,Inundacao,Argiloso,Primavera,15.93,191.85,66.39,8210.04,31.32,50.5,0.514,1
FAZ_01050,Sentinel_Agro,Cenoura,436.01,Gotejamento,Franco,Outono,14.3,45.88,77.57,4212.08,19.85,83.81,0.932,0
FAZ_01051,TerraScan_X,Trigo,691.81,Aspersao,Franco,Primavera,25.39,211.28,78.47,8617.37,25.32,60.3,0.591,1
FAZ_01052,AgroSat_BR,Tomate,311.86,Sequeiro,Organico,Primavera,12.13,106.53,31.42,2485.97,13.49,70.19,0.604,0
FAZ_01053,Sentinel_Agro,Milho,413.27,Aspersao,Franco,Outono,17.06,64.2,49.06,3940.92,22.14,65.86,0.747,0
FAZ_01054,Sentinel_Agro,Soja,703.58,Manual,Arenoso,Outono,25.43,175.09,85.75,6234.34,20.25,72.9,0.636,1
FAZ_01055,AgroSat_BR,Cenoura,466.44,Inundacao,Calcario,Inverno,14.59,97.14,74.41,10324.38,17.69,80.27,0.85,1
FAZ_01056,Gaia_Vision,Algodao,271.09,Gotejamento,Franco,Verao,3.98,146.99,45.49,1979.68,39.48,54.36,0.529,1
FAZ_01057,OrbSat_Field,Arroz,384.03,Aspersao,Organico,Primavera,13.23,84.47,57.99,4430.23,13.16,80.24,0.917,0
FAZ_01058,TerraScan_X,Trigo,822.28,Aspersao,Siltoso,Primavera,26.45,246.15,51.5,9769.99,30.23,61.79,0.522,1
FAZ_01059,OrbSat_Field,Milho,167.41,Gotejamento,Siltoso,Verao,8.27,58.49,37.67,1483.54,27.46,50.51,0.704,0
FAZ_01060,AgroSat_BR,Arroz,326.0,Sequeiro,Arenoso,Verao,6.91,32.4,49.38,3761.75,32.3,50.0,0.647,0
FAZ_01061,Sentinel_Agro,Algodao,1168.06,Manual,Organico,Verao,25.92,289.45,73.2,13122.33,25.14,62.21,0.609,1
FAZ_01062,Sentinel_Agro,Milho,498.15,Aspersao,Franco,Primavera,22.55,99.87,57.55,5678.4,30.58,83.3,0.743,0
FAZ_01063,TerraScan_X,Algodao,456.55,Aspersao,Organico,Primavera,10.02,184.11,62.62,5584.55,22.19,62.23,0.613,0
FAZ_01064,Sentinel_Agro,Algodao,278.57,Inundacao,Argiloso,Primavera,6.11,134.38,44.11,8025.24,17.01,73.42,0.712,1
FAZ_01065,Sentinel_Agro,Algodao,304.42,Aspersao,Organico,Outono,6.24,128.38,54.83,3898.21,24.39,58.4,0.61,1
FAZ_01066,TerraScan_X,Batata,302.02,Gotejamento,Franco,Inverno,1.92,99.0,48.27,2664.14,19.56,79.28,0.666,0
FAZ_01067,TerraScan_X,Milho,358.14,Aspersao,Arenoso,Inverno,14.4,93.95,57.56,5787.73,16.58,81.9,0.813,0
FAZ_01068,AgroSat_BR,Algodao,565.83,Sequeiro,Argiloso,Verao,19.7,131.98,74.41,6104.74,29.96,67.07,0.683,1
FAZ_01069,Sentinel_Agro,Tomate,569.7,Gotejamento,Organico,Verao,11.99,203.26,59.97,3521.41,24.45,71.17,0.734,0
FAZ_01070,Sentinel_Agro,Milho,482.82,Aspersao,Siltoso,Primavera,18.66,126.26,53.47,6232.5,22.41,73.87,0.596,1
FAZ_01071,AgroSat_BR,Batata,377.56,Sequeiro,Franco,Inverno,11.18,85.24,40.54,3356.46,25.46,64.99,0.687,0
FAZ_01072,Gaia_Vision,Soja,138.96,Gotejamento,Arenoso,Inverno,4.08,10.63,39.34,1101.25,25.33,67.27,0.709,0
FAZ_01073,Gaia_Vision,Soja,657.92,Sequeiro,Calcario,Outono,19.49,156.21,62.63,7856.17,25.21,63.02,0.602,1
FAZ_01074,Gaia_Vision,Trigo,533.86,Aspersao,Franco,Primavera,8.22,181.39,52.57,4233.26,23.99,70.45,0.647,0
FAZ_01075,AgroSat_BR,Cana_de_Acucar,662.91,Gotejamento,Organico,Primavera,24.97,83.7,54.87,8112.79,33.61,51.41,0.643,1
FAZ_01076,Sentinel_Agro,Tomate,281.74,Gotejamento,Arenoso,Inverno,17.32,147.19,37.19,2841.68,28.58,71.74,0.614,1
FAZ_01077,AgroSat_BR,Soja,307.36,Gotejamento,Siltoso,Inverno,2.52,93.42,61.12,2289.18,21.05,88.79,0.841,0
FAZ_01078,AgroSat_BR,Batata,1132.4,Gotejamento,Argiloso,Outono,30.68,122.27,95.0,10713.13,10.63,76.19,0.702,0
FAZ_01079,Gaia_Vision,Cana_de_Acucar,178.94,Gotejamento,Organico,Outono,8.13,48.76,45.63,800.0,29.7,67.84,0.829,0
FAZ_01080,OrbSat_Field,Algodao,508.1,Aspersao,Arenoso,Primavera,17.51,187.88,54.77,6116.9,23.8,83.52,0.687,1
FAZ_01081,Sentinel_Agro,Algodao,613.4,Gotejamento,Argiloso,Outono,9.59,270.79,76.08,4500.38,22.32,71.48,0.61,0
FAZ_01082,Gaia_Vision,Cenoura,155.12,Inundacao,Arenoso,Inverno,4.25,27.97,39.92,4805.25,18.72,83.94,0.727,0
FAZ_01083,OrbSat_Field,Cana_de_Acucar,385.54,Manual,Calcario,Primavera,10.64,50.55,59.93,5035.75,33.43,61.4,0.75,0
FAZ_01084,OrbSat_Field,Batata,350.15,Sequeiro,Organico,Inverno,5.34,96.58,40.71,5244.08,23.88,53.52,0.683,0
FAZ_01085,TerraScan_X,Tomate,215.59,Inundacao,Arenoso,Primavera,6.48,137.16,37.98,4116.83,26.62,55.13,0.616,1
FAZ_01086,Sentinel_Agro,Cana_de_Acucar,525.77,Sequeiro,Siltoso,Primavera,14.32,171.96,59.18,3922.3,22.65,72.81,0.584,1
FAZ_01087,OrbSat_Field,Soja,203.05,Gotejamento,Arenoso,Inverno,5.05,51.43,47.27,1472.02,28.72,48.89,0.64,0
FAZ_01088,Gaia_Vision,Tomate,434.94,Gotejamento,Organico,Primavera,14.6,149.3,50.01,4407.16,24.17,63.14,0.675,0
FAZ_01089,TerraScan_X,Cenoura,291.15,Aspersao,Arenoso,Primavera,10.5,40.88,48.8,3291.26,35.63,61.75,0.672,0
FAZ_01090,Sentinel_Agro,Tomate,108.83,Manual,Argiloso,Outono,7.25,86.64,40.74,937.9,25.73,55.92,0.659,0
FAZ_01091,AgroSat_BR,Algodao,303.95,Sequeiro,Argiloso,Inverno,5.99,61.64,46.53,4944.26,28.46,46.64,0.624,1
FAZ_01092,Gaia_Vision,Cenoura,299.9,Inundacao,Calcario,Inverno,8.34,65.61,47.81,6968.2,15.83,72.12,0.731,0
FAZ_01093,OrbSat_Field,Soja,525.37,Aspersao,Franco,Outono,7.4,85.66,79.26,2733.21,23.45,82.76,0.732,0
FAZ_01094,OrbSat_Field,Milho,529.18,Inundacao,Calcario,Primavera,22.13,95.64,53.75,8354.52,37.31,40.91,0.498,1
FAZ_01095,Gaia_Vision,Soja,176.06,Gotejamento,Franco,Verao,1.95,59.87,39.13,800.0,39.54,47.8,0.616,0
FAZ_01096,OrbSat_Field,Soja,416.56,Aspersao,Siltoso,Verao,4.87,86.47,44.65,4362.23,38.68,52.98,0.642,0
FAZ_01097,TerraScan_X,Arroz,297.98,Aspersao,Argiloso,Inverno,5.75,94.75,63.26,4586.15,22.12,90.13,0.95,0
FAZ_01098,Sentinel_Agro,Algodao,413.99,Gotejamento,Franco,Outono,15.84,136.38,69.47,4572.26,31.8,53.08,0.635,1
FAZ_01099,TerraScan_X,Algodao,386.86,Gotejamento,Arenoso,Primavera,5.54,82.48,43.1,3450.82,37.0,46.56,0.555,1
FAZ_01100,OrbSat_Field,Batata,317.36,Manual,Siltoso,Outono,6.65,112.45,50.77,2719.07,33.79,55.58,0.614,0
FAZ_01101,AgroSat_BR,Arroz,609.91,Inundacao,Organico,Primavera,23.8,70.12,63.5,9110.43,24.7,76.1,0.763,0
FAZ_01102,Sentinel_Agro,Trigo,215.18,Aspersao,Franco,Inverno,6.1,24.44,48.3,2766.66,30.32,57.22,0.732,0
FAZ_01103,Sentinel_Agro,Soja,272.45,Aspersao,Calcario,Inverno,7.83,75.98,49.1,2920.39,18.63,93.31,0.831,0
FAZ_01104,Gaia_Vision,Batata,640.83,Sequeiro,Franco,Verao,25.41,110.18,65.82,3341.89,21.71,51.33,0.62,0
FAZ_01105,Gaia_Vision,Arroz,340.13,Aspersao,Calcario,Outono,9.38,106.44,48.82,2671.9,21.6,60.99,0.565,0
FAZ_01106,AgroSat_BR,Cenoura,478.38,Gotejamento,Calcario,Inverno,3.48,151.1,49.82,4283.72,20.04,68.31,0.676,0
FAZ_01107,Sentinel_Agro,Tomate,444.53,Aspersao,Argiloso,Outono,10.71,156.42,66.16,4109.29,27.89,66.07,0.591,0
FAZ_01108,AgroSat_BR,Tomate,441.57,Inundacao,Siltoso,Inverno,19.64,93.13,56.57,7785.59,23.58,60.4,0.585,1
FAZ_01109,Gaia_Vision,Algodao,317.05,Gotejamento,Calcario,Primavera,6.25,130.25,42.93,3140.5,19.69,67.66,0.712,0
FAZ_01110,Gaia_Vision,Arroz,230.38,Aspersao,Argiloso,Primavera,5.85,54.9,47.17,2413.31,17.98,56.78,0.662,0
FAZ_01111,Sentinel_Agro,Soja,345.15,Aspersao,Argiloso,Verao,8.19,26.16,46.36,3849.27,31.16,62.99,0.729,0
FAZ_01112,TerraScan_X,Soja,634.55,Aspersao,Calcario,Inverno,19.09,168.84,57.8,7576.2,8.92,85.38,0.679,1
FAZ_01113,OrbSat_Field,Milho,243.33,Aspersao,Siltoso,Verao,6.17,97.3,37.58,2965.15,36.02,57.49,0.656,0
FAZ_01114,Gaia_Vision,Tomate,165.82,Inundacao,Arenoso,Verao,10.49,87.3,33.53,4771.5,29.52,47.38,0.572,0
FAZ_01115,Gaia_Vision,Batata,497.72,Sequeiro,Franco,Inverno,18.68,81.89,56.76,5918.61,13.05,71.66,0.827,1
FAZ_01116,TerraScan_X,Arroz,185.65,Sequeiro,Argiloso,Inverno,2.64,26.21,41.94,1292.77,20.84,,0.802,0
FAZ_01117,TerraScan_X,Soja,479.11,Inundacao,Franco,Primavera,8.32,153.33,39.47,8832.26,28.44,53.3,0.595,1
FAZ_01118,AgroSat_BR,Milho,256.92,Aspersao,Siltoso,Verao,9.21,24.19,44.03,3589.14,32.31,55.27,0.716,0
FAZ_01119,AgroSat_BR,Arroz,495.68,Manual,Arenoso,Primavera,10.54,101.74,63.29,5137.54,33.28,57.46,0.662,0
FAZ_01120,OrbSat_Field,Cana_de_Acucar,554.06,Manual,Organico,Outono,18.36,72.59,51.41,5110.7,28.43,45.39,0.581,0
FAZ_01121,OrbSat_Field,Soja,555.59,Manual,Arenoso,Outono,16.75,163.56,32.64,5811.35,26.69,59.2,0.532,1
FAZ_01122,Sentinel_Agro,Cana_de_Acucar,547.27,Gotejamento,Siltoso,Verao,22.16,126.8,63.56,6166.96,28.83,60.28,0.565,1
FAZ_01123,AgroSat_BR,Arroz,423.46,Gotejamento,Arenoso,Verao,11.08,117.05,41.56,5873.87,25.65,63.75,0.551,1
FAZ_01124,Gaia_Vision,Soja,437.76,Sequeiro,Organico,Inverno,12.25,131.46,53.38,6223.17,19.56,,0.77,0
FAZ_01125,AgroSat_BR,Cana_de_Acucar,192.67,Sequeiro,Argiloso,Inverno,5.52,19.29,37.94,2806.97,28.73,64.11,0.766,0
FAZ_01126,Gaia_Vision,Trigo,361.01,Inundacao,Arenoso,Verao,7.73,85.34,46.26,9343.98,26.42,61.75,0.504,1
FAZ_01127,TerraScan_X,Milho,342.97,Sequeiro,Calcario,Verao,12.39,45.99,49.78,3514.18,45.0,44.58,0.671,0
FAZ_01128,AgroSat_BR,Batata,628.78,Manual,Calcario,Outono,10.0,124.6,61.47,2663.87,20.37,71.04,0.658,0
FAZ_01129,TerraScan_X,Tomate,376.15,Aspersao,Siltoso,Primavera,12.46,169.78,51.12,4666.56,32.48,54.09,0.595,1
FAZ_01130,OrbSat_Field,Milho,308.0,Aspersao,Arenoso,Outono,11.73,76.92,51.09,3187.77,34.93,57.68,0.632,0
FAZ_01131,OrbSat_Field,Cana_de_Acucar,431.94,Inundacao,Organico,Outono,16.77,127.28,52.8,5784.7,15.89,64.59,0.715,0
FAZ_01132,Sentinel_Agro,Soja,373.59,Aspersao,Siltoso,Primavera,8.73,70.06,43.75,3205.0,32.33,61.42,0.622,0
FAZ_01133,AgroSat_BR,Trigo,649.91,Sequeiro,Arenoso,Verao,10.02,145.1,66.36,7317.58,28.15,29.43,0.344,1
FAZ_01134,TerraScan_X,Trigo,204.06,Aspersao,Siltoso,Verao,7.55,67.37,44.19,1935.12,20.6,47.36,0.716,0
FAZ_01135,Gaia_Vision,Tomate,385.9,Manual,Calcario,Outono,13.74,136.75,53.37,3173.49,15.69,73.68,0.812,0
FAZ_01136,OrbSat_Field,Trigo,546.44,Manual,Organico,Outono,22.15,66.26,81.86,5856.91,30.74,67.26,0.773,0
FAZ_01137,OrbSat_Field,Milho,204.34,Gotejamento,Argiloso,Primavera,12.5,37.82,33.12,1556.18,33.16,59.82,0.645,0
FAZ_01138,Gaia_Vision,Trigo,305.69,Gotejamento,Organico,Inverno,6.35,25.48,51.7,3679.17,20.99,65.73,0.73,0
FAZ_01139,TerraScan_X,Tomate,335.81,Inundacao,Argiloso,Inverno,7.82,145.6,48.39,8115.44,31.61,49.88,0.54,1
FAZ_01140,TerraScan_X,Trigo,377.0,Aspersao,Franco,Verao,5.42,66.43,70.83,5074.98,19.67,78.24,0.75,0
FAZ_01141,AgroSat_BR,Trigo,150.55,Inundacao,Calcario,Inverno,2.18,43.7,49.29,5547.27,22.17,80.17,0.797,0
FAZ_01142,AgroSat_BR,Cenoura,543.66,Gotejamento,Calcario,Verao,14.19,25.27,64.76,4489.58,34.03,28.16,0.572,0
FAZ_01143,Sentinel_Agro,Milho,555.87,Aspersao,Calcario,Verao,12.52,155.28,80.13,4981.92,33.96,66.38,0.77,0
FAZ_01144,OrbSat_Field,Cana_de_Acucar,441.82,Gotejamento,Organico,Verao,19.84,108.14,67.54,2293.47,19.27,70.57,0.666,0
FAZ_01145,AgroSat_BR,Algodao,245.77,Aspersao,Argiloso,Primavera,10.25,144.03,46.73,1841.6,28.79,65.06,0.658,0
FAZ_01146,TerraScan_X,Trigo,285.82,Gotejamento,Franco,Outono,7.85,45.9,48.14,800.0,24.72,44.89,,0
FAZ_01147,Gaia_Vision,Batata,206.76,Sequeiro,Franco,Inverno,3.12,131.69,28.93,3216.91,24.46,55.6,0.621,1
FAZ_01148,TerraScan_X,Trigo,583.08,Aspersao,Franco,Primavera,9.29,117.42,70.19,5184.23,17.89,75.4,0.856,0
FAZ_01149,OrbSat_Field,Cenoura,251.22,Sequeiro,Siltoso,Inverno,6.2,51.56,41.14,1666.9,29.68,59.71,0.749,0
FAZ_01150,TerraScan_X,Cana_de_Acucar,246.65,Sequeiro,Organico,Primavera,14.73,58.79,38.27,2795.4,28.15,42.58,0.643,0
FAZ_01151,Sentinel_Agro,Batata,282.31,Sequeiro,Organico,Inverno,3.86,111.6,33.02,3243.54,23.05,70.36,0.755,0
FAZ_01152,OrbSat_Field,Batata,697.43,Aspersao,Calcario,Inverno,12.14,201.8,89.43,7294.12,26.75,74.55,0.712,1
FAZ_01153,Gaia_Vision,Milho,349.76,Manual,Organico,Outono,8.98,69.1,62.4,3808.3,30.6,66.47,0.758,0
FAZ_01154,Sentinel_Agro,Tomate,270.08,Gotejamento,Organico,Inverno,10.74,125.8,41.81,1204.43,26.29,68.34,0.722,0
FAZ_01155,OrbSat_Field,Tomate,531.09,Gotejamento,,Primavera,19.6,249.18,70.54,5053.61,27.21,62.64,0.549,1
FAZ_01156,Gaia_Vision,Cana_de_Acucar,452.46,Sequeiro,Organico,Inverno,,82.45,72.21,5119.83,22.17,84.01,0.879,0
FAZ_01157,Sentinel_Agro,Tomate,91.09,Gotejamento,Argiloso,Outono,9.82,42.36,30.51,1329.53,22.76,58.54,0.742,0
FAZ_01158,Sentinel_Agro,Arroz,738.39,Sequeiro,Franco,Inverno,19.73,226.29,73.27,10135.92,17.11,70.61,0.605,1
FAZ_01159,OrbSat_Field,Cenoura,365.18,Inundacao,Siltoso,Primavera,8.33,64.35,61.73,7538.91,24.41,62.46,0.771,0
FAZ_01160,AgroSat_BR,Algodao,622.01,Aspersao,Siltoso,Inverno,19.91,201.77,67.28,6836.09,26.46,79.39,0.673,1
FAZ_01161,Sentinel_Agro,Algodao,565.48,Gotejamento,Calcario,Outono,8.15,238.59,59.34,3695.75,30.81,59.41,0.448,1
FAZ_01162,Sentinel_Agro,Milho,427.3,Manual,Organico,Outono,14.39,49.41,57.47,5583.72,11.03,73.95,0.806,0
FAZ_01163,Gaia_Vision,Milho,196.43,Inundacao,Franco,Outono,9.8,33.45,46.09,5522.2,30.08,78.44,0.84,0
FAZ_01164,TerraScan_X,Algodao,371.55,Manual,Argiloso,Outono,11.95,96.34,75.55,2333.88,15.15,83.5,0.762,0
FAZ_01165,OrbSat_Field,Tomate,327.46,Aspersao,Franco,Verao,13.05,90.9,52.67,1417.23,28.44,68.86,0.745,0
FAZ_01166,OrbSat_Field,Soja,796.96,Gotejamento,Arenoso,Outono,24.45,62.9,67.74,7771.46,30.67,58.29,0.55,1
FAZ_01167,AgroSat_BR,Arroz,225.69,Aspersao,Franco,Inverno,4.36,64.33,46.88,1001.04,18.07,82.84,0.918,0
FAZ_01168,AgroSat_BR,Trigo,755.9,Aspersao,Argiloso,Inverno,26.78,77.69,92.22,9458.88,18.51,87.24,0.773,1
FAZ_01169,OrbSat_Field,Cana_de_Acucar,221.19,Gotejamento,Argiloso,Inverno,10.83,48.32,58.8,2430.39,18.29,69.47,0.844,0
FAZ_01170,AgroSat_BR,Cenoura,346.73,Gotejamento,Argiloso,Inverno,11.3,85.55,49.28,1722.52,22.25,61.32,0.779,0
FAZ_01171,Gaia_Vision,Soja,706.01,Aspersao,Siltoso,Verao,20.69,76.79,95.0,4443.08,23.76,75.81,0.889,0
FAZ_01172,OrbSat_Field,Arroz,213.93,Manual,Siltoso,Verao,6.8,69.51,42.97,6330.06,33.35,59.78,0.714,0
FAZ_01173,AgroSat_BR,Trigo,685.62,Inundacao,Arenoso,Verao,,232.53,76.62,8265.92,36.66,56.36,0.428,1
FAZ_01174,OrbSat_Field,Milho,680.84,Gotejamento,Franco,Inverno,13.82,102.99,55.83,4471.87,32.19,58.79,0.696,0
FAZ_01175,TerraScan_X,Arroz,605.29,Inundacao,Organico,Primavera,15.03,71.26,58.79,9736.67,22.66,64.66,0.704,0
FAZ_01176,Sentinel_Agro,Algodao,352.15,Inundacao,Calcario,Primavera,9.02,125.21,46.17,8525.31,33.56,56.21,0.624,1
FAZ_01177,OrbSat_Field,Arroz,367.53,Inundacao,Arenoso,Inverno,3.07,68.83,59.04,8775.19,20.76,70.39,0.785,0
FAZ_01178,Sentinel_Agro,Cana_de_Acucar,506.57,Inundacao,Organico,Outono,23.81,152.46,44.77,9542.67,23.06,62.04,,1
FAZ_01179,AgroSat_BR,Batata,224.05,Aspersao,Organico,Outono,8.53,116.86,38.46,2866.61,26.03,60.6,0.643,0
FAZ_01180,Sentinel_Agro,Milho,703.03,Gotejamento,Arenoso,Inverno,13.74,183.38,72.84,6770.78,21.43,70.3,0.576,1
FAZ_01181,OrbSat_Field,Cenoura,357.61,Aspersao,,Outono,8.34,118.48,53.31,2086.18,26.86,82.6,0.779,0
FAZ_01182,TerraScan_X,Cenoura,347.22,Aspersao,Calcario,Outono,4.55,50.18,50.81,3081.39,15.48,85.69,0.818,0
FAZ_01183,AgroSat_BR,Arroz,360.83,Inundacao,Organico,Primavera,6.38,63.87,54.52,6214.02,25.78,62.67,0.696,0
FAZ_01184,OrbSat_Field,Batata,359.64,Sequeiro,Siltoso,Inverno,9.53,95.1,44.63,4516.32,17.39,63.78,0.721,0
FAZ_01185,AgroSat_BR,Trigo,325.69,Aspersao,Siltoso,Verao,4.9,83.82,37.35,2888.63,41.09,43.8,0.515,0
FAZ_01186,Gaia_Vision,Soja,466.44,Manual,Arenoso,Primavera,9.74,89.5,53.87,2596.85,20.34,64.03,0.611,0
FAZ_01187,Sentinel_Agro,Trigo,514.89,Manual,Calcario,Inverno,15.13,136.02,56.49,6626.78,17.25,57.97,0.626,1
FAZ_01188,Gaia_Vision,Soja,207.85,Gotejamento,Calcario,Inverno,6.97,31.97,54.98,800.0,17.65,84.99,0.95,0
FAZ_01189,OrbSat_Field,Batata,418.24,Sequeiro,Organico,Primavera,11.86,121.05,53.05,3049.18,23.54,78.35,0.776,0
FAZ_01190,TerraScan_X,Soja,281.85,Gotejamento,Arenoso,Outono,4.79,64.46,39.49,2398.01,28.88,53.14,0.655,1
FAZ_01191,AgroSat_BR,Cana_de_Acucar,133.56,Sequeiro,Calcario,Outono,8.05,5.96,39.49,800.0,20.47,58.46,0.737,0
FAZ_01192,Sentinel_Agro,Arroz,390.41,Gotejamento,Calcario,Primavera,10.92,56.94,56.64,1911.5,28.84,,0.768,0
FAZ_01193,AgroSat_BR,Trigo,425.37,Aspersao,Siltoso,Inverno,13.47,71.08,57.05,5247.0,15.09,81.14,0.808,0
FAZ_01194,OrbSat_Field,Cana_de_Acucar,299.38,Inundacao,Arenoso,Verao,13.0,63.34,53.87,6096.66,35.37,51.27,0.601,0
FAZ_01195,AgroSat_BR,Trigo,296.51,Sequeiro,Organico,Inverno,9.32,66.64,23.09,4981.19,28.0,62.02,0.614,0
FAZ_01196,Sentinel_Agro,Arroz,233.13,Aspersao,Organico,Verao,6.64,44.13,52.64,1153.61,21.67,89.41,0.851,0
FAZ_01197,OrbSat_Field,Tomate,200.29,Manual,Siltoso,Verao,8.7,93.47,26.74,800.0,27.41,43.53,0.603,1
FAZ_01198,AgroSat_BR,Soja,269.37,Manual,Argiloso,Inverno,4.57,30.89,58.34,3130.86,25.9,79.2,0.895,0
FAZ_01199,TerraScan_X,Batata,242.3,Gotejamento,Argiloso,Inverno,3.57,72.23,52.6,2570.55,16.35,74.57,0.803,0
FAZ_01200,OrbSat_Field,Tomate,299.12,Aspersao,Calcario,Inverno,12.14,84.69,43.74,2225.97,24.06,66.15,0.653,0
FAZ_01201,OrbSat_Field,Tomate,188.1,Aspersao,Franco,Verao,9.96,101.18,41.12,800.0,25.59,69.0,0.741,0
FAZ_01202,TerraScan_X,Cenoura,242.5,Aspersao,Siltoso,Outono,5.82,61.17,43.5,1487.03,29.06,58.96,0.716,0
FAZ_01203,Gaia_Vision,Algodao,437.35,Manual,Franco,Verao,6.32,125.07,74.89,3614.61,31.96,76.8,0.769,0
FAZ_01204,Sentinel_Agro,Cana_de_Acucar,496.39,Sequeiro,Calcario,Verao,21.65,135.27,56.08,3479.26,35.76,51.9,0.601,1
FAZ_01205,Gaia_Vision,Cana_de_Acucar,309.18,Manual,Siltoso,Verao,13.31,89.74,46.83,3154.86,31.78,61.76,0.571,0
FAZ_01206,AgroSat_BR,Cana_de_Acucar,363.57,Sequeiro,Organico,Primavera,14.14,138.54,37.68,2325.11,30.31,66.52,0.582,1
FAZ_01207,TerraScan_X,Cana_de_Acucar,751.55,Gotejamento,Siltoso,Outono,20.01,35.5,62.47,8359.36,26.85,70.64,0.727,1
FAZ_01208,Gaia_Vision,Tomate,480.57,Gotejamento,Arenoso,Verao,19.31,165.24,55.01,5671.38,31.53,55.24,0.474,1
FAZ_01209,OrbSat_Field,Cana_de_Acucar,983.6,Sequeiro,Franco,Verao,25.26,161.5,58.81,8528.65,42.06,47.25,0.572,1
FAZ_01210,AgroSat_BR,Algodao,438.05,Sequeiro,Siltoso,Primavera,14.16,174.82,27.11,3399.55,22.84,58.05,0.468,1
FAZ_01211,AgroSat_BR,Milho,182.35,Gotejamento,Franco,Verao,6.71,36.82,44.59,1019.81,29.98,68.61,0.859,0
FAZ_01212,Gaia_Vision,Arroz,327.52,Aspersao,Calcario,Outono,6.21,21.65,52.12,2083.27,22.2,64.62,,0
FAZ_01213,Gaia_Vision,Cana_de_Acucar,312.28,Manual,Siltoso,Verao,12.84,42.37,47.9,3564.75,28.1,56.4,0.716,0
FAZ_01214,TerraScan_X,Batata,559.67,Gotejamento,Argiloso,Outono,16.57,208.57,73.25,5874.95,23.58,66.93,0.609,1
FAZ_01215,Sentinel_Agro,Milho,534.0,Aspersao,Franco,Outono,18.47,82.9,67.12,5810.51,26.36,54.87,0.586,0
FAZ_01216,Gaia_Vision,Batata,373.63,Inundacao,Organico,Inverno,5.0,111.16,38.43,5265.51,20.01,58.18,0.603,1
FAZ_01217,Gaia_Vision,Batata,391.5,Sequeiro,Organico,Primavera,13.71,157.14,54.62,3132.8,28.97,60.31,0.639,0
FAZ_01218,OrbSat_Field,Trigo,253.02,Manual,Siltoso,Primavera,6.95,2.59,44.4,2278.77,24.01,45.43,0.676,0
FAZ_01219,AgroSat_BR,Batata,556.77,Manual,Organico,Primavera,16.89,156.1,73.98,6281.59,29.27,58.49,0.68,1
FAZ_01220,Sentinel_Agro,Cana_de_Acucar,315.98,Aspersao,Organico,Inverno,11.59,48.51,52.44,2648.21,26.13,69.75,0.735,0
FAZ_01221,OrbSat_Field,Trigo,185.73,Inundacao,Franco,Inverno,7.27,44.22,49.14,6183.12,20.62,76.47,0.771,0
FAZ_01222,TerraScan_X,Cenoura,269.34,Gotejamento,Siltoso,Outono,3.26,39.31,52.6,3452.65,15.08,70.28,0.858,0
FAZ_01223,TerraScan_X,Tomate,318.45,Sequeiro,Franco,Primavera,11.55,124.29,37.65,4675.39,27.97,53.15,0.565,0
FAZ_01224,Gaia_Vision,Batata,404.46,Aspersao,Siltoso,Inverno,10.06,103.18,54.44,2299.83,23.47,49.19,0.581,0
FAZ_01225,Gaia_Vision,Algodao,859.88,Inundacao,Organico,Inverno,17.15,201.06,82.71,13257.7,17.3,75.58,0.721,1
FAZ_01226,TerraScan_X,Arroz,489.52,Sequeiro,Siltoso,Inverno,14.51,45.92,59.42,4981.56,15.08,,0.915,0
FAZ_01227,Gaia_Vision,Batata,167.99,Gotejamento,Calcario,Outono,6.73,60.28,47.03,800.0,23.51,85.91,0.826,0
FAZ_01228,Sentinel_Agro,Cenoura,595.96,Sequeiro,Siltoso,Verao,8.75,60.56,71.3,7229.37,28.56,73.72,0.677,0
FAZ_01229,Gaia_Vision,Soja,417.57,Aspersao,Arenoso,Inverno,10.11,129.16,58.99,3439.73,21.24,72.01,0.805,0
FAZ_01230,AgroSat_BR,Cenoura,385.2,Aspersao,Siltoso,Inverno,12.31,35.81,66.14,4297.05,20.83,72.88,0.736,0
FAZ_01231,Gaia_Vision,Soja,466.22,Gotejamento,Arenoso,Inverno,9.02,110.71,48.79,2248.33,20.76,84.48,0.766,0
FAZ_01232,OrbSat_Field,Cenoura,408.09,Sequeiro,Franco,Primavera,3.8,92.12,59.15,3858.7,11.37,70.16,0.771,0
FAZ_01233,Sentinel_Agro,Tomate,153.2,Sequeiro,Arenoso,Primavera,9.74,79.98,25.78,2748.34,31.08,58.28,0.607,1
FAZ_01234,OrbSat_Field,Arroz,601.11,Gotejamento,Franco,Inverno,21.8,120.06,62.31,4369.32,14.71,84.9,0.738,0
FAZ_01235,OrbSat_Field,Cenoura,147.5,Gotejamento,Siltoso,Outono,4.05,31.32,51.58,2183.31,22.03,82.93,0.784,0
FAZ_01236,AgroSat_BR,Soja,502.35,Sequeiro,,Verao,18.48,92.32,53.13,3400.9,22.72,60.89,0.725,0
FAZ_01237,Sentinel_Agro,Batata,294.43,Gotejamento,Organico,Primavera,11.62,119.67,45.25,2734.02,38.71,65.69,0.577,0
FAZ_01238,Sentinel_Agro,Tomate,240.31,Inundacao,Calcario,Verao,12.48,138.56,44.38,5793.97,31.84,58.94,0.631,1
FAZ_01239,Sentinel_Agro,Tomate,750.31,Inundacao,Siltoso,Inverno,30.69,153.1,59.91,8835.81,19.54,67.14,0.654,1
FAZ_01240,Sentinel_Agro,Batata,430.56,Sequeiro,Arenoso,Primavera,,113.44,52.41,4890.13,17.75,65.57,0.658,0
FAZ_01241,Sentinel_Agro,Algodao,499.33,Inundacao,Calcario,Verao,14.54,230.44,32.86,8532.56,32.81,38.56,0.423,1
FAZ_01242,AgroSat_BR,Trigo,331.6,Aspersao,Argiloso,Inverno,10.46,77.02,64.89,5934.6,19.9,87.2,0.883,0
FAZ_01243,Gaia_Vision,Arroz,551.14,Sequeiro,,Primavera,14.42,101.37,61.12,7058.77,25.38,67.44,0.704,0
FAZ_01244,OrbSat_Field,Arroz,277.18,Gotejamento,Siltoso,Inverno,8.85,76.22,49.39,4368.5,27.15,75.3,0.761,0
FAZ_01245,Sentinel_Agro,Algodao,519.8,Aspersao,Calcario,Primavera,19.51,194.21,67.77,3140.03,15.68,69.71,0.548,1
FAZ_01246,Gaia_Vision,Trigo,453.15,Gotejamento,Calcario,Verao,8.88,135.9,55.0,4470.06,34.6,40.65,0.545,1
FAZ_01247,Gaia_Vision,Arroz,419.37,Sequeiro,Organico,Verao,9.66,73.63,61.94,4985.78,23.1,91.11,0.885,0
FAZ_01248,OrbSat_Field,Soja,306.98,Manual,Franco,Primavera,9.4,87.9,47.44,3032.69,29.46,51.59,0.629,0
FAZ_01249,AgroSat_BR,Milho,438.9,Gotejamento,Calcario,Outono,15.9,131.51,61.67,3168.99,27.7,57.69,0.647,1
FAZ_01250,TerraScan_X,Milho,365.82,Manual,Arenoso,Inverno,14.68,58.63,43.88,4697.86,6.94,74.83,0.707,0
FAZ_01251,TerraScan_X,Arroz,322.78,Aspersao,Arenoso,Verao,3.08,51.42,54.33,5197.61,30.38,82.25,0.654,0
FAZ_01252,Gaia_Vision,Cana_de_Acucar,516.29,Sequeiro,Organico,Outono,20.78,70.06,43.13,5323.12,19.37,64.26,0.691,0
FAZ_01253,OrbSat_Field,Arroz,274.1,Aspersao,Calcario,Primavera,8.21,87.8,40.44,2559.38,31.57,57.75,0.62,0
FAZ_01254,TerraScan_X,Batata,175.32,Manual,Calcario,Verao,2.89,103.69,42.9,1220.44,31.44,72.63,0.748,0
FAZ_01255,Gaia_Vision,Batata,208.91,Inundacao,Organico,Verao,4.13,97.33,41.26,5567.29,23.08,67.83,0.645,0
FAZ_01256,AgroSat_BR,Trigo,572.83,Gotejamento,Siltoso,Inverno,14.19,141.84,63.53,5642.86,17.95,78.49,0.797,0
FAZ_01257,TerraScan_X,Tomate,391.28,Sequeiro,Argiloso,Outono,17.48,162.25,48.32,4161.88,32.79,56.84,0.621,1
FAZ_01258,Gaia_Vision,Soja,449.97,Gotejamento,Argiloso,Inverno,5.87,109.65,59.51,5911.28,19.03,75.79,0.786,0
FAZ_01259,Gaia_Vision,Algodao,343.19,Inundacao,Franco,Primavera,8.81,159.2,49.4,8025.73,19.95,58.78,0.599,1
FAZ_01260,Sentinel_Agro,Arroz,370.11,Manual,Arenoso,Verao,2.62,46.53,49.54,2903.59,39.06,57.49,0.657,0
FAZ_01261,AgroSat_BR,Soja,568.1,Inundacao,Siltoso,Outono,14.67,39.83,55.48,7322.38,26.56,57.15,0.726,1
FAZ_01262,Sentinel_Agro,Algodao,652.64,Gotejamento,Arenoso,Inverno,14.56,166.87,63.72,8241.32,20.47,70.54,0.572,1
FAZ_01263,OrbSat_Field,Batata,489.9,Sequeiro,Siltoso,Outono,14.94,172.48,47.03,5369.35,19.68,58.28,0.62,1
FAZ_01264,Sentinel_Agro,Cenoura,465.0,Gotejamento,Organico,Primavera,7.48,109.79,55.31,3077.31,18.44,87.5,0.74,0
FAZ_01265,Sentinel_Agro,Soja,248.42,Inundacao,Franco,Verao,8.76,53.73,39.48,6472.99,37.02,48.93,0.73,1
FAZ_01266,TerraScan_X,Milho,464.78,Manual,Organico,Outono,21.77,85.65,63.03,7031.93,21.21,71.67,0.715,0
FAZ_01267,Gaia_Vision,Arroz,307.89,Sequeiro,Arenoso,Primavera,7.49,28.47,47.02,3316.22,22.56,76.87,0.779,0
FAZ_01268,AgroSat_BR,Trigo,540.03,Inundacao,Franco,Primavera,11.44,29.85,66.2,6015.2,28.02,59.38,0.683,0
FAZ_01269,Sentinel_Agro,Milho,400.9,Aspersao,Calcario,Verao,10.69,119.45,59.86,5018.06,36.18,63.1,0.598,0
FAZ_01270,AgroSat_BR,Tomate,137.99,Manual,Siltoso,Inverno,6.96,65.26,42.85,1232.61,19.43,76.88,0.865,0
FAZ_01271,Sentinel_Agro,Cana_de_Acucar,728.61,Gotejamento,Siltoso,Verao,23.87,106.96,66.11,7896.52,24.87,70.76,0.735,1
FAZ_01272,OrbSat_Field,Algodao,501.45,Gotejamento,Franco,Verao,6.56,92.58,48.64,4835.59,20.06,80.31,0.645,0
FAZ_01273,Sentinel_Agro,Batata,811.36,Sequeiro,Organico,Outono,23.59,278.89,48.48,8938.73,37.27,47.58,0.355,1
FAZ_01274,TerraScan_X,Arroz,408.76,Inundacao,Franco,Outono,8.67,77.82,67.69,6760.32,29.65,64.99,0.703,0
FAZ_01275,Gaia_Vision,Trigo,367.25,Gotejamento,Organico,Inverno,10.42,49.17,61.96,4536.48,25.02,62.75,0.759,0
FAZ_01276,OrbSat_Field,Cenoura,249.1,Inundacao,Franco,Primavera,4.97,80.49,50.16,6271.91,14.59,79.98,0.791,0
FAZ_01277,Sentinel_Agro,Batata,269.32,Gotejamento,Organico,Outono,10.64,105.7,43.19,2591.98,22.26,69.06,0.731,0
FAZ_01278,AgroSat_BR,Arroz,506.52,Gotejamento,Argiloso,Inverno,13.49,138.96,65.81,4561.8,22.5,81.14,0.682,0
FAZ_01279,OrbSat_Field,Cenoura,451.4,Gotejamento,Franco,Verao,11.58,79.17,53.89,5576.26,27.33,58.86,0.79,0
FAZ_01280,OrbSat_Field,Trigo,327.04,Manual,Organico,Primavera,7.83,59.77,54.02,2486.31,19.5,78.28,,0
FAZ_01281,Sentinel_Agro,Cana_de_Acucar,376.06,Manual,Calcario,Verao,17.99,67.91,51.59,4781.4,22.6,42.81,0.617,1
FAZ_01282,OrbSat_Field,Milho,336.35,Inundacao,Arenoso,Primavera,12.83,50.46,34.91,7244.73,25.04,67.18,0.624,1
FAZ_01283,AgroSat_BR,Milho,415.17,Gotejamento,Arenoso,Outono,5.31,35.6,43.25,4109.38,22.97,57.98,0.65,0
FAZ_01284,OrbSat_Field,Batata,266.71,Manual,Franco,Verao,7.25,71.77,45.86,3055.73,27.45,60.81,0.777,0
FAZ_01285,AgroSat_BR,Arroz,466.57,Aspersao,Franco,Verao,9.27,108.52,53.06,2318.59,26.9,57.65,0.67,0
FAZ_01286,Sentinel_Agro,Arroz,200.96,Aspersao,Siltoso,Primavera,2.25,54.4,38.97,1820.06,27.17,67.41,0.67,0
FAZ_01287,Gaia_Vision,Trigo,327.47,Sequeiro,Organico,Inverno,8.94,108.24,50.2,3280.91,12.38,82.08,0.836,0
FAZ_01288,OrbSat_Field,Cana_de_Acucar,291.53,Aspersao,Franco,Primavera,9.35,78.7,47.3,2733.63,30.3,53.71,0.587,0
FAZ_01289,Gaia_Vision,Arroz,532.54,Inundacao,Arenoso,Outono,17.28,28.63,67.69,7561.16,18.11,66.32,0.559,0
FAZ_01290,AgroSat_BR,Trigo,468.54,Sequeiro,Arenoso,Inverno,15.08,39.68,47.05,4045.01,24.44,32.5,0.515,1
FAZ_01291,OrbSat_Field,Tomate,364.97,Aspersao,Arenoso,Verao,15.35,190.81,54.01,5325.07,15.33,93.94,0.612,1
FAZ_01292,TerraScan_X,Batata,386.77,Inundacao,Organico,Verao,11.16,205.36,57.7,6918.84,30.81,77.64,0.69,1
FAZ_01293,Gaia_Vision,Tomate,566.38,Inundacao,Argiloso,Verao,16.1,90.36,69.19,9527.23,27.87,69.8,0.594,1
FAZ_01294,OrbSat_Field,Batata,656.79,Aspersao,Franco,Outono,16.21,188.5,75.11,3524.2,30.84,61.41,0.558,1
FAZ_01295,Gaia_Vision,Cenoura,885.26,Manual,Argiloso,Verao,12.51,172.9,95.0,10754.09,26.95,71.02,0.744,1
FAZ_01296,OrbSat_Field,Trigo,267.12,Manual,Organico,Verao,10.54,3.31,45.28,1429.19,33.06,55.23,0.771,0
FAZ_01297,Sentinel_Agro,Trigo,332.83,Gotejamento,Calcario,Inverno,3.94,77.07,60.41,2785.86,21.3,85.77,0.87,0
FAZ_01298,Gaia_Vision,Soja,174.47,Gotejamento,Franco,Outono,1.05,45.76,45.94,800.0,20.2,74.39,0.83,0
FAZ_01299,TerraScan_X,Cenoura,645.07,Sequeiro,Siltoso,Verao,15.78,202.2,52.74,6774.62,25.97,66.44,0.689,1
FAZ_01300,TerraScan_X,Trigo,349.41,Inundacao,Franco,Inverno,8.36,32.59,49.63,10828.51,19.99,62.3,0.64,0
FAZ_01301,AgroSat_BR,Arroz,360.32,Gotejamento,Franco,Verao,7.92,114.66,42.24,3013.43,36.76,39.57,0.674,0
FAZ_01302,OrbSat_Field,Batata,965.98,Aspersao,Franco,Inverno,34.76,226.22,95.0,7536.35,23.76,88.42,0.723,1
FAZ_01303,Gaia_Vision,Tomate,588.08,Inundacao,Franco,Verao,14.77,245.64,44.45,9387.79,25.99,75.78,0.564,1
FAZ_01304,AgroSat_BR,Batata,290.4,Gotejamento,Calcario,Outono,9.42,119.87,52.17,2691.71,25.25,74.39,0.696,0
FAZ_01305,Gaia_Vision,Milho,298.49,Gotejamento,Franco,Primavera,7.99,70.58,58.05,1957.31,16.74,74.24,0.722,0
FAZ_01306,OrbSat_Field,Soja,441.18,Manual,Organico,Outono,13.85,107.98,70.27,3437.01,20.94,63.65,0.764,0
FAZ_01307,TerraScan_X,Trigo,182.01,Manual,Franco,Inverno,7.51,39.99,50.22,2693.47,20.98,67.93,0.814,0
FAZ_01308,Sentinel_Agro,Cana_de_Acucar,535.88,Aspersao,Calcario,Verao,15.55,92.05,73.76,4721.37,22.88,93.14,0.917,0
FAZ_01309,TerraScan_X,Algodao,335.26,Gotejamento,Organico,Outono,6.14,82.57,49.22,3341.38,22.73,71.16,0.81,0
FAZ_01310,AgroSat_BR,Soja,179.92,Aspersao,Franco,Verao,5.0,25.52,44.09,1666.04,38.67,49.17,0.732,0
FAZ_01311,Sentinel_Agro,Trigo,749.0,Aspersao,Franco,Outono,25.69,207.19,64.81,9524.93,20.04,64.93,0.602,1
FAZ_01312,AgroSat_BR,Tomate,774.73,Aspersao,Organico,Inverno,15.07,116.34,85.38,6677.84,28.0,52.4,0.652,1
FAZ_01313,OrbSat_Field,Trigo,152.19,Aspersao,Franco,Primavera,3.39,45.75,46.22,814.71,19.56,67.89,0.825,0
FAZ_01314,Sentinel_Agro,Algodao,302.06,Gotejamento,Calcario,Outono,11.33,126.96,59.88,1257.18,13.64,94.51,0.88,0
FAZ_01315,AgroSat_BR,Tomate,412.97,Aspersao,Arenoso,Verao,15.83,154.38,51.6,3756.38,33.28,44.94,0.484,1
FAZ_01316,OrbSat_Field,Batata,461.48,Sequeiro,Franco,Verao,14.57,91.38,51.2,5334.0,19.13,71.42,0.751,0
FAZ_01317,TerraScan_X,Tomate,528.28,Aspersao,Siltoso,Verao,13.54,183.47,61.52,2731.85,30.62,63.78,0.654,0
FAZ_01318,OrbSat_Field,Soja,346.26,Aspersao,Organico,Inverno,6.75,33.71,50.62,4233.0,16.41,77.48,0.729,0
FAZ_01319,Gaia_Vision,Batata,561.35,Aspersao,Calcario,Inverno,11.2,180.51,61.9,7060.87,29.34,56.28,0.523,1
FAZ_01320,OrbSat_Field,Trigo,887.92,Aspersao,Franco,Primavera,18.6,214.88,55.56,9999.47,30.49,68.68,,1
FAZ_01321,OrbSat_Field,Cenoura,302.27,Manual,Franco,Verao,8.72,66.32,60.36,1994.95,33.35,53.81,0.768,0
FAZ_01322,Gaia_Vision,Trigo,699.55,Aspersao,Organico,Primavera,,145.51,50.19,8990.5,25.71,75.57,0.683,1
FAZ_01323,AgroSat_BR,Algodao,426.26,Manual,Argiloso,Verao,6.73,152.71,57.48,5472.84,32.69,56.83,0.743,0
FAZ_01324,AgroSat_BR,Cenoura,165.94,Gotejamento,Calcario,Outono,4.35,27.35,38.98,3151.21,32.24,51.54,0.598,0
FAZ_01325,OrbSat_Field,Trigo,216.4,Sequeiro,Calcario,Outono,7.97,1.0,51.06,2814.59,17.61,66.94,0.79,0
FAZ_01326,Gaia_Vision,Cana_de_Acucar,294.4,Gotejamento,Arenoso,Outono,11.88,80.66,54.81,3084.51,17.96,79.38,0.85,0
FAZ_01327,Gaia_Vision,Soja,426.0,Gotejamento,Arenoso,Verao,7.35,115.99,50.81,5553.67,30.68,48.9,0.557,0
FAZ_01328,TerraScan_X,Cana_de_Acucar,232.85,Gotejamento,Franco,Outono,13.32,46.01,52.17,2563.15,25.4,77.45,0.77,0
FAZ_01329,AgroSat_BR,Batata,451.71,Gotejamento,Organico,Verao,11.84,92.48,51.62,3321.28,39.84,66.27,0.743,0
FAZ_01330,Sentinel_Agro,Milho,366.92,Aspersao,Siltoso,Primavera,15.58,30.3,42.24,4129.17,29.48,66.91,0.708,0
FAZ_01331,AgroSat_BR,Trigo,592.57,Aspersao,Franco,Inverno,12.48,182.72,62.71,7309.44,15.48,76.51,0.709,0
FAZ_01332,AgroSat_BR,Arroz,469.62,Manual,Arenoso,Outono,5.81,92.42,42.93,4939.35,23.77,49.69,0.45,1
FAZ_01333,TerraScan_X,Arroz,453.1,Gotejamento,Franco,Verao,8.25,164.19,44.09,4945.4,30.8,58.98,0.596,1
FAZ_01334,Sentinel_Agro,Tomate,337.59,Aspersao,Organico,Verao,10.04,159.51,48.18,1900.15,18.99,81.72,0.717,0
FAZ_01335,TerraScan_X,Cana_de_Acucar,422.42,Aspersao,Calcario,Primavera,11.86,78.81,57.57,4856.48,22.93,80.41,0.798,0
FAZ_01336,Sentinel_Agro,Soja,388.95,Inundacao,Calcario,Primavera,11.78,90.93,54.42,6099.2,20.74,72.6,0.79,1
FAZ_01337,OrbSat_Field,Trigo,359.87,Gotejamento,Calcario,Inverno,3.88,56.01,58.89,2873.95,16.33,46.21,0.654,0
FAZ_01338,Sentinel_Agro,Algodao,252.7,Gotejamento,Calcario,Primavera,3.9,64.8,37.15,1229.71,17.23,68.78,0.727,0
FAZ_01339,TerraScan_X,Tomate,593.7,Aspersao,Siltoso,Inverno,10.14,240.19,82.03,8898.27,19.5,81.18,0.7,1
FAZ_01340,AgroSat_BR,Batata,413.0,Manual,,Inverno,13.07,177.72,48.93,4818.57,32.76,41.46,0.619,1
FAZ_01341,Sentinel_Agro,Cenoura,518.31,Inundacao,Siltoso,Primavera,13.98,116.55,51.04,9498.26,16.42,65.33,0.591,1
FAZ_01342,Sentinel_Agro,Batata,413.08,Gotejamento,Franco,Inverno,14.79,186.69,46.68,5028.02,16.28,71.97,0.625,1
FAZ_01343,Gaia_Vision,Trigo,332.63,Gotejamento,Arenoso,Outono,6.43,93.24,45.36,3820.01,31.65,48.33,0.656,0
FAZ_01344,AgroSat_BR,Milho,259.82,Gotejamento,Organico,Inverno,11.81,39.52,55.12,2534.54,28.19,72.28,0.717,0
FAZ_01345,OrbSat_Field,Cenoura,376.2,Aspersao,Franco,Verao,12.96,82.97,55.46,4228.74,19.65,81.3,0.713,0
FAZ_01346,TerraScan_X,Cana_de_Acucar,248.86,Inundacao,Argiloso,Verao,10.49,47.99,44.76,4951.57,27.5,58.49,0.622,0
FAZ_01347,OrbSat_Field,Trigo,423.15,Gotejamento,Organico,Verao,7.24,81.12,68.96,4431.27,32.3,74.96,0.727,0
FAZ_01348,AgroSat_BR,Milho,145.54,Aspersao,Organico,Primavera,7.55,52.83,50.86,1109.5,27.02,72.5,0.777,0
FAZ_01349,Sentinel_Agro,Cana_de_Acucar,575.64,Inundacao,Organico,Verao,20.5,28.72,49.2,11140.3,27.98,59.86,0.631,1
FAZ_01350,Sentinel_Agro,Milho,60.37,Aspersao,Franco,Primavera,5.15,23.97,39.46,800.0,31.5,63.2,0.795,0
FAZ_01351,AgroSat_BR,Cana_de_Acucar,361.79,Gotejamento,Argiloso,Verao,13.31,119.18,56.43,7283.39,33.96,67.63,0.807,0
FAZ_01352,Sentinel_Agro,Soja,508.65,Aspersao,Franco,Inverno,9.85,82.25,78.43,2200.24,18.19,81.37,0.796,0
FAZ_01353,Sentinel_Agro,Arroz,647.76,Aspersao,Organico,Primavera,16.27,113.67,79.72,5647.54,16.47,73.36,0.687,0
FAZ_01354,Sentinel_Agro,Batata,316.63,Sequeiro,Organico,Verao,9.42,99.09,44.9,4078.16,36.83,52.69,0.681,0
FAZ_01355,TerraScan_X,Soja,750.25,Manual,Arenoso,Inverno,12.4,162.07,82.79,8267.09,37.3,57.62,0.541,1
FAZ_01356,TerraScan_X,Cenoura,280.5,Gotejamento,Siltoso,Primavera,5.3,48.42,51.56,1356.78,21.8,86.47,0.824,0
FAZ_01357,Gaia_Vision,Tomate,262.58,Gotejamento,Franco,Inverno,11.22,118.97,54.49,2929.44,30.47,85.24,0.778,0
FAZ_01358,OrbSat_Field,Arroz,700.31,Aspersao,Argiloso,Inverno,22.34,157.31,70.05,5960.18,22.4,84.99,0.696,1
FAZ_01359,AgroSat_BR,Soja,486.15,Aspersao,Organico,Inverno,6.78,155.34,55.92,6981.17,22.51,61.7,0.597,1
FAZ_01360,AgroSat_BR,Trigo,408.37,Sequeiro,Franco,Primavera,14.21,95.37,36.16,5574.26,36.87,,0.683,0
FAZ_01361,AgroSat_BR,Milho,443.86,Aspersao,Siltoso,Primavera,15.31,104.75,68.83,3458.25,34.89,68.37,,0
FAZ_01362,Gaia_Vision,Cenoura,334.03,Sequeiro,Franco,Outono,7.84,109.91,31.76,1086.18,18.7,54.39,0.652,0
FAZ_01363,TerraScan_X,Trigo,676.21,Aspersao,Siltoso,Outono,17.37,57.72,68.69,7018.24,26.55,69.99,0.825,1
FAZ_01364,Gaia_Vision,Arroz,209.15,Sequeiro,Franco,Outono,4.4,20.33,35.06,2377.19,30.4,51.76,0.727,0
FAZ_01365,AgroSat_BR,Milho,300.38,Manual,Arenoso,Outono,14.17,96.8,52.12,4444.61,21.62,59.78,0.687,0
FAZ_01366,OrbSat_Field,Cenoura,147.99,Manual,,Primavera,3.22,29.57,34.13,1629.25,30.29,59.77,0.71,0
FAZ_01367,Sentinel_Agro,Tomate,158.65,Aspersao,Calcario,Outono,8.39,62.35,50.61,800.0,17.45,69.45,0.824,0
FAZ_01368,TerraScan_X,Arroz,335.94,Manual,Arenoso,Verao,9.51,98.57,54.83,2919.3,28.55,50.93,0.632,0
FAZ_01369,TerraScan_X,Cenoura,784.02,Aspersao,Siltoso,Outono,18.55,243.96,71.1,8534.79,34.56,54.15,0.569,1
FAZ_01370,Gaia_Vision,Soja,495.87,Sequeiro,Organico,Verao,9.12,122.63,59.88,4647.54,32.9,42.06,0.532,0
FAZ_01371,TerraScan_X,Cenoura,420.95,Inundacao,Organico,Verao,4.5,124.56,56.7,8696.92,34.93,45.93,0.505,1
FAZ_01372,AgroSat_BR,Arroz,750.55,Aspersao,Franco,Inverno,21.26,128.33,75.06,5855.93,21.95,86.28,0.766,0
FAZ_01373,AgroSat_BR,Soja,148.12,Sequeiro,Argiloso,Inverno,4.04,28.83,25.78,1794.33,19.63,58.17,0.661,0
FAZ_01374,Gaia_Vision,Trigo,376.19,Sequeiro,Franco,Inverno,15.26,108.22,44.26,4455.38,27.52,59.8,0.558,0
FAZ_01375,AgroSat_BR,Arroz,605.64,Manual,Arenoso,Outono,9.82,155.04,77.51,6777.84,36.38,48.14,0.484,1
FAZ_01376,OrbSat_Field,Algodao,171.52,Aspersao,Arenoso,Primavera,2.8,128.49,45.96,2661.06,30.59,79.4,0.71,0
FAZ_01377,Gaia_Vision,Tomate,410.39,Sequeiro,Siltoso,Verao,7.21,150.93,57.77,2823.43,28.31,65.38,0.662,0
FAZ_01378,OrbSat_Field,Algodao,692.68,Manual,Franco,Primavera,14.14,145.43,68.99,5870.99,35.67,49.47,0.696,1
FAZ_01379,Sentinel_Agro,Batata,168.14,Inundacao,Siltoso,Primavera,1.92,104.1,37.14,5322.58,29.71,70.62,0.665,0
FAZ_01380,OrbSat_Field,Milho,519.5,Sequeiro,Argiloso,Outono,15.8,146.68,55.69,4913.97,19.02,62.54,0.543,1
FAZ_01381,Sentinel_Agro,Cana_de_Acucar,388.06,Gotejamento,Organico,Primavera,12.98,21.42,56.93,5616.66,25.78,83.05,0.907,0
FAZ_01382,Sentinel_Agro,Tomate,374.3,Gotejamento,Organico,Primavera,17.48,82.02,55.83,3584.16,25.88,,0.893,0
FAZ_01383,OrbSat_Field,Algodao,277.51,Inundacao,Franco,Inverno,10.73,178.94,34.99,7191.43,23.55,65.5,0.67,1
FAZ_01384,Gaia_Vision,Cana_de_Acucar,225.84,Gotejamento,Siltoso,Inverno,10.69,59.28,41.37,3692.61,13.49,76.82,0.814,0
FAZ_01385,AgroSat_BR,Tomate,500.2,Inundacao,Siltoso,Verao,20.5,122.15,63.06,11429.44,27.52,70.73,0.725,1
FAZ_01386,AgroSat_BR,Cana_de_Acucar,400.16,Aspersao,Argiloso,Verao,10.71,131.36,65.07,3944.56,30.9,70.15,0.626,0
FAZ_01387,Sentinel_Agro,Soja,505.85,Gotejamento,Siltoso,Inverno,8.59,113.8,54.8,5933.86,16.77,85.6,0.864,0
FAZ_01388,Sentinel_Agro,Algodao,531.18,Aspersao,Calcario,Outono,5.42,149.68,70.73,7206.35,23.16,74.92,0.734,1
FAZ_01389,Gaia_Vision,Cenoura,241.65,Aspersao,Calcario,Outono,1.94,60.69,35.89,1803.86,34.6,56.12,0.617,1
FAZ_01390,TerraScan_X,Soja,567.15,Gotejamento,Arenoso,Verao,18.33,127.65,49.94,6879.38,26.49,73.7,0.592,1
FAZ_01391,OrbSat_Field,Tomate,334.4,Gotejamento,Calcario,Inverno,12.88,172.46,43.05,4691.9,24.64,62.42,0.644,0
FAZ_01392,Sentinel_Agro,Tomate,368.89,Aspersao,Calcario,Outono,15.62,153.76,47.18,3785.32,29.22,58.43,0.56,1
FAZ_01393,AgroSat_BR,Arroz,501.16,Manual,Arenoso,Primavera,15.7,151.52,75.65,6545.0,20.77,79.91,0.682,1
FAZ_01394,Gaia_Vision,Algodao,425.38,Sequeiro,Calcario,Verao,7.43,90.81,58.94,4536.47,27.25,82.47,0.82,0
FAZ_01395,OrbSat_Field,Batata,429.48,Gotejamento,Calcario,Verao,8.04,153.41,61.72,5733.04,32.25,59.93,0.567,0
FAZ_01396,Gaia_Vision,Batata,427.73,Inundacao,Arenoso,Primavera,10.64,105.25,61.77,8334.4,28.45,68.25,0.69,0
FAZ_01397,OrbSat_Field,Tomate,221.34,Aspersao,Franco,Primavera,11.28,111.44,41.82,2502.7,20.08,78.37,,0
FAZ_01398,OrbSat_Field,Batata,300.33,Aspersao,Arenoso,Verao,2.1,104.45,44.03,1347.75,35.48,57.1,0.607,1
FAZ_01399,Sentinel_Agro,Milho,749.92,Sequeiro,Arenoso,Primavera,14.27,189.46,77.66,5323.86,30.44,53.57,0.464,1
FAZ_01400,Gaia_Vision,Arroz,270.98,Aspersao,Calcario,Outono,7.64,91.36,58.55,2238.42,25.99,81.87,0.77,0
FAZ_01401,Gaia_Vision,Tomate,689.15,Aspersao,Organico,Verao,29.28,142.59,79.51,9194.1,26.89,65.15,0.773,1
FAZ_01402,AgroSat_BR,Batata,840.37,Gotejamento,Calcario,Outono,11.67,178.15,95.0,8333.33,29.46,59.85,0.684,0
FAZ_01403,AgroSat_BR,Algodao,122.87,Sequeiro,Franco,Verao,2.62,73.46,25.66,1539.41,29.18,67.53,0.644,0
FAZ_01404,Sentinel_Agro,Cenoura,174.44,Aspersao,Arenoso,Outono,4.64,53.96,45.51,1238.38,28.03,80.6,0.814,0
FAZ_01405,Sentinel_Agro,Soja,475.52,Inundacao,Argiloso,Inverno,15.47,101.55,54.02,9261.02,30.74,62.61,0.626,1
FAZ_01406,TerraScan_X,Soja,552.17,Aspersao,Arenoso,Outono,12.73,147.7,50.32,3446.79,28.06,51.2,0.513,1
FAZ_01407,AgroSat_BR,Milho,413.93,Aspersao,Franco,Primavera,19.87,31.88,46.06,2391.04,21.31,72.05,0.71,0
FAZ_01408,OrbSat_Field,Cana_de_Acucar,371.94,Manual,Siltoso,Inverno,19.7,85.83,67.09,5550.56,12.36,88.36,0.815,0
FAZ_01409,Gaia_Vision,Algodao,493.33,Gotejamento,Calcario,Verao,13.75,89.65,54.34,3697.38,31.49,64.47,,0
FAZ_01410,Sentinel_Agro,Cana_de_Acucar,124.19,Inundacao,Organico,Outono,8.21,1.0,37.26,3694.17,26.86,46.11,0.607,0
FAZ_01411,Gaia_Vision,Arroz,290.39,Inundacao,Organico,Verao,4.95,50.92,49.4,6766.14,23.29,69.78,0.711,0
FAZ_01412,Gaia_Vision,Cenoura,203.04,Gotejamento,,Inverno,7.34,48.43,49.85,3110.76,11.95,81.18,0.805,0
FAZ_01413,TerraScan_X,Arroz,328.15,Gotejamento,Calcario,Primavera,7.79,50.86,37.59,2462.43,24.69,60.73,0.744,0
FAZ_01414,AgroSat_BR,Tomate,725.83,Inundacao,Franco,Primavera,20.42,191.68,51.61,13069.57,20.71,53.77,0.528,1
FAZ_01415,Sentinel_Agro,Algodao,680.59,Aspersao,Arenoso,Primavera,14.62,225.04,73.35,5239.74,34.03,61.55,0.546,1
FAZ_01416,Gaia_Vision,Tomate,362.57,Aspersao,Argiloso,Verao,18.55,144.14,52.45,1353.65,26.21,74.61,0.596,0
FAZ_01417,Sentinel_Agro,Trigo,619.76,Gotejamento,Arenoso,Primavera,16.05,167.8,48.29,6130.11,20.04,66.14,0.555,1
FAZ_01418,OrbSat_Field,Batata,237.11,Manual,Arenoso,Primavera,2.03,64.36,31.43,1833.38,24.92,43.14,0.517,0
FAZ_01419,TerraScan_X,Soja,197.24,Sequeiro,Argiloso,Verao,7.72,60.35,35.61,2105.79,26.92,69.67,0.76,0
FAZ_01420,OrbSat_Field,Tomate,165.94,Manual,Organico,Verao,5.37,71.63,47.78,1096.43,24.68,73.94,0.789,0
FAZ_01421,Sentinel_Agro,Cana_de_Acucar,159.33,Aspersao,Arenoso,Inverno,9.32,17.82,40.68,2779.54,24.98,61.91,0.645,0
FAZ_01422,Sentinel_Agro,Trigo,616.62,Inundacao,Siltoso,Primavera,7.83,160.38,48.12,11125.1,29.18,54.3,0.626,1
FAZ_01423,AgroSat_BR,Soja,515.35,Aspersao,Siltoso,Inverno,14.14,132.55,78.28,5479.03,25.32,85.52,0.821,0
FAZ_01424,Gaia_Vision,Tomate,277.21,Gotejamento,Franco,Outono,7.45,81.29,47.76,891.2,29.24,57.52,0.698,1
FAZ_01425,Gaia_Vision,Trigo,453.34,Manual,Franco,Outono,13.66,60.68,55.11,4608.81,35.89,54.71,0.634,0
FAZ_01426,OrbSat_Field,Trigo,316.9,Manual,Argiloso,Outono,10.5,118.87,43.67,4877.11,17.07,67.38,0.616,0
FAZ_01427,TerraScan_X,Algodao,278.02,Manual,Argiloso,Outono,6.46,92.39,36.52,2149.23,22.6,54.38,0.687,0
FAZ_01428,Gaia_Vision,Arroz,497.21,Aspersao,,Verao,19.06,126.45,53.71,5861.98,26.91,62.18,0.667,0
FAZ_01429,AgroSat_BR,Trigo,189.94,Sequeiro,Calcario,Inverno,6.08,71.47,33.89,1313.32,21.92,51.74,0.646,0
FAZ_01430,OrbSat_Field,Milho,1019.25,Sequeiro,Arenoso,Inverno,35.0,74.12,95.0,13165.85,8.8,75.46,0.696,1
FAZ_01431,OrbSat_Field,Arroz,217.3,Aspersao,Calcario,Verao,8.2,32.83,41.9,1880.97,31.3,54.99,0.679,0
FAZ_01432,AgroSat_BR,Soja,649.63,Gotejamento,Organico,Outono,9.64,138.1,67.62,7229.31,23.9,70.05,0.624,1
FAZ_01433,TerraScan_X,Soja,376.7,Aspersao,Siltoso,Inverno,11.94,74.27,59.67,3872.32,25.1,84.23,0.908,0
FAZ_01434,AgroSat_BR,Soja,363.77,Gotejamento,Argiloso,Primavera,11.27,91.26,49.64,3016.6,38.44,,0.632,0
FAZ_01435,TerraScan_X,Soja,991.22,Sequeiro,Franco,Verao,12.82,157.35,93.83,10782.28,30.24,51.19,0.586,1
FAZ_01436,AgroSat_BR,Milho,708.33,Aspersao,Siltoso,Verao,17.94,75.93,63.19,8539.64,28.14,56.7,0.499,1
FAZ_01437,AgroSat_BR,Tomate,260.72,Inundacao,Calcario,Primavera,9.77,138.16,39.78,6439.58,24.72,73.03,0.659,1
FAZ_01438,Sentinel_Agro,Cenoura,462.65,Inundacao,Argiloso,Outono,12.39,44.52,42.69,10319.47,25.42,60.98,0.727,1
FAZ_01439,OrbSat_Field,Trigo,488.43,Aspersao,Argiloso,Outono,18.62,71.48,57.79,4940.59,25.11,84.25,0.81,0
FAZ_01440,AgroSat_BR,Soja,290.96,Gotejamento,Arenoso,Inverno,7.63,41.26,34.0,2153.31,20.93,70.11,0.685,0
FAZ_01441,AgroSat_BR,Arroz,487.35,Sequeiro,Argiloso,Primavera,9.69,82.1,53.61,3640.4,28.02,62.21,0.691,0
FAZ_01442,Gaia_Vision,Arroz,318.43,Gotejamento,,Inverno,9.82,3.35,48.89,4115.98,26.56,56.17,0.681,0
FAZ_01443,OrbSat_Field,Trigo,392.46,Manual,Argiloso,Outono,12.63,70.17,47.81,2215.09,24.46,65.23,0.711,0
FAZ_01444,Gaia_Vision,Tomate,235.87,Manual,Organico,Inverno,13.63,70.78,45.82,2459.35,21.29,78.39,0.756,0
FAZ_01445,OrbSat_Field,Cenoura,510.71,Gotejamento,Calcario,Primavera,18.27,163.96,71.95,4276.73,29.74,66.59,0.709,0
FAZ_01446,Gaia_Vision,Tomate,334.91,Sequeiro,Arenoso,Primavera,10.31,69.53,47.62,1898.83,30.07,51.8,0.561,1
FAZ_01447,AgroSat_BR,Trigo,735.17,Aspersao,Organico,Primavera,19.46,187.4,79.97,6512.09,30.82,46.34,0.505,1
FAZ_01448,AgroSat_BR,Cana_de_Acucar,354.52,Inundacao,Calcario,Outono,15.75,72.8,55.59,5463.72,36.49,53.95,0.626,0
FAZ_01449,Sentinel_Agro,Milho,734.07,Inundacao,Siltoso,Verao,29.59,161.56,67.4,13662.47,44.71,51.14,0.564,1
FAZ_01450,Gaia_Vision,Trigo,325.03,Aspersao,Argiloso,Verao,11.64,102.06,54.16,3308.95,45.0,47.53,0.743,0
FAZ_01451,TerraScan_X,Batata,331.83,Gotejamento,Franco,Verao,7.97,131.45,51.34,1653.06,29.72,57.58,,0
FAZ_01452,Sentinel_Agro,Algodao,560.99,Manual,Franco,Inverno,18.67,71.78,53.47,7169.13,24.39,49.35,0.693,1
FAZ_01453,Gaia_Vision,Algodao,272.7,Inundacao,Organico,Primavera,2.04,95.92,39.27,6805.46,24.32,62.6,,1
FAZ_01454,Gaia_Vision,Tomate,399.83,Gotejamento,Arenoso,Outono,17.07,169.31,50.19,3790.43,23.16,73.6,0.616,1
FAZ_01455,Sentinel_Agro,Trigo,275.95,Manual,Organico,Verao,5.88,87.27,44.19,3855.76,35.59,45.49,0.606,1
FAZ_01456,AgroSat_BR,Trigo,885.18,Manual,Calcario,Verao,32.3,121.3,85.18,5906.6,28.09,63.75,0.671,0
FAZ_01457,Gaia_Vision,Algodao,705.58,Inundacao,Calcario,Inverno,11.91,193.77,58.79,11409.45,25.91,62.69,0.629,1
FAZ_01458,AgroSat_BR,Cenoura,406.23,Gotejamento,Organico,Inverno,6.3,96.17,48.69,2997.96,18.96,79.7,0.73,0
FAZ_01459,Sentinel_Agro,Algodao,333.57,Aspersao,Organico,Verao,5.68,89.78,48.43,2844.33,22.6,82.99,0.756,0
FAZ_01460,AgroSat_BR,Trigo,236.82,Gotejamento,Siltoso,Primavera,4.05,62.14,41.82,1448.91,23.72,64.17,0.681,0
FAZ_01461,OrbSat_Field,Cenoura,310.21,Aspersao,Calcario,Primavera,3.18,89.64,52.38,2293.43,29.6,61.92,0.631,0
FAZ_01462,TerraScan_X,Soja,444.34,Sequeiro,Siltoso,Inverno,12.35,63.39,44.81,4344.05,18.17,76.69,0.756,0
FAZ_01463,Gaia_Vision,Batata,227.31,Gotejamento,Organico,Inverno,6.31,95.2,43.41,800.0,23.22,69.81,0.762,0
FAZ_01464,TerraScan_X,Cana_de_Acucar,527.69,Aspersao,Arenoso,Primavera,20.03,136.31,63.56,4011.16,18.45,88.1,0.742,0
FAZ_01465,AgroSat_BR,Milho,645.28,Manual,Argiloso,Inverno,17.41,159.36,78.3,4904.29,15.39,64.55,0.644,1
FAZ_01466,Gaia_Vision,Soja,568.89,Gotejamento,Calcario,Inverno,18.73,119.42,79.6,4967.81,27.73,75.91,0.785,0
FAZ_01467,AgroSat_BR,Arroz,283.94,Gotejamento,Franco,Primavera,9.6,51.11,53.23,2733.65,21.34,80.35,0.77,0
FAZ_01468,OrbSat_Field,Algodao,587.61,Inundacao,Siltoso,Primavera,8.89,194.1,80.77,9996.54,30.94,58.53,0.616,1
FAZ_01469,Sentinel_Agro,Batata,426.14,Manual,Calcario,Outono,10.89,172.24,76.33,5728.88,22.99,77.61,0.791,0
FAZ_01470,Gaia_Vision,Algodao,576.43,Manual,Argiloso,Inverno,17.62,125.28,66.17,5634.69,19.92,66.29,0.696,0
FAZ_01471,OrbSat_Field,Algodao,595.83,Manual,Siltoso,Inverno,17.51,149.65,60.56,8223.63,26.55,70.45,0.618,1
FAZ_01472,OrbSat_Field,Soja,611.1,Aspersao,Calcario,Outono,17.64,142.17,49.96,6688.51,39.62,55.32,0.565,1
FAZ_01473,Gaia_Vision,Cana_de_Acucar,329.64,Sequeiro,Siltoso,Inverno,17.5,86.54,42.08,2259.35,18.56,78.84,0.719,0
FAZ_01474,AgroSat_BR,Cenoura,735.38,Gotejamento,Siltoso,Inverno,11.94,204.13,87.22,6445.36,33.38,66.66,0.557,1
FAZ_01475,OrbSat_Field,Algodao,291.7,Aspersao,Organico,Verao,6.44,90.17,51.65,2281.42,28.92,67.44,,0
FAZ_01476,TerraScan_X,Tomate,227.95,Aspersao,Organico,Verao,9.64,134.85,43.13,3274.08,29.2,59.63,0.626,0
FAZ_01477,OrbSat_Field,Trigo,369.24,Gotejamento,Siltoso,Verao,15.6,66.44,39.72,3930.15,45.0,43.01,0.523,1
FAZ_01478,AgroSat_BR,Batata,265.04,Aspersao,Siltoso,Outono,7.39,104.88,47.08,4038.42,24.61,73.97,0.738,0
FAZ_01479,AgroSat_BR,Tomate,491.43,Inundacao,Franco,Inverno,,87.37,66.79,7842.22,20.94,79.45,0.784,0
FAZ_01480,TerraScan_X,Soja,310.62,Inundacao,Argiloso,Outono,8.92,81.98,46.12,6485.74,29.58,55.51,0.656,1
FAZ_01481,OrbSat_Field,Soja,488.03,Aspersao,Argiloso,Outono,13.73,91.0,52.45,5962.45,26.12,72.18,0.813,0
FAZ_01482,AgroSat_BR,Cana_de_Acucar,338.48,Manual,Arenoso,Inverno,17.92,91.3,54.02,3896.59,24.58,62.33,0.596,0
FAZ_01483,Gaia_Vision,Cana_de_Acucar,487.69,Manual,Arenoso,Primavera,21.46,119.54,62.58,4857.4,23.29,72.3,0.565,0
FAZ_01484,Sentinel_Agro,Cenoura,530.85,Aspersao,Arenoso,Primavera,8.18,92.43,69.35,5618.21,24.44,68.8,0.669,0
FAZ_01485,Sentinel_Agro,Trigo,317.03,Aspersao,Organico,Inverno,5.6,51.45,60.14,2752.6,22.14,73.8,0.841,0
FAZ_01486,Sentinel_Agro,Batata,528.45,Aspersao,Organico,Primavera,11.14,146.32,46.96,4760.95,21.72,65.38,0.541,1
FAZ_01487,OrbSat_Field,Trigo,155.63,Gotejamento,Franco,Verao,2.82,35.31,45.29,800.0,40.55,56.53,0.691,0
FAZ_01488,TerraScan_X,Arroz,174.13,Manual,Organico,Inverno,4.96,25.88,48.23,3485.18,20.79,57.84,0.713,0
FAZ_01489,AgroSat_BR,Cana_de_Acucar,340.75,Gotejamento,Arenoso,Outono,17.69,127.5,50.49,3348.46,29.17,80.54,0.664,0
FAZ_01490,Gaia_Vision,Cenoura,409.52,Gotejamento,Calcario,Verao,8.84,115.91,45.22,3626.01,36.52,51.39,0.506,0
FAZ_01491,Gaia_Vision,Milho,363.78,Gotejamento,Siltoso,Outono,12.78,109.72,55.71,3200.24,28.11,65.53,0.788,0
FAZ_01492,OrbSat_Field,Algodao,504.98,Manual,Arenoso,Primavera,19.43,114.43,51.94,5578.13,17.98,49.61,0.53,0
FAZ_01493,Sentinel_Agro,Algodao,412.42,Gotejamento,Franco,Inverno,5.47,116.57,48.74,3540.86,27.25,62.35,0.61,0
FAZ_01494,OrbSat_Field,Milho,419.63,Inundacao,Siltoso,Verao,14.78,95.73,52.1,7264.29,32.1,49.82,0.678,1
FAZ_01495,TerraScan_X,Trigo,290.1,Gotejamento,Organico,Inverno,3.91,70.79,38.78,2411.04,22.47,81.46,0.727,0
FAZ_01496,TerraScan_X,Milho,566.51,Manual,Siltoso,Verao,16.39,171.14,45.06,4757.22,24.51,55.69,0.536,1
FAZ_01497,AgroSat_BR,Cenoura,363.17,Sequeiro,Calcario,Verao,13.38,23.4,42.84,2732.82,33.67,54.07,0.599,1
FAZ_01498,AgroSat_BR,Batata,679.14,Aspersao,Franco,Verao,21.47,267.37,86.6,5148.74,23.4,84.33,0.595,1
FAZ_01499,TerraScan_X,Milho,483.25,Manual,Organico,Inverno,18.0,73.05,59.62,4754.98,12.73,79.71,,0
FAZ_01500,TerraScan_X,Cenoura,333.39,Manual,Argiloso,Verao,6.74,88.87,50.54,1889.16,30.49,51.08,0.647,0
FAZ_01501,TerraScan_X,Cana_de_Acucar,797.94,Manual,Arenoso,Verao,27.48,158.78,79.16,7298.94,32.24,65.41,0.651,1
FAZ_01502,OrbSat_Field,Tomate,288.77,Manual,Calcario,Inverno,12.71,97.59,32.79,2199.7,16.75,51.13,0.676,0
FAZ_01503,TerraScan_X,Soja,325.67,Gotejamento,Calcario,Outono,5.96,45.28,49.32,3425.24,22.22,77.3,0.784,0
FAZ_01504,Gaia_Vision,Soja,392.1,Aspersao,Arenoso,Primavera,9.98,96.32,52.14,3618.4,31.81,72.74,0.755,0
FAZ_01505,Sentinel_Agro,Arroz,359.75,Sequeiro,Franco,Inverno,8.64,42.18,34.36,3033.62,28.2,49.32,0.576,0
FAZ_01506,TerraScan_X,Trigo,868.21,Aspersao,Franco,Inverno,32.23,195.26,63.31,11189.17,23.88,49.51,0.611,1
FAZ_01507,Sentinel_Agro,Batata,272.05,Sequeiro,Calcario,Verao,8.99,137.52,28.77,2034.47,35.73,40.63,0.521,1
FAZ_01508,OrbSat_Field,Tomate,284.17,Inundacao,Arenoso,Inverno,14.67,157.83,35.25,8169.88,26.59,58.19,0.611,1
FAZ_01509,Sentinel_Agro,Tomate,378.5,Aspersao,Siltoso,Inverno,7.32,205.76,61.79,3086.53,14.43,73.57,0.674,0
FAZ_01510,OrbSat_Field,Cana_de_Acucar,205.23,Inundacao,Argiloso,Primavera,8.29,17.51,40.89,5346.3,26.04,64.72,0.765,0
FAZ_01511,Gaia_Vision,Milho,614.78,Manual,Argiloso,Inverno,23.07,115.88,57.87,5813.44,20.22,58.06,0.699,0
FAZ_01512,OrbSat_Field,Trigo,661.41,Aspersao,Franco,Verao,21.87,192.62,60.93,4317.99,31.81,60.31,0.562,1
FAZ_01513,OrbSat_Field,Algodao,489.29,Gotejamento,Franco,Primavera,11.29,90.86,79.24,5304.6,13.29,90.32,0.899,0
FAZ_01514,AgroSat_BR,Tomate,375.71,Manual,Siltoso,Inverno,13.9,201.06,42.01,5273.7,22.01,66.75,0.601,1
FAZ_01515,TerraScan_X,Cenoura,342.72,Sequeiro,Franco,Verao,7.64,83.48,32.13,1592.41,34.33,37.69,0.735,0
FAZ_01516,TerraScan_X,Algodao,358.38,Inundacao,Argiloso,Primavera,10.75,137.88,57.59,8237.42,21.13,79.94,0.67,0
FAZ_01517,Gaia_Vision,Arroz,508.85,Gotejamento,Arenoso,Inverno,17.6,117.18,62.55,1772.44,22.58,70.95,0.69,0
FAZ_01518,Gaia_Vision,Milho,457.83,Aspersao,Calcario,Verao,17.59,34.6,69.21,4028.03,37.96,58.49,0.73,0
FAZ_01519,TerraScan_X,Milho,188.66,Sequeiro,Argiloso,Primavera,10.86,57.67,50.34,3133.37,16.15,79.24,0.86,0
FAZ_01520,AgroSat_BR,Batata,468.48,Gotejamento,Siltoso,Verao,5.65,151.11,45.2,5791.67,28.0,57.55,0.558,1
FAZ_01521,TerraScan_X,Tomate,253.25,Inundacao,Arenoso,Primavera,10.64,112.85,32.44,7579.43,24.91,48.52,0.515,1
FAZ_01522,AgroSat_BR,Cana_de_Acucar,309.05,Gotejamento,Arenoso,Inverno,7.54,64.29,50.59,2425.84,11.3,78.03,0.685,0
FAZ_01523,Gaia_Vision,Soja,153.84,Aspersao,Calcario,Outono,3.69,21.12,53.63,1425.54,27.53,82.01,0.877,0
FAZ_01524,Sentinel_Agro,Cenoura,308.25,Aspersao,Argiloso,Primavera,7.72,84.17,64.07,2193.45,19.88,73.04,0.833,0
FAZ_01525,Gaia_Vision,Algodao,775.53,Gotejamento,Arenoso,Inverno,24.45,208.85,78.12,8201.88,10.56,92.56,0.7,1
FAZ_01526,Gaia_Vision,Arroz,416.29,Manual,Arenoso,Primavera,12.43,100.57,67.51,2545.84,25.45,56.69,0.644,0
FAZ_01527,OrbSat_Field,Soja,144.22,Aspersao,Franco,Outono,4.34,18.6,38.93,900.29,41.15,49.42,0.848,0
FAZ_01528,OrbSat_Field,Milho,245.13,Aspersao,Arenoso,Verao,10.86,52.42,47.77,1151.35,23.69,91.44,0.83,0
FAZ_01529,OrbSat_Field,Algodao,515.06,Aspersao,Siltoso,Outono,11.18,169.1,48.47,4842.89,29.38,63.42,0.485,0
FAZ_01530,OrbSat_Field,Trigo,454.51,Sequeiro,Arenoso,Outono,5.87,55.25,45.88,4556.5,22.82,56.59,0.645,0
FAZ_01531,AgroSat_BR,Tomate,300.43,Inundacao,Franco,Verao,11.43,67.02,44.0,7210.21,37.95,47.96,0.691,1
FAZ_01532,TerraScan_X,Arroz,275.36,Gotejamento,Organico,Outono,2.7,38.75,50.98,1444.57,24.9,55.29,0.63,0
FAZ_01533,Sentinel_Agro,Trigo,267.47,Gotejamento,Organico,Inverno,8.04,46.0,47.1,2736.44,11.23,73.02,0.74,0
FAZ_01534,Gaia_Vision,Cana_de_Acucar,329.38,Inundacao,Siltoso,Primavera,16.83,55.95,40.78,8217.13,35.0,60.71,0.648,1
FAZ_01535,AgroSat_BR,Tomate,434.87,Sequeiro,Calcario,Outono,13.07,126.31,37.03,5021.0,26.1,63.08,0.693,1
FAZ_01536,Sentinel_Agro,Algodao,434.81,Aspersao,Calcario,Primavera,12.82,86.98,63.56,4198.24,21.34,75.93,0.724,0
FAZ_01537,AgroSat_BR,Tomate,254.38,Aspersao,Siltoso,Primavera,10.16,103.29,52.06,4634.85,30.95,61.54,0.766,0
FAZ_01538,AgroSat_BR,Soja,692.34,Manual,Arenoso,Verao,14.6,193.75,51.81,5305.72,31.69,42.93,0.494,1
FAZ_01539,Gaia_Vision,Batata,440.77,Inundacao,Arenoso,Outono,7.37,139.19,41.83,8595.49,26.0,69.07,0.748,1
FAZ_01540,TerraScan_X,Soja,241.6,Inundacao,Organico,Verao,6.36,52.4,46.24,5976.16,18.14,84.37,0.866,1
FAZ_01541,OrbSat_Field,Cana_de_Acucar,130.12,Gotejamento,Organico,Verao,6.91,16.98,37.38,800.0,21.64,60.35,0.794,0
FAZ_01542,TerraScan_X,Cenoura,681.36,Gotejamento,Argiloso,Primavera,12.29,50.4,61.46,4962.0,26.93,71.59,0.818,0
FAZ_01543,Gaia_Vision,Trigo,550.85,Aspersao,Organico,Inverno,20.16,58.07,64.86,4516.37,17.85,61.75,0.665,0
FAZ_01544,Gaia_Vision,Soja,232.42,Gotejamento,Organico,Primavera,5.04,40.02,40.5,2395.56,32.4,56.06,0.746,0
FAZ_01545,Gaia_Vision,Batata,354.5,Sequeiro,Siltoso,Verao,11.31,99.56,60.7,4191.96,20.92,86.03,,0
FAZ_01546,Sentinel_Agro,Cenoura,640.45,Gotejamento,Argiloso,Outono,21.33,211.2,64.39,4208.04,21.93,82.44,0.64,0
FAZ_01547,TerraScan_X,Soja,585.92,Inundacao,Calcario,Inverno,12.53,182.75,71.52,11197.5,21.24,69.82,0.534,1
FAZ_01548,TerraScan_X,Milho,509.51,Aspersao,Argiloso,Inverno,12.42,94.54,55.34,5831.92,21.45,57.72,0.66,0
FAZ_01549,AgroSat_BR,Batata,424.02,Aspersao,Arenoso,Outono,7.85,118.89,52.87,3528.7,30.22,72.35,0.681,0
FAZ_01550,AgroSat_BR,Trigo,258.36,Sequeiro,Arenoso,Outono,9.93,83.53,38.72,2749.7,31.85,56.56,0.547,1
FAZ_01551,AgroSat_BR,Arroz,345.5,Inundacao,Argiloso,Inverno,5.19,60.45,65.23,5659.67,20.36,,0.744,0
FAZ_01552,Gaia_Vision,Cenoura,384.88,Sequeiro,Argiloso,Verao,10.0,75.63,38.03,5094.08,27.43,49.73,0.645,0
FAZ_01553,TerraScan_X,Milho,489.13,Gotejamento,Arenoso,Inverno,17.92,107.94,57.71,6840.18,17.35,67.97,0.677,0
FAZ_01554,Gaia_Vision,Arroz,556.45,Gotejamento,Siltoso,Inverno,10.5,80.81,78.75,6986.47,27.66,59.24,0.634,0
FAZ_01555,Sentinel_Agro,Algodao,278.16,Gotejamento,Siltoso,Inverno,5.98,109.01,49.24,1956.49,25.79,74.67,0.758,0
FAZ_01556,AgroSat_BR,Batata,409.52,Aspersao,Siltoso,Verao,3.62,81.24,70.66,4784.0,24.08,69.73,0.77,0
FAZ_01557,Gaia_Vision,Milho,636.78,Aspersao,Siltoso,Outono,19.67,156.31,74.78,3457.9,24.44,71.03,0.755,0
FAZ_01558,Gaia_Vision,Tomate,586.3,Sequeiro,Arenoso,Outono,15.92,213.68,49.69,6562.01,25.18,72.49,0.491,1
FAZ_01559,Sentinel_Agro,Algodao,712.07,Aspersao,Franco,Outono,24.92,186.4,68.21,6096.88,24.82,57.91,0.774,1
FAZ_01560,OrbSat_Field,Algodao,417.07,Sequeiro,Organico,Verao,14.09,139.84,37.15,3549.28,35.47,32.45,0.564,1
FAZ_01561,TerraScan_X,Cenoura,309.59,Aspersao,Organico,Verao,6.63,30.43,55.72,4495.4,28.11,73.34,0.814,0
FAZ_01562,OrbSat_Field,Batata,513.26,Inundacao,Organico,Outono,12.45,220.13,55.26,7928.2,31.19,43.81,0.501,1
FAZ_01563,AgroSat_BR,Milho,291.16,Aspersao,Organico,Primavera,11.35,47.64,39.41,6239.45,19.55,70.95,0.675,1
FAZ_01564,Gaia_Vision,Cana_de_Acucar,269.0,Gotejamento,Arenoso,Primavera,8.78,52.48,47.01,1922.15,23.2,68.8,0.688,0
FAZ_01565,Sentinel_Agro,Milho,649.93,Sequeiro,Franco,Outono,25.22,123.23,86.03,14036.35,22.63,63.0,0.761,1
FAZ_01566,Sentinel_Agro,Soja,245.93,Gotejamento,Arenoso,Primavera,4.83,39.46,44.69,3928.77,23.83,52.82,,0
FAZ_01567,TerraScan_X,Algodao,410.78,Manual,Franco,Primavera,6.06,117.04,46.83,4273.35,31.07,54.14,0.583,1
FAZ_01568,OrbSat_Field,Trigo,156.82,Inundacao,Arenoso,Outono,6.54,76.33,40.43,5323.73,30.94,71.06,0.695,0
FAZ_01569,TerraScan_X,Algodao,719.53,Sequeiro,Argiloso,Outono,18.48,181.38,46.76,7221.4,31.82,51.39,0.568,1
FAZ_01570,Gaia_Vision,Algodao,255.47,Manual,Franco,Verao,3.45,52.44,50.74,3401.28,23.71,65.06,0.697,0
FAZ_01571,TerraScan_X,Tomate,586.62,Aspersao,Organico,Primavera,16.41,141.87,67.93,3905.54,20.12,83.21,0.768,0
FAZ_01572,Sentinel_Agro,Cana_de_Acucar,287.3,Inundacao,Franco,Primavera,11.77,37.77,58.68,14579.94,18.39,80.46,0.863,1
FAZ_01573,Sentinel_Agro,Arroz,496.05,Gotejamento,Calcario,Outono,16.28,85.64,60.96,5659.79,28.69,77.07,0.725,0
FAZ_01574,AgroSat_BR,Arroz,230.32,Aspersao,Siltoso,Inverno,8.85,36.84,46.21,2807.88,25.74,64.65,0.682,0
FAZ_01575,AgroSat_BR,Tomate,406.26,Gotejamento,Franco,Outono,12.41,102.24,53.78,3468.44,22.75,77.24,0.767,0
FAZ_01576,Gaia_Vision,Algodao,345.08,Aspersao,Calcario,Verao,8.15,152.75,60.73,2537.57,31.59,77.87,0.722,0
FAZ_01577,OrbSat_Field,Arroz,235.22,Gotejamento,Siltoso,Inverno,4.96,30.83,52.74,2100.35,18.58,73.42,0.758,0
FAZ_01578,TerraScan_X,Batata,537.66,Sequeiro,Calcario,Inverno,19.45,216.95,69.1,4841.34,16.48,84.79,0.719,1
FAZ_01579,Gaia_Vision,Cana_de_Acucar,584.53,Inundacao,Siltoso,Inverno,15.38,187.31,77.54,8766.99,21.31,61.54,0.633,1
FAZ_01580,AgroSat_BR,Arroz,403.77,Sequeiro,Argiloso,Verao,12.9,58.1,62.01,5850.72,24.25,63.52,0.669,0
FAZ_01581,TerraScan_X,Tomate,182.02,Gotejamento,Franco,Primavera,12.73,83.49,45.81,1264.53,12.29,98.0,0.873,0
FAZ_01582,AgroSat_BR,Soja,180.78,Inundacao,Calcario,Outono,5.01,39.06,33.05,5588.02,27.58,49.69,0.667,0
FAZ_01583,TerraScan_X,Arroz,202.97,Aspersao,Argiloso,Verao,5.41,89.34,43.55,1472.79,24.76,49.99,,0
FAZ_01584,OrbSat_Field,Cana_de_Acucar,461.08,Aspersao,Organico,Verao,20.25,56.92,54.49,6358.76,28.88,70.7,0.778,0
FAZ_01585,Gaia_Vision,Cenoura,254.53,Sequeiro,Franco,Inverno,7.0,46.82,47.94,1724.1,14.07,82.36,0.869,0
FAZ_01586,TerraScan_X,Cenoura,768.79,Sequeiro,Arenoso,Inverno,13.68,135.28,70.64,5427.16,26.27,56.99,0.514,0
FAZ_01587,Sentinel_Agro,Batata,191.73,Aspersao,Arenoso,Verao,2.28,68.86,47.93,1472.61,34.23,57.54,0.733,0
FAZ_01588,Sentinel_Agro,Milho,316.23,Sequeiro,Arenoso,Primavera,13.72,35.89,43.72,2309.1,29.33,63.73,0.629,0
FAZ_01589,TerraScan_X,Milho,574.9,Inundacao,Calcario,Inverno,21.14,117.02,76.72,8436.45,12.78,69.88,0.747,0
FAZ_01590,TerraScan_X,Arroz,657.78,Sequeiro,Calcario,Verao,10.66,61.96,57.71,8232.26,42.28,38.75,0.584,1
FAZ_01591,TerraScan_X,Trigo,408.46,Inundacao,Siltoso,Inverno,13.76,55.01,47.93,7264.51,22.61,72.01,0.743,1
FAZ_01592,Sentinel_Agro,Soja,323.06,Sequeiro,Arenoso,Outono,9.77,4.42,53.06,4159.5,27.53,67.42,0.705,0
FAZ_01593,Sentinel_Agro,Tomate,501.2,Sequeiro,Organico,Outono,21.34,127.82,52.93,4831.12,16.2,71.33,0.737,1
FAZ_01594,TerraScan_X,Soja,307.51,Gotejamento,Calcario,Outono,11.3,70.07,45.9,1981.12,25.67,61.84,0.646,0
FAZ_01595,AgroSat_BR,Cenoura,182.96,Aspersao,Franco,Inverno,5.41,41.39,52.81,1922.65,20.92,81.49,,0
FAZ_01596,AgroSat_BR,Arroz,331.61,Aspersao,Calcario,Inverno,9.95,28.23,59.48,4210.92,12.32,86.38,0.795,0
FAZ_01597,OrbSat_Field,Cana_de_Acucar,284.36,Inundacao,Franco,Primavera,14.26,69.35,40.12,8835.59,21.03,57.74,0.657,1
FAZ_01598,Gaia_Vision,Tomate,623.22,Manual,Calcario,Outono,19.58,107.9,59.82,5786.55,34.35,43.17,0.6,0
FAZ_01599,AgroSat_BR,Soja,213.8,Manual,Siltoso,Primavera,7.59,46.96,42.62,2051.09,20.73,62.45,0.729,0
FAZ_01600,Sentinel_Agro,Cana_de_Acucar,218.53,Manual,Siltoso,Verao,,36.82,44.5,2331.78,29.04,69.72,0.7,0
FAZ_01601,AgroSat_BR,Tomate,268.69,Aspersao,Siltoso,Verao,13.65,102.98,38.97,3068.9,26.47,59.13,0.654,0
FAZ_01602,OrbSat_Field,Soja,340.5,Gotejamento,Organico,Outono,8.17,27.89,61.94,2686.07,28.0,83.71,0.95,0
FAZ_01603,OrbSat_Field,Batata,807.49,Gotejamento,Calcario,Primavera,18.68,219.17,59.31,7562.51,30.2,75.68,0.57,1
FAZ_01604,Gaia_Vision,Cenoura,291.24,Manual,Franco,Inverno,7.54,96.83,51.78,4139.42,26.13,66.5,0.716,0
FAZ_01605,AgroSat_BR,Algodao,482.68,Gotejamento,Calcario,Primavera,8.78,142.13,68.3,5624.49,25.4,64.81,0.716,0
FAZ_01606,Sentinel_Agro,Tomate,383.35,Gotejamento,Argiloso,Verao,14.15,157.18,38.64,2075.15,36.8,75.88,0.628,1
FAZ_01607,Sentinel_Agro,Cenoura,425.78,Aspersao,Siltoso,Primavera,14.89,124.15,59.19,4480.27,19.95,75.09,0.697,0
FAZ_01608,TerraScan_X,Trigo,462.25,Gotejamento,Arenoso,Verao,9.2,58.6,49.44,5986.99,28.78,59.86,0.717,0
FAZ_01609,Sentinel_Agro,Arroz,654.29,Gotejamento,Argiloso,Verao,14.47,155.64,72.29,10541.14,28.24,62.3,0.576,1
FAZ_01610,Gaia_Vision,Cana_de_Acucar,278.77,Gotejamento,Argiloso,Primavera,9.81,53.39,45.88,2596.05,32.1,,0.674,0
FAZ_01611,Gaia_Vision,Tomate,333.62,Sequeiro,Siltoso,Inverno,10.12,70.43,41.84,4408.36,8.92,70.72,0.791,0
FAZ_01612,Sentinel_Agro,Arroz,529.94,Gotejamento,Arenoso,Verao,7.9,98.93,56.89,3109.91,21.04,67.19,0.61,0
FAZ_01613,Sentinel_Agro,Arroz,434.8,Sequeiro,Siltoso,Primavera,11.78,78.39,39.53,6095.67,15.84,70.51,0.741,0
FAZ_01614,TerraScan_X,Algodao,141.71,Gotejamento,Siltoso,Verao,3.62,106.01,43.4,907.58,29.26,63.12,0.812,0
FAZ_01615,Sentinel_Agro,Soja,206.21,Sequeiro,Arenoso,Outono,3.35,27.62,29.84,2102.49,23.18,50.7,0.591,0
FAZ_01616,TerraScan_X,Tomate,461.63,Inundacao,Argiloso,Inverno,13.29,177.36,52.49,6804.41,10.57,74.15,0.759,1
FAZ_01617,TerraScan_X,Cenoura,236.79,Manual,Argiloso,Outono,5.62,49.95,47.54,3245.75,29.51,54.29,0.715,0
FAZ_01618,Sentinel_Agro,Milho,280.49,Sequeiro,Calcario,Verao,13.02,53.59,28.36,3446.86,35.0,46.44,,0
FAZ_01619,OrbSat_Field,Tomate,481.0,Inundacao,Arenoso,Inverno,21.41,165.9,65.89,9494.66,21.8,67.21,0.616,1
FAZ_01620,OrbSat_Field,Tomate,651.88,Sequeiro,Argiloso,Primavera,17.0,225.36,71.88,7179.55,16.94,73.76,0.696,1
FAZ_01621,TerraScan_X,Tomate,725.11,Inundacao,Organico,Primavera,29.27,247.89,51.37,10881.68,40.81,49.3,0.444,1
FAZ_01622,Sentinel_Agro,Arroz,350.57,Manual,Siltoso,Inverno,12.84,41.78,53.49,2855.18,25.98,48.19,0.646,0
FAZ_01623,OrbSat_Field,Cana_de_Acucar,535.24,Aspersao,Organico,Outono,23.26,184.04,60.42,4899.54,31.83,53.7,0.417,1
FAZ_01624,Sentinel_Agro,Arroz,563.65,Sequeiro,Organico,Outono,11.15,160.92,66.49,2440.44,19.2,62.44,0.752,0
FAZ_01625,Sentinel_Agro,Cana_de_Acucar,301.75,Manual,Calcario,Inverno,8.93,92.42,56.53,3144.47,15.36,79.27,0.769,0
FAZ_01626,Sentinel_Agro,Milho,514.11,Gotejamento,Calcario,Primavera,9.93,49.59,58.07,5202.93,17.76,79.71,0.858,0
FAZ_01627,AgroSat_BR,Arroz,497.17,Inundacao,Calcario,Inverno,10.95,129.15,58.13,7488.24,18.39,67.32,0.725,1
FAZ_01628,Sentinel_Agro,Cana_de_Acucar,478.95,Sequeiro,Organico,Outono,13.42,129.32,74.25,5690.27,22.63,62.9,0.669,0
FAZ_01629,AgroSat_BR,Arroz,479.76,Manual,Franco,Verao,11.34,85.12,48.2,3266.63,28.45,69.15,0.699,0
FAZ_01630,TerraScan_X,Trigo,655.67,Sequeiro,Franco,Primavera,,196.05,55.77,7109.83,30.59,69.65,0.566,1
FAZ_01631,OrbSat_Field,Arroz,172.06,Gotejamento,Organico,Inverno,5.14,22.4,38.83,2985.78,25.82,67.1,0.685,0
FAZ_01632,OrbSat_Field,Milho,327.62,Aspersao,Siltoso,Verao,14.59,59.16,46.57,3695.96,34.76,53.67,0.611,1
FAZ_01633,OrbSat_Field,Milho,641.04,Aspersao,Organico,Outono,22.41,94.65,49.86,7170.08,32.46,42.12,0.594,1
FAZ_01634,OrbSat_Field,Cana_de_Acucar,185.8,Gotejamento,Organico,Primavera,7.09,8.45,51.63,1314.27,26.62,71.7,0.855,0
FAZ_01635,OrbSat_Field,Cana_de_Acucar,156.66,Aspersao,Calcario,Inverno,8.01,31.51,43.05,1179.55,32.67,61.68,0.713,0
FAZ_01636,OrbSat_Field,Milho,210.81,Inundacao,Calcario,Outono,6.79,58.85,39.78,6092.08,25.66,,0.754,0
FAZ_01637,OrbSat_Field,Milho,640.07,Gotejamento,Calcario,Inverno,14.95,94.66,83.76,4781.55,23.75,79.76,0.776,0
FAZ_01638,TerraScan_X,Algodao,426.71,Aspersao,Franco,Inverno,7.29,162.87,67.55,4731.37,15.49,79.06,0.671,0
FAZ_01639,Sentinel_Agro,Tomate,663.32,Gotejamento,Organico,Primavera,,246.71,58.22,7235.76,20.26,62.89,0.597,1
FAZ_01640,Gaia_Vision,Batata,353.16,Manual,Siltoso,Outono,13.4,116.14,55.06,3869.38,26.82,71.84,,0
FAZ_01641,AgroSat_BR,Arroz,553.63,Aspersao,Siltoso,Outono,16.9,146.93,62.26,5735.89,24.59,63.47,0.485,0
FAZ_01642,Gaia_Vision,Soja,387.44,Gotejamento,Calcario,Verao,13.78,141.17,49.74,3544.21,38.93,67.04,0.743,0
FAZ_01643,Gaia_Vision,Tomate,488.45,Aspersao,Calcario,Outono,25.17,89.33,66.04,4571.09,18.92,82.79,0.759,0
FAZ_01644,Sentinel_Agro,Batata,244.42,Gotejamento,Organico,Outono,4.1,83.57,48.44,1809.6,17.37,60.59,0.743,0
FAZ_01645,Sentinel_Agro,Algodao,434.65,Sequeiro,Siltoso,Primavera,10.46,132.46,46.74,4917.02,26.79,56.01,0.638,1
FAZ_01646,Sentinel_Agro,Soja,452.79,Aspersao,Organico,Verao,9.43,91.29,67.99,4807.01,26.84,61.62,0.694,0
FAZ_01647,OrbSat_Field,Cana_de_Acucar,470.72,Sequeiro,Franco,Primavera,21.2,89.24,35.1,4736.28,24.76,35.47,0.515,1
FAZ_01648,TerraScan_X,Milho,971.98,Aspersao,Organico,Outono,34.36,168.99,61.49,12991.01,27.41,54.38,0.498,1
FAZ_01649,OrbSat_Field,Trigo,496.18,Sequeiro,Calcario,Verao,5.87,120.09,39.29,5580.71,32.32,39.6,0.45,1
FAZ_01650,TerraScan_X,Cenoura,843.09,Aspersao,Argiloso,Primavera,29.58,235.36,90.45,8586.69,21.93,81.33,0.551,1
FAZ_01651,TerraScan_X,Milho,255.36,Gotejamento,Franco,Verao,10.15,69.63,60.99,3218.3,27.07,61.91,0.708,0
FAZ_01652,Gaia_Vision,Trigo,380.82,Manual,Siltoso,Outono,13.12,91.26,50.06,4154.78,30.97,53.65,0.621,1
FAZ_01653,Gaia_Vision,Batata,137.99,Gotejamento,Siltoso,Verao,2.38,78.16,47.04,800.0,30.24,63.84,0.761,0
FAZ_01654,TerraScan_X,Cana_de_Acucar,133.35,Manual,Calcario,Verao,7.54,23.7,45.15,1447.09,33.06,72.64,0.818,0
FAZ_01655,TerraScan_X,Soja,220.33,Aspersao,Calcario,Verao,6.54,11.56,45.65,1862.75,29.55,64.75,0.768,0
FAZ_01656,OrbSat_Field,Batata,291.68,Manual,Franco,Outono,7.38,86.86,50.93,800.0,23.65,57.87,0.62,0
FAZ_01657,OrbSat_Field,Milho,752.16,Sequeiro,Calcario,Outono,26.1,170.79,83.41,7908.99,20.79,60.38,0.644,1
FAZ_01658,Gaia_Vision,Milho,701.26,Sequeiro,Argiloso,Verao,21.38,115.52,70.29,5018.89,33.71,48.1,0.524,0
FAZ_01659,Sentinel_Agro,Soja,445.09,Aspersao,Franco,Primavera,14.96,29.74,57.53,3902.13,26.81,71.53,0.78,0
FAZ_01660,TerraScan_X,Cenoura,292.57,Aspersao,,Primavera,7.63,38.22,61.37,3811.22,19.15,73.2,0.879,0
FAZ_01661,OrbSat_Field,Trigo,266.59,Sequeiro,Arenoso,Outono,4.63,92.23,41.54,1176.84,30.19,47.2,0.578,0
FAZ_01662,Gaia_Vision,Batata,397.95,Sequeiro,Argiloso,Inverno,11.74,101.7,59.97,3266.04,11.82,76.68,0.679,0
FAZ_01663,OrbSat_Field,Cana_de_Acucar,519.84,Gotejamento,Franco,Primavera,19.48,140.21,51.21,3780.18,31.44,73.49,0.685,0
FAZ_01664,TerraScan_X,Milho,644.79,Inundacao,Arenoso,Verao,12.19,108.88,60.11,12438.18,25.62,62.06,0.581,0
FAZ_01665,TerraScan_X,Batata,537.39,Gotejamento,Organico,Inverno,12.17,206.84,51.46,3516.01,22.46,67.19,0.65,0
FAZ_01666,AgroSat_BR,Cenoura,163.1,Sequeiro,Argiloso,Outono,4.21,21.18,41.08,1293.78,24.76,63.5,0.758,0
FAZ_01667,Sentinel_Agro,Batata,332.43,Gotejamento,Organico,Primavera,10.92,123.14,47.07,3332.8,18.93,56.42,0.696,0
FAZ_01668,AgroSat_BR,Soja,188.02,Inundacao,Arenoso,Inverno,2.53,63.86,47.71,4551.73,18.85,66.15,0.765,0
FAZ_01669,Gaia_Vision,Cana_de_Acucar,507.07,Inundacao,Siltoso,Outono,16.27,150.9,40.55,10496.24,33.22,44.6,0.489,1
FAZ_01670,OrbSat_Field,Algodao,636.39,Sequeiro,Siltoso,Outono,10.58,252.38,52.44,9230.38,29.86,39.64,0.456,1
FAZ_01671,Gaia_Vision,Soja,409.72,Manual,Calcario,Verao,14.71,102.0,49.13,4331.32,37.46,60.48,0.612,0
FAZ_01672,TerraScan_X,Batata,413.18,Aspersao,Siltoso,Primavera,6.7,139.05,77.67,5741.21,20.28,70.0,0.736,0
FAZ_01673,AgroSat_BR,Algodao,225.28,Inundacao,Organico,Inverno,6.79,127.13,45.02,5071.1,16.76,62.99,0.687,0
FAZ_01674,AgroSat_BR,Milho,511.58,Sequeiro,Argiloso,Verao,17.27,126.23,41.88,3703.82,28.33,58.57,0.652,1
FAZ_01675,AgroSat_BR,Algodao,687.37,Manual,Organico,Primavera,13.54,241.35,65.03,7521.71,24.71,48.74,0.467,1
FAZ_01676,Gaia_Vision,Cenoura,483.43,Inundacao,Organico,Inverno,13.04,94.26,63.92,8545.62,15.91,65.32,0.699,0
FAZ_01677,TerraScan_X,Arroz,356.21,Manual,Siltoso,Outono,7.78,43.78,46.37,3232.26,25.14,54.71,0.581,0
FAZ_01678,OrbSat_Field,Cenoura,578.85,Aspersao,Organico,Outono,12.04,88.43,55.64,4773.6,27.11,65.2,0.768,0
FAZ_01679,OrbSat_Field,Soja,387.86,Manual,Arenoso,Primavera,11.62,102.09,42.85,4123.8,31.73,72.23,0.549,0
FAZ_01680,Gaia_Vision,Arroz,837.8,Gotejamento,Franco,Verao,26.9,174.66,66.95,6263.84,30.6,78.52,0.786,1
FAZ_01681,AgroSat_BR,Soja,293.57,Aspersao,Franco,Inverno,7.8,38.93,43.89,3144.18,23.36,57.45,0.625,0
FAZ_01682,Sentinel_Agro,Cana_de_Acucar,246.41,Sequeiro,Franco,Inverno,,52.45,46.57,3823.82,16.23,71.56,0.835,0
FAZ_01683,Gaia_Vision,Tomate,445.18,Gotejamento,Calcario,Outono,10.64,135.86,63.71,3962.01,15.45,74.0,0.688,0
FAZ_01684,Gaia_Vision,Milho,391.04,Aspersao,Siltoso,Primavera,18.81,39.76,44.42,3185.03,31.92,64.43,0.733,0
FAZ_01685,TerraScan_X,Milho,809.94,Aspersao,Siltoso,Verao,19.9,251.56,85.26,6456.04,30.61,50.47,0.465,1
FAZ_01686,OrbSat_Field,Batata,269.66,Gotejamento,Franco,Outono,6.2,85.93,52.78,1931.11,30.7,81.86,0.737,0
FAZ_01687,Gaia_Vision,Trigo,289.58,Manual,Argiloso,Outono,4.51,38.68,47.84,2604.21,22.66,63.37,0.683,0
FAZ_01688,Gaia_Vision,Soja,131.96,Inundacao,Calcario,Verao,4.05,51.57,51.12,5709.77,23.08,57.88,0.818,0
FAZ_01689,AgroSat_BR,Tomate,572.75,Gotejamento,Franco,Inverno,26.95,199.76,54.62,4263.32,12.59,76.53,0.602,1
FAZ_01690,AgroSat_BR,Tomate,379.32,Aspersao,Organico,Inverno,14.5,140.98,74.01,2493.99,15.78,81.32,0.78,0
FAZ_01691,Sentinel_Agro,Cenoura,301.61,Aspersao,Franco,Primavera,7.41,48.57,44.78,3360.3,19.29,67.42,0.707,0
FAZ_01692,TerraScan_X,Cenoura,428.66,Gotejamento,Franco,Outono,16.27,62.0,55.84,3429.66,28.07,60.52,0.753,0
FAZ_01693,Sentinel_Agro,Trigo,599.17,Manual,Argiloso,Primavera,20.36,95.85,66.97,6978.1,24.36,66.0,0.703,1
FAZ_01694,AgroSat_BR,Batata,672.6,Aspersao,Siltoso,Inverno,24.15,159.81,79.41,5552.81,26.72,56.62,0.638,1
FAZ_01695,OrbSat_Field,Algodao,497.9,Manual,Siltoso,Verao,11.13,170.13,50.57,5723.32,28.35,59.5,0.63,0
FAZ_01696,AgroSat_BR,Cenoura,255.5,Gotejamento,Organico,Inverno,3.99,26.91,56.48,3438.43,29.23,69.25,0.73,0
FAZ_01697,TerraScan_X,Batata,250.11,Aspersao,Franco,Inverno,7.65,96.03,30.45,800.0,24.79,56.21,0.621,0
FAZ_01698,AgroSat_BR,Cana_de_Acucar,514.82,Gotejamento,Arenoso,Outono,16.63,143.93,60.27,5040.9,24.68,71.07,0.628,1
FAZ_01699,TerraScan_X,Milho,268.05,Gotejamento,Organico,Inverno,14.51,53.1,47.49,2086.98,16.99,79.18,0.782,0
FAZ_01700,TerraScan_X,Milho,454.69,Sequeiro,Siltoso,Primavera,14.37,102.63,64.21,6311.96,34.2,59.34,0.6,1
FAZ_01701,TerraScan_X,Batata,441.05,Gotejamento,Argiloso,Verao,14.32,149.13,49.29,4274.16,27.49,63.69,0.719,0
FAZ_01702,TerraScan_X,Trigo,191.53,Gotejamento,Siltoso,Outono,4.63,28.04,45.69,2754.53,28.99,55.93,0.731,0
FAZ_01703,TerraScan_X,Tomate,331.44,Sequeiro,Siltoso,Verao,12.18,141.85,41.76,3053.52,34.95,40.17,0.497,1
FAZ_01704,OrbSat_Field,Trigo,116.61,Inundacao,Argiloso,Primavera,2.48,1.0,35.76,4381.29,32.83,40.51,0.576,0
FAZ_01705,Sentinel_Agro,Batata,337.7,Gotejamento,Franco,Primavera,6.54,89.06,62.74,4574.58,19.59,74.85,0.745,0
FAZ_01706,Gaia_Vision,Soja,704.37,Sequeiro,Franco,Inverno,23.97,130.76,73.26,8515.33,35.65,41.64,0.449,1
FAZ_01707,Sentinel_Agro,Arroz,393.28,Gotejamento,Siltoso,Primavera,9.99,48.82,60.23,5231.9,35.98,67.15,,0
FAZ_01708,TerraScan_X,Milho,269.76,Manual,Organico,Inverno,9.65,32.14,48.24,1937.13,24.28,63.15,0.712,0
FAZ_01709,OrbSat_Field,Batata,716.39,Gotejamento,Arenoso,Outono,18.07,199.58,65.19,10197.23,16.67,82.0,0.622,1
FAZ_01710,AgroSat_BR,Tomate,322.93,Inundacao,Organico,Verao,12.13,112.15,47.88,7030.28,34.97,51.6,0.679,1
FAZ_01711,OrbSat_Field,Arroz,409.97,Inundacao,Calcario,Inverno,8.98,64.89,60.31,6910.26,26.11,58.78,0.654,0
FAZ_01712,TerraScan_X,Cana_de_Acucar,508.04,Gotejamento,Organico,Inverno,21.54,152.56,79.24,3632.96,13.18,94.09,0.909,0
FAZ_01713,OrbSat_Field,Cenoura,587.35,Inundacao,Siltoso,Outono,21.44,166.33,47.39,10349.02,24.04,47.06,0.478,1
FAZ_01714,OrbSat_Field,Soja,717.92,Inundacao,Siltoso,Primavera,23.65,154.4,55.44,12069.32,32.1,53.62,0.526,1
FAZ_01715,TerraScan_X,Cenoura,354.96,Manual,Arenoso,Inverno,6.08,82.96,47.92,4142.18,7.95,67.03,0.649,0
FAZ_01716,OrbSat_Field,Arroz,329.3,Sequeiro,Arenoso,Primavera,8.1,32.49,34.21,5101.09,27.24,42.65,0.574,1
FAZ_01717,Gaia_Vision,Arroz,460.56,Aspersao,Arenoso,Inverno,7.7,71.18,62.81,3865.64,22.75,59.74,0.589,0
FAZ_01718,Gaia_Vision,Cenoura,541.28,Aspersao,Siltoso,Primavera,16.18,166.75,68.76,3881.74,18.33,94.16,0.89,0
FAZ_01719,OrbSat_Field,Tomate,458.5,Inundacao,Siltoso,Inverno,14.19,167.58,52.16,6114.29,24.38,58.6,0.622,1
FAZ_01720,AgroSat_BR,Tomate,305.67,Manual,Organico,Verao,13.76,119.52,45.62,2695.35,30.27,56.71,0.572,0
FAZ_01721,TerraScan_X,Algodao,738.89,Aspersao,Siltoso,Verao,10.0,154.44,71.79,7086.64,29.93,77.85,0.689,1
FAZ_01722,Gaia_Vision,Cana_de_Acucar,500.79,Aspersao,Calcario,Verao,14.31,78.5,70.53,5743.13,32.26,51.76,0.656,0
FAZ_01723,AgroSat_BR,Tomate,859.59,Inundacao,Franco,Inverno,33.68,216.91,95.0,11742.67,20.37,64.76,0.579,1
FAZ_01724,OrbSat_Field,Cana_de_Acucar,960.69,Sequeiro,Franco,Primavera,25.72,141.81,78.36,8531.81,23.93,60.1,0.579,1
FAZ_01725,AgroSat_BR,Cana_de_Acucar,206.94,Inundacao,Arenoso,Outono,11.28,47.34,45.72,7910.82,22.6,72.14,0.785,1
FAZ_01726,Sentinel_Agro,Arroz,425.85,Gotejamento,Siltoso,Outono,14.87,59.69,64.22,3655.18,26.14,79.63,0.917,0
FAZ_01727,Gaia_Vision,Cana_de_Acucar,281.0,Inundacao,Calcario,Outono,8.54,29.99,46.9,8890.09,20.5,56.88,0.702,1
FAZ_01728,OrbSat_Field,Soja,460.44,Manual,Franco,Verao,9.81,31.64,38.95,6372.52,42.51,35.13,0.608,1
FAZ_01729,TerraScan_X,Cenoura,286.34,Sequeiro,Organico,Verao,7.93,64.01,43.95,2108.3,24.32,73.42,0.843,0
FAZ_01730,OrbSat_Field,Algodao,193.3,Manual,Argiloso,Verao,6.11,108.4,32.24,3719.03,33.21,45.72,0.535,1
FAZ_01731,TerraScan_X,Batata,594.61,Sequeiro,Organico,Primavera,20.61,161.9,47.78,5141.41,18.85,66.05,0.753,1
FAZ_01732,OrbSat_Field,Trigo,624.8,Aspersao,Argiloso,Verao,12.42,181.55,67.73,7119.57,45.0,43.07,0.431,1
FAZ_01733,AgroSat_BR,Algodao,427.85,Aspersao,Calcario,Primavera,13.59,193.06,53.02,5125.7,20.62,83.54,0.744,0
FAZ_01734,AgroSat_BR,Soja,487.21,Manual,Organico,Primavera,13.14,139.56,60.48,4457.71,36.07,52.19,0.544,1
FAZ_01735,AgroSat_BR,Algodao,833.38,Aspersao,Franco,Primavera,27.72,181.97,72.02,11280.05,21.53,55.36,0.499,1
FAZ_01736,Sentinel_Agro,Cana_de_Acucar,153.68,Aspersao,Siltoso,Inverno,4.84,20.03,41.88,1356.03,25.95,58.98,0.687,0
FAZ_01737,TerraScan_X,Arroz,236.77,Manual,Argiloso,Outono,4.84,61.72,49.54,3576.85,25.1,57.43,0.658,0
FAZ_01738,AgroSat_BR,Trigo,494.59,Manual,Siltoso,Primavera,18.09,67.28,63.39,2711.25,27.05,58.06,0.644,0
FAZ_01739,Sentinel_Agro,Tomate,204.48,Sequeiro,Calcario,Outono,14.27,102.79,52.01,3526.85,27.48,71.56,0.784,0
FAZ_01740,TerraScan_X,Arroz,195.89,Sequeiro,Siltoso,Primavera,5.28,28.75,40.52,2749.44,29.4,59.52,0.723,0
FAZ_01741,OrbSat_Field,Cana_de_Acucar,298.39,Aspersao,Franco,Primavera,5.29,65.41,38.85,1574.73,28.61,63.09,0.751,0
FAZ_01742,Sentinel_Agro,Cana_de_Acucar,331.18,Sequeiro,Calcario,Verao,17.31,92.4,48.35,3542.65,29.19,60.07,0.712,0
FAZ_01743,Gaia_Vision,Trigo,239.29,Gotejamento,Arenoso,Outono,5.56,23.85,43.05,3211.81,25.65,68.1,0.715,0
FAZ_01744,Sentinel_Agro,Trigo,460.42,Manual,Arenoso,Primavera,8.59,126.2,51.2,4989.66,25.76,,0.49,1
FAZ_01745,Sentinel_Agro,Milho,378.13,Gotejamento,Argiloso,Outono,12.3,78.74,56.6,3026.39,25.12,61.38,0.74,0
FAZ_01746,TerraScan_X,Arroz,309.23,Aspersao,Franco,Verao,7.21,62.08,36.81,4762.81,29.21,61.82,0.656,0
FAZ_01747,OrbSat_Field,Tomate,1025.75,Sequeiro,Siltoso,Primavera,20.85,261.76,58.68,10921.54,27.93,47.78,0.554,1
FAZ_01748,Gaia_Vision,Algodao,226.0,Aspersao,Organico,Verao,8.81,95.83,39.78,1303.52,28.03,67.32,0.77,0
FAZ_01749,AgroSat_BR,Cana_de_Acucar,287.41,Inundacao,Organico,Primavera,9.94,88.88,51.18,6628.94,30.92,65.0,0.7,0
FAZ_01750,AgroSat_BR,Cana_de_Acucar,354.76,Gotejamento,Calcario,Verao,10.41,72.78,34.64,3060.52,38.03,60.8,0.549,0
FAZ_01751,Sentinel_Agro,Milho,500.42,Gotejamento,Argiloso,Verao,15.13,159.57,67.95,3372.93,28.3,72.93,0.705,0
FAZ_01752,TerraScan_X,Arroz,636.03,Aspersao,Argiloso,Inverno,15.73,89.77,55.92,7420.01,24.36,62.72,0.808,1
FAZ_01753,TerraScan_X,Arroz,171.71,Inundacao,Argiloso,Primavera,4.66,39.12,42.12,3859.62,23.06,52.01,0.658,0
FAZ_01754,AgroSat_BR,Cenoura,615.93,Aspersao,Franco,Primavera,22.63,68.01,57.93,4810.13,21.08,81.53,0.772,0
FAZ_01755,Gaia_Vision,Trigo,197.39,Aspersao,Organico,Primavera,1.94,40.67,44.86,2108.62,21.54,76.11,0.803,0
FAZ_01756,OrbSat_Field,Tomate,355.39,Manual,Calcario,Outono,18.37,162.16,49.69,2269.84,20.58,64.44,0.667,0
FAZ_01757,Gaia_Vision,Trigo,488.59,Gotejamento,Franco,Inverno,12.98,154.21,73.46,6697.53,11.92,89.77,0.84,1
FAZ_01758,OrbSat_Field,Tomate,847.98,Aspersao,Calcario,Outono,31.95,191.55,89.61,9556.79,38.48,52.32,0.533,1
FAZ_01759,AgroSat_BR,Soja,382.28,Sequeiro,Franco,Primavera,5.73,23.77,57.22,5466.35,24.69,76.62,0.771,0
FAZ_01760,OrbSat_Field,Batata,288.78,Aspersao,Siltoso,Inverno,6.7,124.17,52.42,2396.84,22.86,77.79,0.854,0
FAZ_01761,TerraScan_X,Tomate,373.65,Aspersao,Franco,Verao,9.18,151.58,44.83,2120.09,26.67,67.57,0.561,1
FAZ_01762,Sentinel_Agro,Trigo,389.16,Manual,Franco,Inverno,10.74,74.16,66.49,4360.44,19.1,54.54,0.715,0
FAZ_01763,Sentinel_Agro,Cana_de_Acucar,442.83,Manual,Siltoso,Verao,10.44,122.71,66.07,4828.16,22.6,59.41,0.68,0
FAZ_01764,AgroSat_BR,Trigo,1130.3,Manual,Arenoso,Primavera,28.83,231.54,80.25,9977.1,29.82,67.42,0.599,1
FAZ_01765,TerraScan_X,Tomate,427.5,Sequeiro,Siltoso,Primavera,18.38,84.5,61.69,5090.16,22.05,70.62,0.695,0
FAZ_01766,Gaia_Vision,Arroz,145.98,Gotejamento,Argiloso,Verao,4.21,55.08,39.15,1178.33,41.49,66.29,0.676,0
FAZ_01767,TerraScan_X,Trigo,535.09,Sequeiro,Arenoso,Inverno,7.47,32.05,71.31,2337.36,18.21,60.85,0.685,0
FAZ_01768,Sentinel_Agro,Milho,431.91,Sequeiro,Organico,Outono,7.42,45.94,46.09,5222.76,27.53,43.06,0.565,0
FAZ_01769,Sentinel_Agro,Cenoura,402.7,Sequeiro,Calcario,Inverno,13.7,132.67,57.64,3787.79,14.84,80.88,0.695,0
FAZ_01770,TerraScan_X,Cana_de_Acucar,678.15,Aspersao,Franco,Verao,19.51,89.43,75.59,4607.82,30.17,71.62,0.704,0
FAZ_01771,TerraScan_X,Milho,613.88,Sequeiro,Arenoso,Verao,20.69,135.34,68.05,6801.11,19.44,68.69,0.631,1
FAZ_01772,Sentinel_Agro,Tomate,219.97,Gotejamento,Organico,Outono,9.63,119.4,57.84,3114.96,18.36,85.78,0.836,0
FAZ_01773,Gaia_Vision,Soja,364.44,Manual,Siltoso,Outono,11.37,120.5,44.93,3417.24,32.96,66.11,0.617,0
FAZ_01774,AgroSat_BR,Milho,189.81,Gotejamento,Siltoso,Outono,8.2,38.14,45.31,2443.72,33.92,57.26,0.811,0
FAZ_01775,AgroSat_BR,Batata,173.67,Manual,Argiloso,Verao,3.41,73.77,33.22,1585.5,30.82,67.89,0.558,0
FAZ_01776,TerraScan_X,Soja,212.55,Inundacao,Argiloso,Primavera,6.19,18.42,47.96,6440.43,25.42,45.83,0.699,1
FAZ_01777,AgroSat_BR,Algodao,453.85,Gotejamento,Arenoso,Inverno,12.99,75.11,74.96,5434.32,26.5,68.92,0.751,0
FAZ_01778,Sentinel_Agro,Cana_de_Acucar,577.03,Sequeiro,Calcario,Outono,26.46,167.41,55.25,6973.43,26.71,60.35,0.685,1
FAZ_01779,Sentinel_Agro,Algodao,586.47,Inundacao,Franco,Verao,17.78,155.13,61.04,8262.47,25.57,63.93,0.627,1
FAZ_01780,TerraScan_X,Trigo,379.57,Inundacao,Siltoso,Inverno,7.78,48.41,43.23,8853.62,25.73,67.81,0.726,0
FAZ_01781,TerraScan_X,Tomate,232.89,Aspersao,Arenoso,Outono,7.9,94.95,54.52,806.82,28.75,74.24,0.81,0
FAZ_01782,TerraScan_X,Cana_de_Acucar,279.76,Sequeiro,Arenoso,Primavera,10.47,61.44,43.07,2038.53,33.56,47.9,0.466,0
FAZ_01783,Gaia_Vision,Arroz,538.09,Inundacao,Calcario,Inverno,16.21,173.03,49.21,10446.81,27.95,48.51,0.505,1
FAZ_01784,AgroSat_BR,Soja,157.29,Aspersao,Arenoso,Inverno,1.22,29.49,50.34,1447.09,10.18,94.07,0.802,0
FAZ_01785,TerraScan_X,Arroz,423.88,Inundacao,Argiloso,Verao,9.31,76.32,60.94,8355.43,24.49,54.16,0.708,0
FAZ_01786,OrbSat_Field,Algodao,204.83,Manual,Calcario,Verao,2.25,90.72,37.5,2787.71,45.0,24.9,0.478,0
FAZ_01787,OrbSat_Field,Milho,452.67,Inundacao,Siltoso,Verao,10.45,141.51,55.4,7760.8,27.84,61.69,0.547,1
FAZ_01788,Sentinel_Agro,Milho,541.54,Aspersao,Argiloso,Primavera,14.68,155.47,45.25,4317.51,24.91,67.11,0.608,1
FAZ_01789,AgroSat_BR,Tomate,286.69,Aspersao,,Inverno,8.26,180.46,50.68,1177.25,20.63,61.05,0.578,0
FAZ_01790,TerraScan_X,Algodao,176.28,Inundacao,Calcario,Outono,4.29,72.62,40.08,7479.52,23.1,50.94,0.67,1
FAZ_01791,OrbSat_Field,Cenoura,330.76,Sequeiro,Calcario,Primavera,8.1,106.13,27.98,1525.38,37.21,46.93,0.499,1
FAZ_01792,AgroSat_BR,Cana_de_Acucar,389.96,Manual,Arenoso,Outono,14.31,76.38,62.88,3481.35,26.06,56.81,0.722,0
FAZ_01793,Sentinel_Agro,Soja,245.7,Aspersao,Organico,Outono,1.88,68.53,48.82,2550.29,19.21,79.67,0.817,0
FAZ_01794,Gaia_Vision,Milho,405.88,Aspersao,Organico,Verao,13.66,96.39,63.32,4567.72,28.32,,0.751,0
FAZ_01795,AgroSat_BR,Milho,623.35,Inundacao,Organico,Outono,19.76,147.03,74.14,9109.57,31.14,58.03,0.634,1
FAZ_01796,AgroSat_BR,Arroz,819.4,Sequeiro,Arenoso,Outono,14.2,179.6,59.04,10490.72,20.42,59.09,0.59,1
FAZ_01797,Gaia_Vision,Arroz,295.4,Gotejamento,Franco,Primavera,3.72,39.25,39.78,2825.82,29.21,63.21,0.612,0
FAZ_01798,AgroSat_BR,Trigo,690.88,Manual,Siltoso,Verao,13.85,64.12,66.0,6644.69,26.6,63.91,0.806,0
FAZ_01799,Sentinel_Agro,Cenoura,520.08,Aspersao,Arenoso,Outono,17.89,183.6,70.06,3363.56,24.16,68.64,0.67,0
FAZ_01800,Sentinel_Agro,Arroz,624.57,Gotejamento,Arenoso,Outono,15.85,97.83,80.75,8166.76,33.32,70.3,0.704,1
FAZ_01801,Gaia_Vision,Arroz,508.81,Gotejamento,Argiloso,Outono,16.43,139.06,64.81,4727.98,30.02,59.73,,0
FAZ_01802,TerraScan_X,Cana_de_Acucar,869.8,Sequeiro,Organico,Inverno,26.73,208.11,95.0,6186.93,24.83,66.89,0.555,1
FAZ_01803,OrbSat_Field,Arroz,218.52,Sequeiro,Calcario,Inverno,10.38,11.92,43.01,2532.64,15.42,73.61,0.76,0
FAZ_01804,TerraScan_X,Soja,396.57,Gotejamento,Arenoso,Verao,5.4,50.55,61.24,5281.59,36.74,50.59,0.596,1
FAZ_01805,AgroSat_BR,Cana_de_Acucar,263.12,Inundacao,Franco,Primavera,12.67,70.22,46.04,5381.59,19.48,75.07,0.73,0
FAZ_01806,OrbSat_Field,Trigo,421.81,Gotejamento,Siltoso,Verao,9.21,42.45,53.79,3228.52,29.18,59.54,0.716,0
FAZ_01807,Gaia_Vision,Algodao,615.08,Manual,Franco,Inverno,20.09,93.2,82.33,6373.67,22.52,69.4,0.79,0
FAZ_01808,Gaia_Vision,Cana_de_Acucar,333.35,Inundacao,Arenoso,Verao,13.27,19.56,40.83,6964.32,38.45,54.14,0.668,0
FAZ_01809,OrbSat_Field,Algodao,704.89,Aspersao,Arenoso,Primavera,18.04,186.2,61.75,8853.27,27.37,74.45,0.642,1
FAZ_01810,Sentinel_Agro,Milho,607.93,Gotejamento,Argiloso,Verao,25.33,64.98,55.07,8260.49,32.16,61.78,0.637,0
FAZ_01811,OrbSat_Field,Trigo,383.58,Manual,Franco,Outono,7.37,32.3,51.43,2523.18,21.01,,0.688,0
FAZ_01812,AgroSat_BR,Trigo,184.18,Inundacao,Argiloso,Primavera,3.77,31.63,51.63,4628.92,32.28,56.68,0.695,0
FAZ_01813,Sentinel_Agro,Cana_de_Acucar,378.86,Gotejamento,Calcario,Primavera,16.48,150.41,43.73,2734.53,26.03,83.54,0.736,1
FAZ_01814,Gaia_Vision,Batata,977.97,Inundacao,Franco,Primavera,15.09,360.87,92.38,12091.48,14.91,88.97,0.675,1
FAZ_01815,OrbSat_Field,Trigo,522.44,Manual,Organico,Verao,12.74,178.35,42.23,5609.7,45.0,32.83,0.472,1
FAZ_01816,TerraScan_X,Algodao,510.16,Inundacao,Calcario,Verao,17.32,81.05,64.88,9160.51,25.34,,0.641,1
FAZ_01817,TerraScan_X,Trigo,156.49,Aspersao,Organico,Outono,2.82,15.09,48.67,800.0,16.77,71.15,0.797,0
FAZ_01818,AgroSat_BR,Milho,658.2,Inundacao,Franco,Primavera,10.59,78.96,86.79,7762.43,22.67,79.1,0.844,0
FAZ_01819,TerraScan_X,Soja,995.23,Inundacao,Argiloso,Outono,35.0,235.56,79.6,15656.17,32.68,59.75,0.57,1
FAZ_01820,OrbSat_Field,Batata,537.98,Inundacao,Organico,Primavera,6.24,383.17,48.69,16870.89,39.34,47.63,0.514,1
FAZ_01821,OrbSat_Field,Tomate,344.87,Sequeiro,Arenoso,Inverno,15.79,137.86,43.26,2960.46,22.46,70.22,0.589,1
FAZ_01822,TerraScan_X,Trigo,341.69,Gotejamento,Siltoso,Verao,6.81,72.2,41.91,4047.47,34.42,41.51,0.641,0
FAZ_01823,OrbSat_Field,Arroz,670.9,Inundacao,Argiloso,Outono,,180.54,79.78,14445.27,22.61,60.4,0.53,1
FAZ_01824,AgroSat_BR,Cana_de_Acucar,409.6,Gotejamento,Calcario,Verao,7.67,95.54,62.43,3924.46,38.84,57.28,0.647,0
FAZ_01825,Sentinel_Agro,Cana_de_Acucar,567.54,Gotejamento,Calcario,Verao,18.88,73.78,76.02,4989.48,26.72,59.57,0.698,0
FAZ_01826,AgroSat_BR,Cana_de_Acucar,682.67,Inundacao,Franco,Inverno,20.12,148.33,73.22,11702.53,26.56,56.68,0.642,1
FAZ_01827,AgroSat_BR,Cenoura,264.09,Sequeiro,Calcario,Inverno,,1.0,44.16,2123.54,35.26,54.61,0.719,0
FAZ_01828,OrbSat_Field,Batata,365.06,Gotejamento,Siltoso,Primavera,11.47,73.61,46.02,3126.79,31.77,67.49,0.721,0
FAZ_01829,Sentinel_Agro,Batata,280.64,Sequeiro,Siltoso,Inverno,9.52,110.4,32.54,3816.31,23.24,61.26,0.578,0
FAZ_01830,OrbSat_Field,Algodao,425.31,Aspersao,Arenoso,Primavera,12.32,131.86,67.52,2899.98,21.74,72.84,0.642,0
FAZ_01831,Gaia_Vision,Trigo,174.02,Aspersao,Calcario,Inverno,4.77,11.24,49.11,2097.88,19.35,67.41,0.835,0
FAZ_01832,OrbSat_Field,Tomate,484.22,Gotejamento,Argiloso,Inverno,18.07,177.8,55.45,5563.26,10.83,,0.743,0
FAZ_01833,OrbSat_Field,Cana_de_Acucar,456.74,Inundacao,Siltoso,Outono,11.53,118.41,51.85,10181.23,27.54,65.7,0.674,0
FAZ_01834,OrbSat_Field,Trigo,340.77,Inundacao,Argiloso,Inverno,7.92,95.49,55.42,6685.99,23.04,54.3,0.687,1
FAZ_01835,Sentinel_Agro,Batata,464.45,Aspersao,Arenoso,Outono,16.46,169.88,53.16,5418.83,18.01,86.63,0.734,0
FAZ_01836,OrbSat_Field,Milho,403.65,Aspersao,Franco,Inverno,20.73,56.9,64.1,4081.53,23.17,81.06,0.949,0
FAZ_01837,Sentinel_Agro,Cana_de_Acucar,304.26,Inundacao,Siltoso,Outono,11.58,67.28,51.72,6977.63,24.17,67.18,0.705,0
FAZ_01838,TerraScan_X,Trigo,439.86,Inundacao,Siltoso,Verao,7.95,99.98,52.02,8196.11,22.74,69.17,0.704,0
FAZ_01839,Gaia_Vision,Batata,284.42,Aspersao,Siltoso,Primavera,7.57,82.12,48.36,2606.65,21.69,61.73,0.661,0
FAZ_01840,Sentinel_Agro,Soja,418.51,Sequeiro,Calcario,Inverno,12.99,115.63,58.7,4131.3,14.39,78.78,0.76,0
FAZ_01841,TerraScan_X,Batata,177.93,Inundacao,Argiloso,Outono,2.62,102.35,38.47,5646.1,23.78,53.41,0.585,0
FAZ_01842,Sentinel_Agro,Arroz,400.16,Gotejamento,Siltoso,Inverno,6.01,71.17,50.56,4471.7,21.91,57.13,0.676,0
FAZ_01843,Sentinel_Agro,Cenoura,364.36,Aspersao,Argiloso,Outono,13.03,71.85,54.83,4427.98,19.96,78.15,0.832,0
FAZ_01844,Gaia_Vision,Cenoura,603.33,Manual,Calcario,Outono,14.29,71.67,83.45,3926.82,15.43,88.73,0.945,0
FAZ_01845,AgroSat_BR,Cana_de_Acucar,384.11,Gotejamento,Organico,Inverno,14.8,120.49,62.73,3501.75,25.47,62.99,0.695,0
FAZ_01846,AgroSat_BR,Soja,220.14,Manual,Organico,Primavera,8.74,54.09,47.73,1447.34,19.15,72.53,0.874,0
FAZ_01847,Sentinel_Agro,Soja,143.1,Aspersao,Argiloso,Outono,3.88,19.28,39.84,1675.97,28.98,69.5,0.741,0
FAZ_01848,OrbSat_Field,Cana_de_Acucar,599.45,Inundacao,Calcario,Verao,23.84,35.16,75.63,8268.3,29.72,57.27,0.784,1
FAZ_01849,TerraScan_X,Trigo,281.13,Aspersao,Organico,Inverno,6.93,24.4,52.58,2997.35,24.46,56.87,,0
FAZ_01850,OrbSat_Field,Cana_de_Acucar,481.4,Sequeiro,Arenoso,Verao,11.49,24.24,46.81,3946.4,28.7,59.72,0.552,0
FAZ_01851,OrbSat_Field,Tomate,323.32,Sequeiro,Arenoso,Outono,14.01,82.51,26.55,2626.02,33.06,66.75,0.539,1
FAZ_01852,Sentinel_Agro,Tomate,340.37,Sequeiro,Organico,Outono,16.85,103.57,47.51,4885.93,39.2,55.07,0.638,1
FAZ_01853,Sentinel_Agro,Cenoura,286.56,Gotejamento,Franco,Inverno,5.65,39.7,36.38,990.15,23.95,53.97,0.592,1
FAZ_01854,Sentinel_Agro,Batata,206.15,Manual,Argiloso,Primavera,4.88,129.67,44.98,3141.27,13.49,84.64,0.775,0
FAZ_01855,Sentinel_Agro,Cana_de_Acucar,274.93,Inundacao,Organico,Verao,17.41,44.13,50.59,7146.05,35.83,49.49,0.664,1
FAZ_01856,AgroSat_BR,Cana_de_Acucar,527.66,Manual,Argiloso,Primavera,12.86,134.83,75.84,7318.76,21.35,77.32,0.735,0
FAZ_01857,Sentinel_Agro,Trigo,399.91,Gotejamento,Calcario,Verao,12.14,100.95,57.5,1919.08,13.71,69.05,0.679,0
FAZ_01858,AgroSat_BR,Algodao,442.7,Manual,Organico,Primavera,7.69,143.9,54.12,2531.94,23.5,58.1,0.762,0
FAZ_01859,AgroSat_BR,Cenoura,300.26,Sequeiro,Arenoso,Inverno,6.41,70.14,37.87,3759.69,28.69,58.32,0.646,0
FAZ_01860,Sentinel_Agro,Cenoura,327.13,Aspersao,Calcario,Verao,9.34,64.43,54.81,3230.08,36.03,68.99,0.786,0
FAZ_01861,Gaia_Vision,Cenoura,310.59,Gotejamento,Franco,Inverno,5.88,96.15,51.65,2187.6,18.84,74.92,0.804,0
FAZ_01862,TerraScan_X,Batata,451.26,Gotejamento,,Primavera,12.39,174.16,48.01,4383.81,36.01,52.8,0.473,1
FAZ_01863,OrbSat_Field,Milho,507.9,Aspersao,Franco,Primavera,21.67,97.57,68.65,4146.02,20.16,73.77,0.793,0
FAZ_01864,AgroSat_BR,Algodao,298.81,Inundacao,Arenoso,Primavera,7.37,105.7,43.13,7780.86,36.83,66.05,0.688,1
FAZ_01865,TerraScan_X,Batata,417.41,Manual,Siltoso,Inverno,14.1,175.69,42.69,6207.7,17.9,60.65,0.574,1
FAZ_01866,Gaia_Vision,Tomate,308.94,Aspersao,Siltoso,Outono,15.65,171.28,29.08,3041.04,22.72,68.4,0.68,0
FAZ_01867,OrbSat_Field,Trigo,260.74,Inundacao,Argiloso,Outono,3.18,28.0,45.71,7227.77,13.67,65.08,0.78,0
FAZ_01868,OrbSat_Field,Tomate,860.11,Aspersao,Calcario,Verao,25.56,194.2,65.57,5072.54,27.81,71.28,0.694,0
FAZ_01869,AgroSat_BR,Soja,266.41,Aspersao,Arenoso,Inverno,9.9,43.86,51.6,3062.3,23.7,62.08,0.753,0
FAZ_01870,Sentinel_Agro,Cenoura,403.1,Aspersao,Argiloso,Inverno,7.61,44.89,57.18,3547.72,19.83,76.63,0.838,0
FAZ_01871,Gaia_Vision,Arroz,395.56,Gotejamento,Calcario,Inverno,9.57,96.52,48.35,3950.01,11.44,77.52,0.725,0
FAZ_01872,AgroSat_BR,Cenoura,312.8,Inundacao,Argiloso,Primavera,8.72,48.59,44.41,7805.74,26.42,63.73,0.7,0
FAZ_01873,Gaia_Vision,Cenoura,288.2,Gotejamento,Argiloso,Inverno,11.22,80.58,52.61,1943.94,21.15,75.6,0.76,0
FAZ_01874,Sentinel_Agro,Trigo,235.05,Manual,Franco,Outono,4.36,32.06,49.2,1949.78,25.46,68.99,0.727,0
FAZ_01875,Sentinel_Agro,Algodao,822.07,Gotejamento,Organico,Verao,13.62,192.98,95.0,5858.73,34.53,63.75,0.55,0
FAZ_01876,AgroSat_BR,Tomate,508.08,Sequeiro,Arenoso,Outono,10.84,102.98,61.64,6384.01,25.07,72.52,0.682,0
FAZ_01877,Sentinel_Agro,Soja,756.39,Manual,Franco,Inverno,12.73,212.92,54.8,9502.55,22.04,85.26,0.621,1
FAZ_01878,TerraScan_X,Cenoura,485.25,Aspersao,Calcario,Verao,9.21,156.54,58.04,3794.78,39.0,75.23,0.664,0
FAZ_01879,OrbSat_Field,Cana_de_Acucar,730.01,Aspersao,Organico,Verao,22.61,165.55,76.38,8018.17,26.14,72.4,0.69,1
FAZ_01880,AgroSat_BR,Milho,461.83,Aspersao,Argiloso,Inverno,18.4,49.31,61.01,6377.68,26.38,70.53,0.824,0
FAZ_01881,Gaia_Vision,Cana_de_Acucar,258.03,Manual,Siltoso,Inverno,9.46,68.73,50.67,1791.38,21.83,62.07,0.698,0
FAZ_01882,TerraScan_X,Cana_de_Acucar,400.61,Aspersao,Franco,Outono,13.53,31.4,61.67,5452.56,21.57,71.2,0.705,0
FAZ_01883,AgroSat_BR,Trigo,404.89,Manual,Arenoso,Outono,13.67,91.78,42.86,4092.41,33.47,55.14,0.591,0
FAZ_01884,Sentinel_Agro,Arroz,381.08,Gotejamento,Arenoso,Primavera,10.16,90.19,42.39,4166.27,20.99,66.02,0.622,0
FAZ_01885,Sentinel_Agro,Arroz,566.47,Gotejamento,Organico,Primavera,16.37,97.7,54.92,4999.87,28.72,71.18,0.731,0
FAZ_01886,Sentinel_Agro,Tomate,523.38,Aspersao,Franco,Primavera,18.26,141.67,72.73,7477.14,18.62,60.27,0.687,1
FAZ_01887,Sentinel_Agro,Arroz,425.34,Gotejamento,Argiloso,Inverno,15.41,103.31,62.93,3979.51,13.76,83.46,0.786,0
FAZ_01888,Gaia_Vision,Cana_de_Acucar,892.03,Inundacao,Organico,Inverno,23.46,115.26,62.73,13795.37,26.7,52.59,0.622,1
FAZ_01889,TerraScan_X,Trigo,466.75,Gotejamento,Calcario,Primavera,,56.35,55.33,3818.03,12.22,80.51,0.86,0
FAZ_01890,OrbSat_Field,Soja,161.01,Sequeiro,Arenoso,Primavera,5.54,49.34,42.99,2966.3,16.84,75.92,0.802,0
FAZ_01891,Gaia_Vision,Tomate,262.95,Manual,Calcario,Outono,11.47,137.72,41.51,2730.8,33.6,42.56,0.5,1
FAZ_01892,Gaia_Vision,Batata,315.28,Gotejamento,Franco,Primavera,8.05,135.66,47.61,2677.56,38.59,48.63,0.6,1
FAZ_01893,OrbSat_Field,Soja,638.86,Aspersao,Siltoso,Primavera,21.08,170.81,65.83,7221.99,32.59,50.71,0.548,1
FAZ_01894,OrbSat_Field,Algodao,470.8,Aspersao,Calcario,Verao,13.26,111.9,61.87,4632.41,23.09,83.6,0.759,0
FAZ_01895,Sentinel_Agro,Algodao,516.62,Manual,Argiloso,Primavera,14.38,114.66,47.61,6800.44,28.14,40.69,0.417,1
FAZ_01896,Gaia_Vision,Algodao,269.3,Aspersao,Arenoso,Verao,8.3,46.05,54.95,2294.78,21.27,69.67,0.796,0
FAZ_01897,AgroSat_BR,Algodao,385.84,Gotejamento,Franco,Primavera,8.6,149.78,65.17,3203.56,23.56,78.86,0.896,0
FAZ_01898,OrbSat_Field,Trigo,358.82,Aspersao,Siltoso,Verao,7.29,103.58,50.64,3937.5,26.08,78.64,0.725,0
FAZ_01899,OrbSat_Field,Soja,801.8,Aspersao,Arenoso,Primavera,10.45,111.05,68.31,5237.56,33.38,70.93,0.696,0
FAZ_01900,TerraScan_X,Cenoura,292.74,Sequeiro,Siltoso,Outono,5.08,7.64,38.73,3805.81,24.44,68.82,0.765,0
FAZ_01901,AgroSat_BR,Milho,456.17,Sequeiro,Arenoso,Inverno,13.56,60.79,58.47,5533.17,7.12,73.57,0.77,0
FAZ_01902,AgroSat_BR,Tomate,231.55,Gotejamento,Organico,Verao,4.17,91.7,51.47,2500.57,33.08,62.42,0.688,0
FAZ_01903,OrbSat_Field,Batata,267.18,Manual,Organico,Inverno,6.01,118.52,50.94,2585.21,18.81,52.58,0.695,0
FAZ_01904,Sentinel_Agro,Cana_de_Acucar,583.16,Sequeiro,Organico,Outono,19.87,58.68,72.98,6416.89,22.4,57.85,0.705,1
FAZ_01905,TerraScan_X,Algodao,326.68,Gotejamento,Franco,Primavera,3.93,48.09,49.26,2234.87,33.42,50.6,0.532,0
FAZ_01906,AgroSat_BR,Batata,188.72,Manual,Organico,Primavera,3.02,77.97,23.99,1116.63,25.5,56.05,0.521,1
FAZ_01907,OrbSat_Field,Milho,299.54,Aspersao,Franco,Outono,7.88,81.76,49.32,2060.62,16.7,77.73,0.762,0
FAZ_01908,AgroSat_BR,Batata,481.72,Inundacao,Argiloso,Inverno,11.98,148.69,61.24,9405.84,17.92,58.39,0.476,1
FAZ_01909,TerraScan_X,Soja,382.48,Inundacao,Organico,Inverno,,88.89,43.0,5466.32,17.69,82.0,0.805,0
FAZ_01910,TerraScan_X,Batata,249.47,Sequeiro,Franco,Inverno,8.44,123.16,38.49,1552.33,20.1,55.71,0.63,1
FAZ_01911,Gaia_Vision,Algodao,357.4,Aspersao,Arenoso,Inverno,9.41,152.99,40.93,2185.89,16.24,82.11,0.633,0
FAZ_01912,OrbSat_Field,Milho,266.37,Manual,Franco,Verao,5.67,85.44,37.22,3207.88,30.34,40.49,0.603,1
FAZ_01913,TerraScan_X,Cana_de_Acucar,222.27,Gotejamento,Calcario,Inverno,4.82,36.83,51.21,1842.17,23.63,72.58,0.803,0
FAZ_01914,Gaia_Vision,Cenoura,313.91,Aspersao,Franco,Verao,10.92,51.89,43.56,4102.81,33.49,48.79,0.654,0
FAZ_01915,Gaia_Vision,Arroz,287.35,Sequeiro,Calcario,Outono,4.38,63.52,38.52,2574.19,26.6,71.29,0.82,0
FAZ_01916,AgroSat_BR,Algodao,264.89,Manual,Arenoso,Primavera,9.25,95.46,37.0,2148.88,25.73,60.19,0.64,0
FAZ_01917,AgroSat_BR,Milho,322.36,Aspersao,Franco,Verao,9.0,78.05,39.66,2337.41,32.57,56.71,0.604,0
FAZ_01918,Gaia_Vision,Soja,430.63,Inundacao,Arenoso,Inverno,9.36,82.03,57.76,7536.37,29.42,61.3,0.618,0
FAZ_01919,AgroSat_BR,Trigo,288.2,Gotejamento,Calcario,Primavera,4.34,14.79,51.67,1319.08,14.66,79.71,0.803,0
FAZ_01920,TerraScan_X,Milho,524.34,Aspersao,Siltoso,Verao,18.88,119.74,43.42,5980.09,26.87,73.07,0.578,1
FAZ_01921,Sentinel_Agro,Arroz,244.22,Manual,Organico,Primavera,6.88,48.0,56.59,1724.21,26.44,68.63,0.815,0
FAZ_01922,TerraScan_X,Arroz,182.27,Inundacao,Calcario,Outono,4.37,28.21,47.6,5864.34,23.86,61.17,0.804,0
FAZ_01923,Gaia_Vision,Tomate,419.32,Aspersao,Argiloso,Inverno,20.28,159.76,55.79,3784.69,16.29,78.66,0.747,0
FAZ_01924,Gaia_Vision,Cenoura,433.44,Inundacao,Franco,Outono,11.49,80.49,54.44,8674.93,12.56,64.4,0.661,0
FAZ_01925,TerraScan_X,Arroz,713.3,Aspersao,Arenoso,Primavera,25.42,134.29,69.77,9560.1,30.6,72.32,0.61,1
FAZ_01926,AgroSat_BR,Tomate,1105.0,Gotejamento,Organico,Outono,19.72,249.97,59.67,11647.11,29.17,,0.597,1
FAZ_01927,AgroSat_BR,Tomate,187.27,Aspersao,Franco,Inverno,10.66,124.65,37.43,1546.25,13.87,87.57,0.766,0
FAZ_01928,Gaia_Vision,Tomate,271.58,Sequeiro,Organico,Verao,9.9,118.12,32.66,3630.8,41.11,40.5,0.604,0
FAZ_01929,OrbSat_Field,Milho,462.14,Sequeiro,Siltoso,Outono,20.46,46.62,59.72,6271.84,25.97,44.37,0.739,1
FAZ_01930,AgroSat_BR,Tomate,170.36,Aspersao,Franco,Inverno,7.36,109.17,41.9,820.85,17.23,71.09,0.7,0
FAZ_01931,TerraScan_X,Algodao,497.62,Gotejamento,Arenoso,Primavera,12.02,82.81,68.44,4716.55,17.39,57.16,0.71,0
FAZ_01932,AgroSat_BR,Algodao,729.75,Inundacao,Siltoso,Outono,8.7,204.34,78.79,11456.87,20.57,64.12,0.663,0
FAZ_01933,TerraScan_X,Trigo,291.14,Manual,Franco,Verao,4.56,95.86,41.05,1416.37,28.37,68.48,0.694,0
FAZ_01934,Gaia_Vision,Arroz,289.3,Aspersao,Organico,Outono,3.7,81.12,49.66,2605.07,25.13,59.67,0.641,0
FAZ_01935,AgroSat_BR,Cenoura,374.59,Aspersao,Siltoso,Primavera,6.5,131.68,52.91,2966.0,26.43,84.4,0.803,0
FAZ_01936,TerraScan_X,Tomate,399.49,Sequeiro,Arenoso,Primavera,12.49,117.35,44.07,3882.15,26.87,50.59,0.542,1
FAZ_01937,Gaia_Vision,Soja,493.79,Inundacao,Franco,Primavera,6.8,91.85,44.64,9119.19,28.87,41.11,0.578,1
FAZ_01938,OrbSat_Field,Soja,194.81,Aspersao,Organico,Outono,5.84,48.21,47.59,3567.74,22.37,61.86,0.816,0
FAZ_01939,TerraScan_X,Arroz,581.82,Inundacao,Organico,Outono,8.14,49.97,86.76,12080.87,27.67,64.1,0.688,0
FAZ_01940,OrbSat_Field,Trigo,450.65,Gotejamento,Calcario,Outono,11.27,32.36,60.19,5510.78,20.18,72.86,0.744,0
FAZ_01941,OrbSat_Field,Soja,465.28,Gotejamento,Siltoso,Verao,7.07,131.27,51.67,3476.08,31.12,69.27,0.704,0
FAZ_01942,Sentinel_Agro,Algodao,335.54,Sequeiro,Franco,Inverno,8.52,98.04,32.98,3865.79,18.76,79.38,0.76,0
FAZ_01943,AgroSat_BR,Batata,360.94,Gotejamento,Calcario,Outono,13.17,195.53,39.84,5343.14,27.8,57.4,0.579,1
FAZ_01944,TerraScan_X,Milho,419.02,Aspersao,Organico,Verao,10.62,86.44,67.8,4382.19,25.85,73.56,0.753,0
FAZ_01945,OrbSat_Field,Cana_de_Acucar,258.8,Inundacao,Siltoso,Primavera,16.5,83.17,51.92,6982.4,18.51,55.83,0.597,1
FAZ_01946,Sentinel_Agro,Soja,101.54,Sequeiro,Argiloso,Outono,3.47,35.35,25.96,1726.25,23.93,54.03,0.645,0
FAZ_01947,Gaia_Vision,Cenoura,318.62,Manual,Organico,Outono,10.5,83.96,55.79,3559.26,22.64,68.42,0.713,0
FAZ_01948,TerraScan_X,Tomate,179.51,Gotejamento,Siltoso,Outono,8.98,82.53,45.03,1879.18,25.35,77.76,0.754,0
FAZ_01949,OrbSat_Field,Cenoura,244.06,Inundacao,Argiloso,Verao,9.35,44.39,40.28,6708.14,25.29,57.26,0.685,1
FAZ_01950,AgroSat_BR,Milho,350.67,Aspersao,Siltoso,Outono,7.54,96.89,50.85,1703.67,19.04,79.69,0.786,0
FAZ_01951,Sentinel_Agro,Algodao,486.95,Aspersao,Organico,Outono,15.61,160.65,64.22,5993.95,18.85,72.89,0.678,1
FAZ_01952,OrbSat_Field,Trigo,801.29,Inundacao,Argiloso,Inverno,19.53,129.62,95.0,10257.33,12.45,98.0,0.79,1
FAZ_01953,AgroSat_BR,Milho,565.5,Gotejamento,Siltoso,Verao,14.11,150.24,59.72,5524.74,38.51,55.73,0.589,1
FAZ_01954,OrbSat_Field,Cana_de_Acucar,279.08,Sequeiro,Franco,Inverno,8.01,2.29,52.91,1780.44,19.18,67.97,0.867,0
FAZ_01955,TerraScan_X,Batata,183.06,Inundacao,Argiloso,Inverno,3.54,132.85,49.12,4736.45,23.68,54.57,0.743,0
FAZ_01956,TerraScan_X,Soja,330.29,Aspersao,Siltoso,Inverno,8.19,78.37,58.27,4022.08,32.64,60.13,0.767,0
FAZ_01957,TerraScan_X,Trigo,614.73,Inundacao,Franco,Inverno,19.87,40.72,53.54,9027.36,11.27,79.68,0.729,0
FAZ_01958,Sentinel_Agro,Trigo,620.4,Gotejamento,Argiloso,Primavera,13.16,67.86,70.04,8020.38,22.9,69.81,0.679,0
FAZ_01959,TerraScan_X,Soja,687.56,Inundacao,Siltoso,Outono,11.52,182.42,50.2,14450.93,34.0,46.28,0.434,1
FAZ_01960,AgroSat_BR,Soja,515.82,Gotejamento,Organico,Inverno,8.03,50.7,86.83,4260.86,19.49,81.37,0.9,0
FAZ_01961,OrbSat_Field,Soja,201.88,Aspersao,Argiloso,Verao,4.19,37.09,44.38,1436.99,37.33,51.73,0.743,0
FAZ_01962,Gaia_Vision,Soja,333.96,Manual,Argiloso,Outono,2.27,82.13,54.82,4004.91,8.95,87.65,0.852,0
FAZ_01963,AgroSat_BR,Soja,274.09,Manual,Franco,Inverno,5.47,55.17,48.21,3544.24,19.86,61.68,0.843,0
FAZ_01964,AgroSat_BR,Trigo,441.41,Aspersao,Calcario,Inverno,14.02,94.23,57.76,3452.51,8.31,82.26,0.772,0
FAZ_01965,TerraScan_X,Arroz,703.3,Inundacao,Calcario,Verao,16.53,65.49,56.42,8603.93,30.95,62.33,0.716,0
FAZ_01966,Sentinel_Agro,Arroz,686.75,Inundacao,Siltoso,Primavera,7.91,165.91,87.73,11022.63,25.58,66.75,0.663,0
FAZ_01967,OrbSat_Field,Cenoura,193.37,Aspersao,Organico,Verao,5.65,41.6,47.84,1596.73,22.89,84.96,0.771,0
FAZ_01968,Sentinel_Agro,Arroz,447.41,Gotejamento,Franco,Primavera,9.86,83.3,50.17,4222.31,24.92,61.66,0.618,0
FAZ_01969,OrbSat_Field,Cana_de_Acucar,502.96,Manual,Argiloso,Primavera,18.51,101.92,51.63,5208.66,29.37,57.76,0.639,0
FAZ_01970,OrbSat_Field,Arroz,352.13,Aspersao,Calcario,Primavera,5.89,82.93,61.8,2577.91,29.64,72.7,0.644,0
FAZ_01971,Sentinel_Agro,Trigo,362.18,Sequeiro,Franco,Inverno,10.6,68.06,33.78,4847.65,25.99,72.44,0.718,0
FAZ_01972,AgroSat_BR,Soja,213.07,Inundacao,Franco,Inverno,3.61,42.16,38.23,8072.49,31.54,63.55,0.807,0
FAZ_01973,OrbSat_Field,Tomate,451.51,Sequeiro,Franco,Primavera,14.51,135.28,40.31,4094.18,31.81,,0.582,1
FAZ_01974,Sentinel_Agro,Tomate,335.81,Aspersao,Argiloso,Primavera,9.65,70.93,64.8,2845.11,20.08,79.63,0.877,0
FAZ_01975,OrbSat_Field,Cana_de_Acucar,282.98,Manual,Arenoso,Inverno,8.64,59.01,40.34,2800.35,20.87,53.9,0.661,0
FAZ_01976,Gaia_Vision,Trigo,460.06,Gotejamento,Franco,Primavera,8.38,118.63,56.58,6357.46,27.09,89.66,0.844,0
FAZ_01977,AgroSat_BR,Algodao,299.51,Manual,Arenoso,Inverno,8.03,74.53,52.45,1397.83,18.17,72.58,0.809,0
FAZ_01978,TerraScan_X,Milho,470.79,Aspersao,Calcario,Primavera,22.7,152.45,54.79,2536.57,21.53,72.12,0.675,0
FAZ_01979,OrbSat_Field,Cenoura,387.06,Aspersao,Organico,Inverno,3.8,82.03,49.02,6169.01,25.49,76.1,0.758,0
FAZ_01980,Gaia_Vision,Algodao,258.29,Gotejamento,Calcario,Verao,8.35,62.17,34.96,1880.38,21.99,72.84,0.744,0
FAZ_01981,TerraScan_X,Trigo,462.33,Gotejamento,Organico,Primavera,6.34,74.15,67.64,3163.65,20.87,92.26,0.849,0
FAZ_01982,TerraScan_X,Arroz,695.83,Inundacao,Organico,Primavera,14.29,157.75,77.43,10822.75,32.31,73.22,0.569,1
FAZ_01983,OrbSat_Field,Soja,561.56,Inundacao,Calcario,Verao,17.37,131.36,43.3,7584.84,27.52,53.56,0.576,1
FAZ_01984,Sentinel_Agro,Algodao,377.14,Inundacao,Siltoso,Outono,11.59,130.88,59.91,8792.36,26.39,61.44,0.776,1
FAZ_01985,OrbSat_Field,Milho,358.02,Aspersao,Argiloso,Primavera,15.02,30.32,50.97,4904.73,28.79,65.3,0.723,0
FAZ_01986,Gaia_Vision,Tomate,378.24,Gotejamento,Arenoso,Outono,17.15,151.2,36.65,2241.91,30.45,46.96,0.54,1
FAZ_01987,TerraScan_X,Milho,283.43,Manual,Siltoso,Verao,16.52,125.07,48.85,2752.66,26.82,65.73,0.655,0
FAZ_01988,OrbSat_Field,Soja,542.6,Manual,Arenoso,Primavera,19.68,162.18,48.27,4211.94,26.05,60.74,0.51,1
FAZ_01989,Sentinel_Agro,Arroz,348.74,Aspersao,Argiloso,Outono,9.48,80.17,56.55,3488.82,18.66,83.27,0.842,0
FAZ_01990,OrbSat_Field,Milho,436.02,Inundacao,Franco,Primavera,13.91,78.66,61.09,7845.09,25.32,49.66,0.537,1
FAZ_01991,AgroSat_BR,Cenoura,722.51,Manual,Calcario,Primavera,17.22,186.47,75.39,7025.77,17.55,81.56,0.809,1
FAZ_01992,Sentinel_Agro,Milho,392.4,Sequeiro,Siltoso,Inverno,16.55,43.75,55.96,4336.43,19.63,67.82,0.783,0
FAZ_01993,Gaia_Vision,Trigo,445.33,Gotejamento,Argiloso,Outono,12.68,125.69,45.23,3935.64,26.45,53.83,0.581,1
FAZ_01994,TerraScan_X,Arroz,506.24,Manual,Calcario,Inverno,18.74,145.24,63.8,8360.81,14.07,60.84,0.654,1
FAZ_01995,OrbSat_Field,Soja,497.54,Aspersao,Siltoso,Inverno,12.08,152.44,66.09,5303.18,26.68,67.45,0.625,0
FAZ_01996,Sentinel_Agro,Tomate,419.27,Manual,Organico,Outono,13.12,197.06,70.19,4688.94,20.47,62.08,0.581,0
FAZ_01997,AgroSat_BR,Tomate,423.9,Aspersao,Siltoso,Outono,17.42,114.01,58.82,6008.13,20.21,66.91,0.752,1
FAZ_01998,Sentinel_Agro,Milho,266.24,Inundacao,Franco,Inverno,9.31,14.06,50.83,5999.79,13.78,77.17,0.868,0
FAZ_01999,AgroSat_BR,Trigo,530.74,Inundacao,Franco,Primavera,7.98,83.05,63.51,7806.44,28.22,62.08,0.772,0
FAZ_02000,Gaia_Vision,Algodao,384.64,Aspersao,Arenoso,Primavera,11.39,110.89,48.4,5403.1,32.05,64.17,0.674,0
FAZ_02001,TerraScan_X,Algodao,369.78,Aspersao,Siltoso,Verao,5.75,129.72,44.69,4354.72,28.35,54.1,0.63,1
FAZ_02002,Gaia_Vision,Trigo,255.15,Manual,Organico,Primavera,8.3,57.64,40.68,2291.51,16.02,70.69,0.677,0
FAZ_02003,OrbSat_Field,Cenoura,269.07,Aspersao,Franco,Outono,1.37,84.38,44.13,1723.77,17.97,78.84,0.738,0
FAZ_02004,Sentinel_Agro,Algodao,466.1,Gotejamento,Arenoso,Outono,11.53,137.89,64.22,5421.27,22.98,60.67,0.568,0
FAZ_02005,AgroSat_BR,Algodao,750.8,Gotejamento,Organico,Verao,22.44,224.9,51.73,4743.89,26.41,72.24,0.467,0
FAZ_02006,AgroSat_BR,Soja,183.92,Inundacao,Organico,Outono,4.28,15.32,45.67,6656.04,15.73,74.01,0.793,0
FAZ_02007,Sentinel_Agro,Soja,323.53,Manual,Organico,Inverno,11.95,85.4,52.87,3365.98,22.5,49.14,0.621,0
FAZ_02008,Sentinel_Agro,Arroz,230.32,Manual,Argiloso,Verao,4.11,49.22,42.99,1000.59,27.67,50.62,0.689,0
FAZ_02009,OrbSat_Field,Cenoura,565.0,Aspersao,Franco,Verao,17.01,22.36,71.52,5609.27,34.28,58.79,0.627,0
FAZ_02010,Gaia_Vision,Cenoura,228.76,Aspersao,Argiloso,Primavera,3.52,53.66,42.74,3423.25,26.1,75.03,0.736,0
FAZ_02011,AgroSat_BR,Arroz,265.59,Gotejamento,Argiloso,Primavera,9.85,55.88,44.62,1473.85,25.46,44.37,0.599,0
FAZ_02012,OrbSat_Field,Cenoura,339.13,Sequeiro,Franco,Inverno,12.53,99.76,50.79,4929.36,19.58,77.69,0.878,0
FAZ_02013,Gaia_Vision,Cana_de_Acucar,786.35,Aspersao,Siltoso,Inverno,30.91,173.38,81.79,6252.57,21.33,70.49,0.739,1
FAZ_02014,OrbSat_Field,Batata,384.07,Aspersao,Calcario,Primavera,7.92,146.31,57.15,3756.12,33.98,69.92,0.647,0
FAZ_02015,AgroSat_BR,Soja,431.93,Inundacao,Arenoso,Primavera,5.15,83.15,47.75,7684.07,13.25,52.11,0.631,1
FAZ_02016,Sentinel_Agro,Arroz,463.87,Sequeiro,Calcario,Inverno,8.99,96.18,42.01,5666.39,22.53,55.8,0.58,0
FAZ_02017,Sentinel_Agro,Arroz,334.16,Gotejamento,Calcario,Primavera,4.64,81.98,59.41,1049.02,23.69,76.53,0.684,0
FAZ_02018,Gaia_Vision,Cenoura,158.25,Aspersao,Calcario,Verao,3.85,43.44,44.63,800.0,25.06,79.09,0.777,0
FAZ_02019,TerraScan_X,Algodao,533.08,Inundacao,Calcario,Inverno,12.13,210.38,51.59,10077.92,24.49,74.28,0.65,1
FAZ_02020,Gaia_Vision,Tomate,266.18,Inundacao,Franco,Primavera,8.33,127.61,39.4,6810.73,22.04,73.19,0.718,1
FAZ_02021,TerraScan_X,Milho,727.45,Gotejamento,Calcario,Outono,30.08,206.46,89.47,5014.18,16.77,78.5,0.771,0
FAZ_02022,OrbSat_Field,Milho,225.56,Inundacao,Arenoso,Outono,10.62,72.35,44.3,5389.71,19.05,73.46,0.626,0
FAZ_02023,OrbSat_Field,Arroz,345.9,Inundacao,Siltoso,Inverno,10.78,102.32,65.5,9246.58,23.96,74.79,0.819,0
FAZ_02024,AgroSat_BR,Cana_de_Acucar,365.0,Manual,Franco,Outono,12.36,18.09,57.2,4722.63,26.21,70.23,0.895,0
FAZ_02025,TerraScan_X,Arroz,414.42,Gotejamento,Calcario,Outono,9.87,115.4,72.59,5357.92,15.91,75.74,0.83,0
FAZ_02026,AgroSat_BR,Soja,434.03,Gotejamento,Organico,Verao,7.21,58.54,67.51,4604.1,19.25,82.7,0.926,0
FAZ_02027,Sentinel_Agro,Cenoura,170.56,Manual,Franco,Inverno,7.76,54.24,48.18,800.0,18.58,68.73,0.722,0
FAZ_02028,TerraScan_X,Cenoura,346.76,Manual,Siltoso,Outono,11.04,48.15,75.25,3943.04,5.0,96.3,0.95,0
FAZ_02029,Gaia_Vision,Cana_de_Acucar,314.1,Manual,Calcario,Primavera,10.76,94.64,53.15,2308.23,33.93,47.38,0.684,0
FAZ_02030,Sentinel_Agro,Soja,238.04,Manual,Argiloso,Inverno,7.27,71.41,55.67,2461.48,19.87,,0.783,0
FAZ_02031,Sentinel_Agro,Tomate,561.53,Gotejamento,Franco,Inverno,23.61,160.45,71.03,6231.2,25.64,78.4,0.707,1
FAZ_02032,Gaia_Vision,Algodao,569.56,Aspersao,Organico,Outono,7.11,201.84,62.7,5458.05,29.9,56.2,0.476,0
FAZ_02033,Sentinel_Agro,Soja,306.84,Aspersao,Franco,Outono,6.54,111.94,58.47,2288.86,19.03,71.73,0.855,0
FAZ_02034,TerraScan_X,Trigo,496.47,Sequeiro,Argiloso,Verao,9.57,87.84,54.71,6811.36,31.17,71.91,0.676,0
FAZ_02035,AgroSat_BR,Batata,709.04,Aspersao,Franco,Primavera,19.75,123.41,78.32,6648.62,25.93,75.06,0.811,0
FAZ_02036,Sentinel_Agro,Arroz,348.35,Gotejamento,Organico,Verao,14.05,117.81,52.06,4166.15,29.11,78.49,0.708,0
FAZ_02037,TerraScan_X,Trigo,435.62,Aspersao,Siltoso,Verao,17.46,43.43,63.41,5829.61,22.82,66.87,0.813,0
FAZ_02038,OrbSat_Field,Cana_de_Acucar,257.66,Sequeiro,Organico,Primavera,10.12,68.07,37.09,1503.38,29.61,49.21,0.582,0
FAZ_02039,TerraScan_X,Trigo,156.14,Manual,Siltoso,Outono,2.81,62.99,40.56,800.0,21.46,67.29,0.743,0
FAZ_02040,AgroSat_BR,Cenoura,608.1,Sequeiro,Organico,Verao,13.32,97.63,68.84,5464.5,24.67,57.5,0.687,0
FAZ_02041,TerraScan_X,Algodao,148.79,Aspersao,Arenoso,Inverno,5.11,104.52,31.25,1175.32,26.61,45.64,0.565,0
FAZ_02042,Gaia_Vision,Milho,290.78,Inundacao,Franco,Verao,8.47,79.15,53.48,6235.06,26.61,71.87,0.659,0
FAZ_02043,AgroSat_BR,Arroz,352.37,Aspersao,Franco,Primavera,10.68,100.82,59.78,4650.23,23.37,86.68,0.759,0
FAZ_02044,OrbSat_Field,Milho,208.14,Gotejamento,Argiloso,Verao,9.41,66.75,47.57,2058.33,32.6,73.64,0.737,0
FAZ_02045,Gaia_Vision,Cenoura,448.19,Gotejamento,Arenoso,Verao,16.12,86.17,60.07,5583.31,31.39,77.45,0.76,0
FAZ_02046,TerraScan_X,Cenoura,500.86,Gotejamento,Argiloso,Inverno,19.66,68.35,55.6,4607.54,12.89,88.87,0.918,0
FAZ_02047,AgroSat_BR,Arroz,441.72,Inundacao,Franco,Primavera,15.78,36.62,59.41,7457.36,16.17,68.89,0.717,1
FAZ_02048,OrbSat_Field,Milho,425.98,Sequeiro,Argiloso,Inverno,15.39,105.56,61.53,3381.65,23.18,84.02,0.775,0
FAZ_02049,Gaia_Vision,Soja,367.14,Gotejamento,Siltoso,Outono,7.26,47.19,50.01,3160.72,25.78,82.46,0.703,0
FAZ_02050,OrbSat_Field,Cenoura,333.99,Sequeiro,Arenoso,Primavera,10.55,93.48,48.49,3617.93,23.75,70.3,0.652,0
FAZ_02051,TerraScan_X,Milho,606.75,Aspersao,Organico,Verao,23.23,191.25,73.41,8561.24,21.55,50.71,0.599,1
FAZ_02052,OrbSat_Field,Tomate,573.83,Aspersao,,Inverno,26.23,191.91,58.52,7084.08,21.04,76.0,0.701,1
FAZ_02053,Sentinel_Agro,Milho,246.16,Aspersao,Calcario,Inverno,9.48,46.56,43.89,2406.02,22.45,69.75,0.704,0
FAZ_02054,Gaia_Vision,Tomate,300.96,Aspersao,Organico,Primavera,12.77,98.69,55.16,3644.81,8.3,91.33,0.856,0
FAZ_02055,OrbSat_Field,Tomate,528.4,Aspersao,Argiloso,Inverno,24.07,119.59,46.85,3430.71,18.28,69.98,0.638,0
FAZ_02056,TerraScan_X,Cenoura,461.2,Inundacao,Franco,Primavera,8.21,75.91,65.1,5678.1,25.5,64.88,0.665,0
FAZ_02057,TerraScan_X,Arroz,372.5,Manual,Siltoso,Outono,12.86,68.43,47.48,4093.29,25.51,54.37,0.749,0
FAZ_02058,OrbSat_Field,Cana_de_Acucar,219.94,Manual,Arenoso,Primavera,6.67,31.31,36.27,904.85,36.58,55.77,0.649,0
FAZ_02059,TerraScan_X,Cenoura,400.83,Aspersao,Organico,Primavera,4.04,60.16,57.95,4177.29,30.93,53.97,0.66,0
FAZ_02060,AgroSat_BR,Arroz,302.09,Manual,Calcario,Outono,7.09,81.96,43.19,2896.14,27.37,61.82,,0
FAZ_02061,AgroSat_BR,Arroz,167.51,Inundacao,Siltoso,Outono,6.59,26.7,36.77,4645.16,30.56,57.85,0.748,0
FAZ_02062,AgroSat_BR,Trigo,941.62,Sequeiro,Franco,Verao,27.87,285.76,50.85,9988.7,30.92,58.02,0.52,1
FAZ_02063,Sentinel_Agro,Batata,132.84,Aspersao,Arenoso,Inverno,5.7,84.55,44.14,1680.79,24.24,67.22,0.72,0
FAZ_02064,OrbSat_Field,Cenoura,241.33,Sequeiro,Arenoso,Outono,3.72,47.77,38.6,3355.8,32.32,49.06,0.467,0
FAZ_02065,Sentinel_Agro,Arroz,612.7,Manual,Organico,Outono,11.99,111.32,62.64,5777.07,15.44,83.48,0.802,0
FAZ_02066,TerraScan_X,Trigo,691.62,Manual,Siltoso,Inverno,14.35,188.48,68.89,9248.59,32.49,54.41,0.621,1
FAZ_02067,Sentinel_Agro,Tomate,430.14,Gotejamento,Siltoso,Inverno,8.98,118.34,64.89,2553.95,19.67,72.08,0.74,0
FAZ_02068,TerraScan_X,Cana_de_Acucar,416.66,Aspersao,Arenoso,Verao,10.89,64.05,41.49,4034.47,35.85,54.78,0.541,0
FAZ_02069,TerraScan_X,Cana_de_Acucar,295.03,Inundacao,Argiloso,Verao,10.09,26.06,47.27,7471.99,32.93,58.05,0.731,1
FAZ_02070,Gaia_Vision,Tomate,492.64,Gotejamento,Arenoso,Primavera,14.86,199.96,65.35,3206.34,27.4,60.74,0.564,1
FAZ_02071,AgroSat_BR,Milho,545.33,Aspersao,,Verao,,84.27,70.08,6516.89,37.26,53.37,0.627,1
FAZ_02072,TerraScan_X,Milho,738.52,Sequeiro,Siltoso,Outono,26.64,137.21,76.42,6504.92,26.1,55.64,0.667,1
FAZ_02073,Gaia_Vision,Cenoura,204.56,Aspersao,Organico,Outono,5.34,48.08,61.67,1189.04,31.46,77.02,0.754,0
FAZ_02074,AgroSat_BR,Batata,311.51,Gotejamento,Siltoso,Inverno,6.32,91.75,44.0,5252.88,22.78,69.26,0.714,0
FAZ_02075,TerraScan_X,Trigo,236.33,Aspersao,Arenoso,Verao,3.78,70.18,39.65,3993.74,24.42,60.44,0.711,0
FAZ_02076,TerraScan_X,Cana_de_Acucar,359.43,Gotejamento,Franco,Primavera,8.87,57.82,47.37,2098.59,18.3,66.01,0.704,0
FAZ_02077,Sentinel_Agro,Algodao,496.85,Aspersao,Argiloso,Primavera,10.28,154.03,50.23,4687.92,27.86,62.26,0.607,0
FAZ_02078,Sentinel_Agro,Algodao,417.02,Inundacao,Siltoso,Primavera,9.16,109.25,55.37,9022.95,20.43,63.56,0.619,0
FAZ_02079,AgroSat_BR,Soja,389.33,Aspersao,Arenoso,Primavera,7.1,68.26,40.86,4373.9,28.19,67.23,0.646,0
FAZ_02080,TerraScan_X,Arroz,216.97,Manual,Calcario,Inverno,6.94,82.44,39.22,3327.65,15.54,65.69,0.688,0
FAZ_02081,OrbSat_Field,Tomate,177.96,Gotejamento,Arenoso,Verao,9.3,107.94,31.47,966.98,37.17,56.51,0.585,0
FAZ_02082,Sentinel_Agro,Arroz,481.67,Sequeiro,Arenoso,Verao,8.63,83.16,59.32,4025.08,39.11,60.56,0.659,0
FAZ_02083,AgroSat_BR,Arroz,290.34,Sequeiro,Franco,Verao,8.18,28.53,39.08,1801.6,34.08,50.51,0.751,0
FAZ_02084,TerraScan_X,Trigo,344.98,Gotejamento,Arenoso,Verao,5.16,46.34,68.77,1946.1,29.18,75.94,0.754,0
FAZ_02085,TerraScan_X,Soja,297.69,Manual,Arenoso,Primavera,7.4,36.09,56.53,800.0,24.36,63.91,0.733,0
FAZ_02086,OrbSat_Field,Batata,193.38,Aspersao,Arenoso,Primavera,2.95,129.6,31.79,4702.75,27.28,61.01,0.622,0
FAZ_02087,AgroSat_BR,Soja,434.23,Aspersao,Siltoso,Inverno,5.37,66.51,60.33,3994.14,32.5,55.55,0.669,0
FAZ_02088,TerraScan_X,Cana_de_Acucar,467.0,Gotejamento,Arenoso,Inverno,19.54,52.71,58.33,3400.61,22.55,75.76,0.713,0
FAZ_02089,Sentinel_Agro,Trigo,604.91,Aspersao,Franco,Primavera,14.21,118.98,56.02,9273.51,30.36,46.88,0.557,1
FAZ_02090,OrbSat_Field,Arroz,298.67,Sequeiro,Calcario,Outono,5.47,51.97,38.91,2744.12,20.27,68.87,0.753,0
FAZ_02091,AgroSat_BR,Batata,301.72,Gotejamento,Siltoso,Verao,11.34,104.67,44.62,1288.42,30.03,53.78,0.617,0
FAZ_02092,OrbSat_Field,Arroz,242.23,Gotejamento,Calcario,Inverno,5.08,70.67,48.02,2080.35,30.43,73.64,0.746,0
FAZ_02093,Sentinel_Agro,Cenoura,548.4,Aspersao,Arenoso,Primavera,17.5,170.7,52.72,6868.26,35.87,68.67,0.521,1
FAZ_02094,AgroSat_BR,Cenoura,493.68,Inundacao,Argiloso,Verao,7.91,79.07,50.4,9430.66,23.5,60.55,0.706,0
FAZ_02095,OrbSat_Field,Milho,176.71,Sequeiro,Calcario,Verao,10.23,24.93,52.66,2321.79,30.1,76.07,0.799,0
FAZ_02096,Gaia_Vision,Soja,452.13,Inundacao,Franco,Primavera,9.64,102.27,45.99,7137.47,31.74,47.56,0.578,1
FAZ_02097,Sentinel_Agro,Batata,615.71,Aspersao,Argiloso,Outono,11.99,207.71,64.36,4974.19,32.29,52.78,0.541,1
FAZ_02098,Sentinel_Agro,Cenoura,341.65,Aspersao,Franco,Outono,12.0,79.56,46.27,5286.47,24.04,68.16,0.772,0
FAZ_02099,Sentinel_Agro,Milho,203.3,Aspersao,Argiloso,Inverno,10.26,61.32,39.13,2617.99,21.05,50.4,0.588,0
FAZ_02100,Gaia_Vision,Trigo,708.46,Gotejamento,Arenoso,Primavera,17.43,125.6,48.37,4593.24,21.81,72.55,0.65,0
FAZ_02101,Gaia_Vision,Batata,284.06,Aspersao,Argiloso,Inverno,9.37,102.61,45.11,2694.47,11.99,79.15,0.6,0
FAZ_02102,TerraScan_X,Milho,176.81,Gotejamento,Calcario,Outono,9.16,83.34,53.81,2746.62,23.69,92.47,0.887,0
FAZ_02103,OrbSat_Field,Tomate,241.59,Manual,Argiloso,Inverno,8.74,133.2,32.92,1698.18,23.84,52.38,0.685,1
FAZ_02104,TerraScan_X,Batata,335.02,Inundacao,Franco,Inverno,11.99,132.66,67.71,7119.13,11.99,97.82,0.901,0
FAZ_02105,OrbSat_Field,Milho,299.52,Manual,Arenoso,Outono,11.55,38.19,38.99,2668.43,41.58,53.84,0.57,1
FAZ_02106,Gaia_Vision,Arroz,389.8,Sequeiro,Franco,Verao,14.86,122.96,28.48,4495.43,30.03,41.75,0.515,1
FAZ_02107,Gaia_Vision,Tomate,426.48,Sequeiro,Arenoso,Verao,15.87,135.31,48.47,4927.38,40.35,46.6,0.52,1
FAZ_02108,TerraScan_X,Cenoura,379.69,Gotejamento,Calcario,Outono,11.88,96.07,46.8,5611.47,28.81,70.78,0.569,0
FAZ_02109,AgroSat_BR,Algodao,320.22,Sequeiro,Organico,Verao,13.2,105.45,45.5,3912.83,37.56,47.0,0.557,1
FAZ_02110,TerraScan_X,Milho,248.83,Manual,Siltoso,Primavera,10.06,75.75,45.36,2096.33,18.02,57.53,0.669,0
FAZ_02111,OrbSat_Field,Trigo,268.3,Manual,Calcario,Verao,7.64,77.2,34.3,2074.19,34.65,41.57,0.545,1
FAZ_02112,TerraScan_X,Milho,449.98,Gotejamento,Calcario,Outono,15.74,81.07,52.53,2998.88,21.23,68.46,0.795,0
FAZ_02113,Sentinel_Agro,Algodao,398.9,Gotejamento,Siltoso,Primavera,8.37,135.41,64.51,2957.23,25.56,65.37,0.608,0
FAZ_02114,OrbSat_Field,Tomate,625.9,Sequeiro,Franco,Inverno,25.61,135.03,65.81,4373.36,25.08,,0.591,1
FAZ_02115,OrbSat_Field,Tomate,350.94,Gotejamento,Calcario,Outono,7.22,126.19,43.97,2801.17,26.13,54.48,0.716,0
FAZ_02116,AgroSat_BR,Batata,317.6,Gotejamento,Arenoso,Outono,9.52,136.22,53.58,2377.62,22.72,75.9,0.77,0
FAZ_02117,Gaia_Vision,Trigo,240.64,Aspersao,Argiloso,Verao,7.37,12.6,47.47,2432.48,30.79,67.47,0.89,0
FAZ_02118,OrbSat_Field,Trigo,510.23,Sequeiro,Calcario,Primavera,16.26,121.58,42.19,6687.36,30.1,42.14,0.503,1
FAZ_02119,Gaia_Vision,Trigo,505.2,Aspersao,Siltoso,Outono,11.87,132.95,72.71,4075.92,23.77,75.6,0.711,0
FAZ_02120,TerraScan_X,Algodao,746.12,Sequeiro,,Primavera,11.07,138.0,79.74,7929.43,27.22,31.42,0.374,1
FAZ_02121,Sentinel_Agro,Trigo,471.15,Aspersao,Franco,Primavera,16.47,45.33,66.91,4446.91,24.54,59.83,0.666,0
FAZ_02122,AgroSat_BR,Cana_de_Acucar,481.1,Gotejamento,Franco,Verao,20.26,123.22,52.6,6507.13,23.05,61.17,0.684,0
FAZ_02123,Gaia_Vision,Algodao,618.85,Aspersao,Franco,Outono,21.91,91.74,64.47,3892.06,34.53,65.75,0.679,0
FAZ_02124,OrbSat_Field,Tomate,357.31,Inundacao,Arenoso,Primavera,13.62,185.81,40.49,7889.92,29.73,47.65,0.548,1
FAZ_02125,Gaia_Vision,Algodao,541.29,Aspersao,Calcario,Primavera,15.35,167.85,76.88,4994.55,22.65,66.1,0.645,1
FAZ_02126,OrbSat_Field,Arroz,839.25,Aspersao,Franco,Inverno,13.71,76.17,95.0,8969.42,15.65,86.61,0.829,0
FAZ_02127,Gaia_Vision,Arroz,574.73,Gotejamento,Organico,Verao,19.57,166.62,55.17,4507.52,26.73,64.84,0.583,1
FAZ_02128,OrbSat_Field,Trigo,275.75,Aspersao,Argiloso,Outono,8.45,53.35,50.19,2577.4,28.36,60.39,0.751,0
FAZ_02129,TerraScan_X,Tomate,263.96,Inundacao,Franco,Primavera,10.01,109.17,31.45,5373.1,25.91,39.78,0.488,1
FAZ_02130,OrbSat_Field,Algodao,330.8,Aspersao,Arenoso,Verao,10.01,132.89,39.8,2311.29,35.74,62.32,0.627,0
FAZ_02131,OrbSat_Field,Algodao,389.16,Gotejamento,Argiloso,Outono,9.98,100.0,58.08,3367.83,18.42,86.79,0.816,0
FAZ_02132,Sentinel_Agro,Algodao,314.02,Gotejamento,Argiloso,Primavera,4.79,125.07,50.78,2737.84,26.76,67.92,0.713,0
FAZ_02133,OrbSat_Field,Cana_de_Acucar,453.19,Aspersao,Siltoso,Outono,12.53,43.63,56.06,3306.05,23.96,79.94,0.909,0
FAZ_02134,Sentinel_Agro,Arroz,243.51,Sequeiro,Franco,Outono,6.5,78.5,44.81,3661.29,21.66,67.73,0.803,0
FAZ_02135,AgroSat_BR,Algodao,363.21,Aspersao,Franco,Verao,12.86,147.5,33.25,4514.83,39.36,47.56,0.556,0
FAZ_02136,Sentinel_Agro,Cana_de_Acucar,230.1,Gotejamento,Calcario,Verao,8.98,30.54,43.15,1687.88,27.79,77.39,0.844,0
FAZ_02137,TerraScan_X,Arroz,587.78,Aspersao,Arenoso,Inverno,17.37,123.72,74.91,7467.55,20.89,83.71,0.802,1
FAZ_02138,Sentinel_Agro,Cana_de_Acucar,211.11,Inundacao,Organico,Inverno,10.8,31.35,41.79,4814.33,9.99,75.94,0.752,0
FAZ_02139,AgroSat_BR,Batata,226.73,Inundacao,,Inverno,5.19,90.25,44.04,4625.25,29.23,61.66,0.719,0
FAZ_02140,TerraScan_X,Arroz,602.23,Aspersao,Organico,Primavera,21.93,67.69,80.35,3357.42,19.6,91.58,0.927,0
FAZ_02141,Gaia_Vision,Cenoura,481.18,Inundacao,Siltoso,Inverno,14.09,47.97,51.14,7744.15,11.58,72.62,0.829,0
FAZ_02142,Gaia_Vision,Batata,340.92,Inundacao,Organico,Outono,13.8,84.6,58.22,7373.69,30.41,,0.761,0
FAZ_02143,Sentinel_Agro,Algodao,412.98,Gotejamento,Arenoso,Verao,11.09,192.69,56.49,3408.38,36.62,62.92,0.58,0
FAZ_02144,Sentinel_Agro,Tomate,355.82,Gotejamento,Siltoso,Outono,12.14,137.86,43.64,3427.44,29.02,67.43,0.646,0
FAZ_02145,AgroSat_BR,Cana_de_Acucar,487.93,Inundacao,Franco,Verao,15.55,93.52,49.49,10416.12,19.48,67.1,0.627,1
FAZ_02146,AgroSat_BR,Cana_de_Acucar,165.59,Inundacao,Organico,Verao,12.93,30.99,34.69,5778.31,32.41,33.59,0.671,0
FAZ_02147,OrbSat_Field,Cana_de_Acucar,484.25,Sequeiro,Arenoso,Outono,20.76,141.87,51.03,3978.81,8.01,91.04,0.808,1
FAZ_02148,AgroSat_BR,Cana_de_Acucar,297.25,Aspersao,Arenoso,Outono,14.07,58.87,49.27,2807.02,17.57,68.62,0.723,0
FAZ_02149,OrbSat_Field,Tomate,852.44,Manual,Franco,Primavera,33.48,263.17,53.78,8066.81,22.85,67.44,0.546,1
FAZ_02150,TerraScan_X,Milho,234.27,Gotejamento,Arenoso,Verao,7.57,59.71,50.08,2550.56,36.35,52.29,0.657,0
FAZ_02151,Sentinel_Agro,Cana_de_Acucar,535.91,Sequeiro,Siltoso,Inverno,13.39,90.14,52.0,6119.94,22.77,78.65,0.759,0
FAZ_02152,TerraScan_X,Milho,373.24,Inundacao,Siltoso,Primavera,22.52,32.07,48.14,9225.25,33.02,45.49,0.617,1
FAZ_02153,AgroSat_BR,Tomate,186.56,Inundacao,Calcario,Inverno,,84.85,42.42,5633.97,17.39,65.09,0.728,0
FAZ_02154,TerraScan_X,Tomate,664.51,Gotejamento,Argiloso,Primavera,23.31,224.55,95.0,6628.57,18.01,96.66,0.911,1
FAZ_02155,TerraScan_X,Batata,555.44,Gotejamento,Franco,Verao,17.63,244.78,44.68,5012.97,29.7,71.4,0.491,1
FAZ_02156,TerraScan_X,Arroz,596.58,Manual,Arenoso,Outono,17.01,97.6,62.66,5842.67,22.64,58.26,0.603,0
FAZ_02157,AgroSat_BR,Cenoura,984.54,Gotejamento,Organico,Outono,19.97,94.33,79.05,9342.55,26.05,65.89,0.689,1
FAZ_02158,TerraScan_X,Trigo,328.47,Gotejamento,Calcario,Verao,8.03,66.13,54.94,3677.62,33.48,64.47,0.69,0
FAZ_02159,OrbSat_Field,Cenoura,496.51,Gotejamento,Siltoso,Outono,15.78,136.6,69.95,4125.6,31.22,54.88,0.663,1
FAZ_02160,AgroSat_BR,Trigo,463.26,Gotejamento,Franco,Verao,,62.83,47.25,2887.12,31.31,58.03,0.774,0
FAZ_02161,TerraScan_X,Tomate,143.46,Inundacao,Franco,Verao,7.68,115.6,40.51,5212.95,31.49,53.16,0.668,0
FAZ_02162,AgroSat_BR,Cenoura,129.14,Aspersao,Siltoso,Verao,2.93,4.36,44.49,1314.43,28.1,,0.749,0
FAZ_02163,Gaia_Vision,Soja,377.8,Aspersao,Argiloso,Primavera,9.12,106.85,71.57,2207.49,26.7,73.53,0.773,0
FAZ_02164,OrbSat_Field,Arroz,599.54,Aspersao,Franco,Outono,22.06,107.5,75.95,7783.22,36.37,42.93,0.602,1
FAZ_02165,TerraScan_X,Cenoura,671.06,Manual,Arenoso,Primavera,20.48,220.67,76.27,5363.97,22.56,59.3,0.494,1
FAZ_02166,Gaia_Vision,Arroz,647.85,Sequeiro,Organico,Inverno,16.74,179.27,57.99,6050.61,20.4,67.62,0.642,1
FAZ_02167,Gaia_Vision,Milho,136.93,Aspersao,Organico,Verao,5.74,46.22,41.79,2327.6,36.92,,0.841,0
FAZ_02168,AgroSat_BR,Arroz,728.45,Inundacao,Siltoso,Outono,10.38,185.86,61.84,9927.0,36.78,49.52,0.418,1
FAZ_02169,Gaia_Vision,Milho,446.22,Aspersao,Franco,Inverno,16.26,92.81,66.93,5949.11,15.03,88.79,0.939,1
FAZ_02170,OrbSat_Field,Cana_de_Acucar,182.96,Aspersao,Organico,Verao,11.24,51.33,32.51,800.0,24.3,65.35,0.7,0
FAZ_02171,OrbSat_Field,Milho,293.24,Manual,Franco,Inverno,14.55,93.01,54.49,3281.87,15.53,82.85,0.791,0
FAZ_02172,Sentinel_Agro,Batata,969.27,Aspersao,Siltoso,Primavera,35.0,245.24,73.82,6011.12,13.31,80.75,0.655,1
FAZ_02173,OrbSat_Field,Cana_de_Acucar,198.13,Aspersao,Argiloso,Primavera,9.84,23.92,40.96,1666.31,25.53,77.51,,0
FAZ_02174,Gaia_Vision,Tomate,346.93,Inundacao,Organico,Outono,7.7,88.39,39.68,8648.65,35.31,49.75,0.572,1
FAZ_02175,OrbSat_Field,Algodao,546.57,Sequeiro,Arenoso,Inverno,6.82,192.39,52.33,5752.55,26.73,,0.586,1
FAZ_02176,AgroSat_BR,Milho,525.85,Sequeiro,Calcario,Inverno,24.61,111.24,39.35,6496.61,20.7,64.08,0.58,1
FAZ_02177,Sentinel_Agro,Milho,592.89,Manual,Siltoso,Primavera,19.78,87.07,68.64,5921.55,32.22,56.84,0.641,0
FAZ_02178,Gaia_Vision,Arroz,409.44,Aspersao,Calcario,Primavera,15.19,54.83,49.34,4293.06,36.79,56.29,,0
FAZ_02179,Sentinel_Agro,Tomate,800.71,Aspersao,Argiloso,Outono,28.7,236.78,85.03,8176.44,25.33,70.64,0.61,1
FAZ_02180,Gaia_Vision,Cenoura,232.31,Manual,Arenoso,Verao,7.17,55.52,48.97,2061.07,29.88,62.88,0.646,0
FAZ_02181,AgroSat_BR,Soja,249.27,Gotejamento,Calcario,Outono,3.55,45.23,47.26,2539.05,20.9,80.92,0.843,0
FAZ_02182,Sentinel_Agro,Trigo,271.99,Inundacao,Arenoso,Primavera,6.74,67.69,45.76,5432.48,30.16,44.32,0.634,0
FAZ_02183,TerraScan_X,Milho,720.73,Aspersao,Organico,Outono,27.01,124.59,74.52,7489.7,34.42,69.6,0.763,1
FAZ_02184,Gaia_Vision,Cenoura,517.24,Aspersao,Franco,Verao,14.02,167.21,42.81,4659.33,36.28,45.45,0.439,1
FAZ_02185,TerraScan_X,Soja,245.55,Aspersao,Siltoso,Primavera,7.37,65.05,48.91,3722.03,18.93,79.59,0.854,0
FAZ_02186,Sentinel_Agro,Trigo,348.21,Sequeiro,Arenoso,Verao,12.55,61.73,40.62,3376.83,34.91,40.36,0.545,0
FAZ_02187,TerraScan_X,Algodao,487.88,Gotejamento,Organico,Outono,7.57,220.12,63.47,4588.77,20.34,84.81,0.65,0
FAZ_02188,TerraScan_X,Arroz,363.54,Manual,Argiloso,Verao,8.39,95.83,60.35,2648.06,17.23,79.16,0.763,0
FAZ_02189,Sentinel_Agro,Cenoura,117.25,Manual,Arenoso,Primavera,4.54,30.38,44.78,1466.1,25.3,62.98,0.681,0
FAZ_02190,AgroSat_BR,Arroz,723.15,Sequeiro,Argiloso,Primavera,22.1,114.8,44.67,7229.92,32.18,47.31,0.539,1
FAZ_02191,TerraScan_X,Trigo,287.04,Aspersao,Siltoso,Verao,7.83,14.99,55.11,2452.81,26.27,89.0,0.95,0
FAZ_02192,TerraScan_X,Batata,632.69,Aspersao,Organico,Outono,20.57,225.95,81.26,4551.47,21.5,70.75,0.719,0
FAZ_02193,AgroSat_BR,Milho,478.95,Sequeiro,Argiloso,Outono,15.53,59.88,41.89,5305.1,29.45,51.33,0.614,1
FAZ_02194,TerraScan_X,Cana_de_Acucar,386.98,Aspersao,Franco,Outono,14.34,112.94,41.67,5610.39,25.51,,0.471,1
FAZ_02195,TerraScan_X,Soja,175.15,Aspersao,Calcario,Outono,4.13,19.04,43.53,1927.72,24.22,56.98,0.716,0
FAZ_02196,TerraScan_X,Tomate,465.69,Aspersao,Argiloso,Inverno,11.95,96.12,66.07,3401.47,16.68,90.48,0.9,0
FAZ_02197,OrbSat_Field,Milho,814.25,Gotejamento,Argiloso,Inverno,35.0,105.15,72.89,8064.53,26.23,,0.577,1
FAZ_02198,AgroSat_BR,Cana_de_Acucar,332.82,Aspersao,Organico,Verao,16.07,90.46,60.28,3009.35,28.45,61.54,0.685,0
FAZ_02199,TerraScan_X,Cenoura,407.43,Inundacao,Organico,Inverno,11.65,18.19,54.96,7574.24,18.33,75.02,,0
FAZ_02200,AgroSat_BR,Algodao,231.7,Inundacao,Arenoso,Inverno,7.2,126.1,50.3,6161.52,23.03,57.97,0.556,1
FAZ_02201,Gaia_Vision,Milho,211.09,Gotejamento,Calcario,Inverno,8.2,58.18,47.15,2718.39,13.48,71.01,0.791,0
FAZ_02202,Gaia_Vision,Arroz,374.94,Manual,Argiloso,Verao,8.55,75.98,55.31,3398.37,28.86,61.6,0.689,0
FAZ_02203,TerraScan_X,Batata,352.0,Aspersao,Argiloso,Inverno,11.54,123.88,48.17,3607.62,22.77,76.61,0.781,0
FAZ_02204,AgroSat_BR,Tomate,407.74,Inundacao,Organico,Outono,13.02,154.88,47.78,10047.5,28.21,63.62,0.712,1
FAZ_02205,AgroSat_BR,Arroz,117.26,Sequeiro,Franco,Outono,3.71,16.72,25.53,1216.88,27.14,,0.66,0
FAZ_02206,AgroSat_BR,Cana_de_Acucar,211.2,Aspersao,Organico,Verao,12.83,35.39,51.65,2131.87,23.23,78.69,0.872,0
FAZ_02207,OrbSat_Field,Milho,450.59,Manual,Franco,Verao,15.63,124.66,52.16,3582.16,19.96,72.24,0.601,0
FAZ_02208,Gaia_Vision,Batata,254.56,Inundacao,Calcario,Verao,6.22,96.56,43.63,5189.5,28.74,60.72,0.607,0
FAZ_02209,AgroSat_BR,Milho,428.73,Manual,Organico,Primavera,8.35,63.02,55.0,4839.06,16.87,74.5,0.772,0
FAZ_02210,AgroSat_BR,Cenoura,391.48,Aspersao,Calcario,Inverno,13.49,113.34,56.21,3548.82,33.38,,0.609,0
FAZ_02211,OrbSat_Field,Algodao,180.69,Aspersao,Siltoso,Verao,8.15,43.06,45.87,1623.54,19.46,68.27,0.732,0
FAZ_02212,OrbSat_Field,Trigo,663.53,Inundacao,Argiloso,Verao,11.74,68.48,50.6,12802.99,33.14,42.69,0.615,1
FAZ_02213,AgroSat_BR,Milho,618.6,Aspersao,Calcario,Verao,27.89,188.61,61.33,6816.08,26.79,74.48,0.668,1
FAZ_02214,Sentinel_Agro,Cana_de_Acucar,684.69,Gotejamento,Franco,Outono,25.82,163.49,53.73,5848.29,34.86,57.11,0.629,1
FAZ_02215,AgroSat_BR,Arroz,320.98,Manual,Siltoso,Verao,5.11,47.36,63.9,2725.21,32.51,69.09,0.822,0
FAZ_02216,AgroSat_BR,Cenoura,244.47,Aspersao,Franco,Outono,3.39,44.47,56.01,2263.33,32.28,57.54,0.73,0
FAZ_02217,OrbSat_Field,Cana_de_Acucar,555.31,Manual,Arenoso,Outono,12.74,72.42,75.1,4523.7,20.51,66.89,0.679,0
FAZ_02218,OrbSat_Field,Tomate,540.2,Aspersao,Arenoso,Primavera,13.18,132.13,51.12,5425.16,17.76,66.4,0.59,0
FAZ_02219,AgroSat_BR,Trigo,873.31,Inundacao,Argiloso,Verao,23.22,224.17,95.0,14901.17,24.59,52.05,0.601,1
FAZ_02220,AgroSat_BR,Cenoura,233.09,Sequeiro,Siltoso,Primavera,5.16,64.78,40.92,3508.86,16.79,64.86,0.725,0
FAZ_02221,AgroSat_BR,Algodao,638.27,Sequeiro,Siltoso,Verao,23.53,227.84,44.59,5854.34,29.43,46.55,0.376,1
FAZ_02222,OrbSat_Field,Trigo,321.62,Aspersao,Arenoso,Inverno,7.35,31.64,52.94,1734.21,13.27,91.26,0.899,0
FAZ_02223,AgroSat_BR,Cana_de_Acucar,328.16,Sequeiro,Argiloso,Verao,11.53,63.89,53.22,2879.98,29.15,65.68,0.761,0
FAZ_02224,AgroSat_BR,Tomate,650.32,Aspersao,Calcario,Verao,14.27,212.26,82.58,6285.72,27.47,47.3,0.507,1
FAZ_02225,TerraScan_X,Soja,605.73,Gotejamento,Arenoso,Verao,9.76,173.09,53.78,4771.22,38.97,45.38,0.493,1
FAZ_02226,Sentinel_Agro,Algodao,365.89,Inundacao,Siltoso,Verao,13.27,184.09,47.93,6504.46,27.52,53.81,0.51,1
FAZ_02227,Gaia_Vision,Batata,328.49,Sequeiro,Franco,Verao,6.67,122.99,28.79,2676.31,32.25,58.01,0.607,1
FAZ_02228,Sentinel_Agro,Soja,344.61,Sequeiro,Siltoso,Verao,10.98,69.16,50.64,4324.35,32.99,49.38,0.6,0
FAZ_02229,TerraScan_X,Milho,597.33,Gotejamento,Argiloso,Primavera,27.21,67.73,66.17,4985.8,26.43,41.9,0.677,0
FAZ_02230,Gaia_Vision,Tomate,546.42,Manual,Siltoso,Inverno,21.31,193.56,63.55,5795.3,17.3,56.06,0.536,1
FAZ_02231,AgroSat_BR,Arroz,453.46,Manual,Organico,Primavera,6.42,87.95,55.0,4516.63,25.58,74.46,0.697,0
FAZ_02232,TerraScan_X,Batata,273.63,Aspersao,Siltoso,Inverno,12.11,98.3,46.23,1819.93,28.04,59.59,0.688,0
FAZ_02233,AgroSat_BR,Cana_de_Acucar,343.04,Inundacao,Organico,Primavera,11.11,114.01,38.87,9443.16,29.54,61.52,0.568,1
FAZ_02234,OrbSat_Field,Tomate,446.57,Aspersao,Arenoso,Primavera,22.44,165.21,57.73,4204.18,31.47,69.78,0.592,1
FAZ_02235,TerraScan_X,Trigo,241.3,Gotejamento,Calcario,Verao,4.95,58.75,41.48,2972.55,25.66,56.12,0.716,0
FAZ_02236,OrbSat_Field,Cenoura,711.46,Manual,Organico,Primavera,14.31,162.4,61.42,9131.97,32.72,52.55,0.556,1
FAZ_02237,TerraScan_X,Trigo,166.19,Aspersao,Siltoso,Inverno,6.33,52.54,40.53,800.0,19.33,91.53,0.839,0
FAZ_02238,TerraScan_X,Trigo,686.46,Aspersao,Calcario,Outono,15.84,173.18,60.8,5387.83,31.55,65.38,0.552,0
FAZ_02239,OrbSat_Field,Milho,382.21,Gotejamento,Calcario,Inverno,17.01,57.12,46.29,4596.45,28.73,66.59,0.69,0
FAZ_02240,Gaia_Vision,Algodao,733.76,Manual,Siltoso,Primavera,19.03,239.88,57.19,7854.47,15.56,71.91,0.616,1
FAZ_02241,Sentinel_Agro,Arroz,281.55,Aspersao,Siltoso,Outono,6.49,34.83,61.2,2343.06,25.82,79.76,0.823,0
FAZ_02242,AgroSat_BR,Batata,669.65,Aspersao,Argiloso,Verao,13.31,274.49,79.24,5480.94,23.25,91.07,0.751,0
FAZ_02243,TerraScan_X,Algodao,665.41,Inundacao,Arenoso,Outono,15.82,216.68,63.96,10683.63,23.41,44.74,0.411,1
FAZ_02244,AgroSat_BR,Tomate,560.78,Gotejamento,Organico,Verao,16.83,260.54,42.79,6066.76,37.17,76.93,0.492,1
FAZ_02245,OrbSat_Field,Trigo,449.0,Sequeiro,Franco,Inverno,7.0,69.19,61.24,3498.6,13.45,79.57,0.859,0
FAZ_02246,AgroSat_BR,Milho,382.06,Aspersao,Organico,Outono,18.93,72.57,64.43,3166.19,25.41,76.01,0.871,0
FAZ_02247,OrbSat_Field,Tomate,436.75,Aspersao,Siltoso,Outono,12.47,178.91,59.91,2388.93,27.56,63.83,0.516,0
FAZ_02248,AgroSat_BR,Cenoura,580.68,Gotejamento,Franco,Outono,13.65,69.32,80.52,5252.38,34.81,76.21,0.821,0
FAZ_02249,Sentinel_Agro,Arroz,751.9,Gotejamento,Franco,Verao,20.35,124.53,79.16,8437.67,21.0,74.01,0.829,0
FAZ_02250,Sentinel_Agro,Batata,590.01,Sequeiro,Organico,Verao,20.02,226.96,60.57,5120.87,31.7,55.1,0.496,1
FAZ_02251,Sentinel_Agro,Cenoura,844.92,Aspersao,Organico,Inverno,29.84,172.74,86.39,8518.18,19.57,68.04,0.674,0
FAZ_02252,Sentinel_Agro,Milho,516.37,Manual,Organico,Inverno,27.5,105.77,49.2,4249.83,24.82,51.02,0.639,0
FAZ_02253,Sentinel_Agro,Arroz,274.52,Gotejamento,Organico,Primavera,3.25,39.44,44.32,800.0,24.38,61.45,0.708,0
FAZ_02254,Sentinel_Agro,Tomate,271.06,Inundacao,Arenoso,Verao,8.79,145.63,54.31,4092.07,31.8,63.88,0.698,0
FAZ_02255,OrbSat_Field,Trigo,238.08,Sequeiro,Argiloso,Inverno,6.85,23.12,43.45,3020.88,21.8,76.26,0.764,0
FAZ_02256,TerraScan_X,Trigo,205.76,Aspersao,Argiloso,Outono,7.66,73.36,47.67,800.0,30.46,72.52,0.917,0
FAZ_02257,AgroSat_BR,Trigo,287.01,Inundacao,Organico,Outono,9.58,58.89,55.84,5842.38,31.18,54.09,0.81,0
FAZ_02258,Sentinel_Agro,Soja,443.8,Sequeiro,Argiloso,Outono,9.87,123.33,51.62,5803.34,21.71,73.45,0.734,0
FAZ_02259,OrbSat_Field,Trigo,619.07,Manual,Organico,Inverno,21.72,162.23,74.19,6789.86,11.71,69.39,0.841,1
FAZ_02260,OrbSat_Field,Soja,598.7,Gotejamento,Organico,Outono,16.47,136.48,57.48,6230.53,27.39,66.9,0.651,1
FAZ_02261,OrbSat_Field,Cana_de_Acucar,749.87,Aspersao,Organico,Outono,26.46,102.2,68.96,7519.26,22.62,67.4,0.629,1
FAZ_02262,TerraScan_X,Soja,719.49,Gotejamento,,Verao,15.48,77.48,80.19,4312.6,26.77,61.3,0.743,0
FAZ_02263,AgroSat_BR,Arroz,144.93,Sequeiro,Arenoso,Verao,4.12,3.62,39.25,1410.8,33.29,54.3,0.711,0
FAZ_02264,TerraScan_X,Cenoura,411.45,Inundacao,Siltoso,Inverno,9.61,117.74,52.4,9686.49,39.27,51.29,0.592,1
FAZ_02265,Gaia_Vision,Arroz,577.26,Sequeiro,Argiloso,Verao,16.12,101.87,44.93,4280.95,25.64,58.37,0.753,0
FAZ_02266,OrbSat_Field,Cenoura,265.03,Gotejamento,Argiloso,Primavera,4.16,94.15,45.71,800.0,22.07,78.55,0.735,0
FAZ_02267,Gaia_Vision,Cana_de_Acucar,282.41,Aspersao,Arenoso,Inverno,10.65,81.75,57.0,2346.1,15.03,80.52,0.839,0
FAZ_02268,Sentinel_Agro,Cenoura,317.27,Gotejamento,Arenoso,Primavera,6.21,39.21,45.16,3855.88,22.39,53.89,0.653,0
FAZ_02269,Sentinel_Agro,Cenoura,85.02,Aspersao,Organico,Primavera,4.91,5.5,45.58,800.0,8.05,80.06,0.877,0
FAZ_02270,TerraScan_X,Milho,206.46,Gotejamento,Organico,Inverno,6.89,48.77,37.55,1228.22,22.58,76.11,0.786,0
FAZ_02271,AgroSat_BR,Algodao,222.58,Aspersao,Calcario,Verao,7.09,124.35,44.36,2572.4,20.07,79.28,0.799,0
FAZ_02272,Gaia_Vision,Algodao,331.31,Manual,Calcario,Verao,9.17,87.51,40.01,1803.15,27.87,54.06,0.6,1
FAZ_02273,AgroSat_BR,Milho,523.03,Gotejamento,Siltoso,Inverno,20.58,118.0,55.33,3994.44,22.07,64.61,0.628,0
FAZ_02274,TerraScan_X,Trigo,780.11,Aspersao,Argiloso,Primavera,10.96,170.47,83.84,9015.47,19.96,87.56,0.758,1
FAZ_02275,Sentinel_Agro,Milho,475.09,Sequeiro,Arenoso,Inverno,13.56,130.95,52.15,3499.03,28.66,64.15,0.613,1
FAZ_02276,AgroSat_BR,Cenoura,328.92,Sequeiro,Siltoso,Inverno,5.67,72.54,37.28,1641.97,19.94,49.55,0.597,0
FAZ_02277,AgroSat_BR,Cenoura,489.53,Aspersao,Argiloso,Outono,11.91,139.15,61.63,4568.41,20.19,75.95,0.717,0
FAZ_02278,Sentinel_Agro,Milho,410.78,Sequeiro,Siltoso,Outono,15.59,119.28,37.86,4708.81,24.78,62.51,0.587,1
FAZ_02279,Gaia_Vision,Milho,195.14,Aspersao,Siltoso,Primavera,6.69,24.19,43.92,2065.56,36.93,50.16,0.701,0
FAZ_02280,Sentinel_Agro,Trigo,415.41,Aspersao,Organico,Verao,13.97,127.12,54.12,4124.63,26.68,66.14,0.537,1
FAZ_02281,AgroSat_BR,Arroz,358.99,Sequeiro,Siltoso,Outono,8.92,86.89,53.19,2340.7,15.97,59.81,0.698,0
FAZ_02282,Gaia_Vision,Cana_de_Acucar,484.74,Manual,Organico,Outono,15.96,38.28,72.85,6715.54,25.53,68.56,0.744,0
FAZ_02283,Gaia_Vision,Tomate,657.53,Sequeiro,Argiloso,Primavera,29.79,271.22,70.55,7270.01,26.34,73.39,0.598,1
FAZ_02284,Sentinel_Agro,Cenoura,841.23,Manual,Calcario,Inverno,31.18,136.19,81.66,8029.46,24.42,54.44,0.589,1
FAZ_02285,AgroSat_BR,Cana_de_Acucar,364.45,Gotejamento,Argiloso,Outono,9.52,62.03,66.41,3341.72,11.65,82.27,0.75,0
FAZ_02286,TerraScan_X,Milho,238.54,Inundacao,Organico,Verao,6.29,70.7,32.26,6096.4,44.1,30.71,0.489,1
FAZ_02287,AgroSat_BR,Trigo,248.3,Aspersao,Calcario,Primavera,6.72,27.42,46.31,3071.84,20.67,70.72,0.749,0
FAZ_02288,OrbSat_Field,Soja,222.66,Aspersao,Franco,Outono,2.52,46.54,45.45,2713.11,38.76,60.51,0.68,0
FAZ_02289,TerraScan_X,Trigo,86.56,Gotejamento,Calcario,Primavera,0.2,9.54,40.69,800.0,19.56,74.22,0.872,0
FAZ_02290,Gaia_Vision,Batata,249.36,Aspersao,Siltoso,Outono,8.37,84.81,48.04,4027.27,15.64,,0.839,0
FAZ_02291,TerraScan_X,Batata,1049.72,Sequeiro,Argiloso,Outono,35.0,380.0,90.49,9824.58,28.59,,0.464,1
FAZ_02292,Gaia_Vision,Cana_de_Acucar,234.25,Sequeiro,Siltoso,Primavera,12.08,40.77,30.07,1579.56,20.77,60.97,0.698,0
FAZ_02293,Gaia_Vision,Algodao,183.05,Inundacao,Calcario,Verao,6.69,69.7,39.08,6997.32,33.72,53.59,0.698,1
FAZ_02294,TerraScan_X,Batata,359.87,Aspersao,Franco,Verao,,105.48,49.22,4137.29,34.85,55.28,,0
FAZ_02295,Gaia_Vision,Batata,613.98,Manual,Siltoso,Inverno,15.87,231.1,63.57,6652.97,12.15,82.27,0.811,1
FAZ_02296,Gaia_Vision,Arroz,493.59,Inundacao,Franco,Outono,16.4,138.31,58.72,10255.28,23.86,63.58,0.681,1
FAZ_02297,OrbSat_Field,Soja,342.19,Sequeiro,Arenoso,Inverno,7.84,64.43,38.26,4590.36,24.5,64.38,0.703,0
FAZ_02298,AgroSat_BR,Arroz,342.0,Gotejamento,,Primavera,,94.17,56.51,3386.6,32.75,61.37,0.683,0
FAZ_02299,AgroSat_BR,Soja,521.65,Aspersao,Argiloso,Inverno,18.52,40.03,66.39,6022.4,15.93,78.92,0.837,1
FAZ_02300,OrbSat_Field,Tomate,241.81,Sequeiro,Calcario,Primavera,6.97,122.16,48.9,4191.68,21.52,69.12,0.653,0
FAZ_02301,TerraScan_X,Cenoura,290.36,Sequeiro,Organico,Verao,10.9,20.64,38.05,1010.24,31.65,,0.698,0
FAZ_02302,Sentinel_Agro,Batata,346.62,Aspersao,Organico,Primavera,8.14,139.3,51.15,1940.31,19.82,85.75,,0
FAZ_02303,Sentinel_Agro,Cenoura,604.41,Gotejamento,Siltoso,Primavera,14.3,95.92,68.98,4127.59,22.34,71.09,0.792,0
FAZ_02304,Sentinel_Agro,Batata,202.36,Manual,Calcario,Inverno,3.46,37.66,50.87,1708.11,14.17,89.23,0.95,0
FAZ_02305,OrbSat_Field,Arroz,326.78,Inundacao,Arenoso,Outono,11.9,35.12,61.05,8215.72,21.59,67.34,0.802,0
FAZ_02306,OrbSat_Field,Tomate,183.65,Manual,Siltoso,Inverno,8.55,49.64,51.39,1707.21,26.19,80.99,0.818,0
FAZ_02307,Gaia_Vision,Arroz,462.78,Aspersao,Franco,Verao,16.23,108.95,65.72,3668.49,35.46,70.16,0.692,0
FAZ_02308,Sentinel_Agro,Arroz,239.75,Gotejamento,Organico,Verao,5.37,45.53,37.38,3084.26,24.11,69.93,0.774,0
FAZ_02309,TerraScan_X,Soja,357.34,Gotejamento,Franco,Verao,5.91,42.01,50.42,4422.59,45.0,45.04,0.56,0
FAZ_02310,TerraScan_X,Algodao,633.09,Inundacao,Organico,Outono,13.79,226.59,55.9,8552.16,30.39,44.45,0.568,1
FAZ_02311,Sentinel_Agro,Trigo,515.37,Gotejamento,Organico,Inverno,11.12,64.03,63.19,5599.5,18.64,90.32,0.95,0
FAZ_02312,Sentinel_Agro,Cana_de_Acucar,425.32,Gotejamento,Organico,Primavera,14.97,57.76,58.65,4299.87,20.92,93.65,0.736,0
FAZ_02313,Sentinel_Agro,Cenoura,499.02,Aspersao,Calcario,Primavera,9.82,106.92,54.28,6281.43,26.82,61.75,0.631,0
FAZ_02314,OrbSat_Field,Batata,551.05,Aspersao,Argiloso,Outono,9.93,191.49,52.24,6087.16,24.49,70.37,0.528,1
FAZ_02315,OrbSat_Field,Arroz,165.07,Aspersao,,Verao,3.55,11.01,39.58,1095.54,26.31,70.95,0.759,0
FAZ_02316,OrbSat_Field,Algodao,266.27,Gotejamento,Franco,Outono,7.63,108.87,51.97,800.0,19.63,76.48,0.754,0
FAZ_02317,AgroSat_BR,Arroz,323.76,Sequeiro,Calcario,Primavera,7.88,47.5,40.04,1190.05,22.26,56.25,0.575,1
FAZ_02318,TerraScan_X,Tomate,392.17,Gotejamento,Siltoso,Verao,14.85,169.49,50.98,5519.94,36.35,67.65,0.703,0
FAZ_02319,TerraScan_X,Soja,257.05,Aspersao,Arenoso,Outono,9.85,62.59,39.03,2375.81,31.14,63.43,0.57,0
FAZ_02320,Gaia_Vision,Trigo,198.17,Aspersao,Siltoso,Primavera,6.15,23.94,60.98,800.0,35.83,77.15,0.948,0
FAZ_02321,OrbSat_Field,Tomate,269.69,Sequeiro,Calcario,Primavera,16.06,127.37,31.63,2786.68,30.62,53.45,0.589,1
FAZ_02322,AgroSat_BR,Milho,519.82,Aspersao,Franco,Outono,12.76,80.84,69.66,3612.53,28.24,,0.775,0
FAZ_02323,AgroSat_BR,Arroz,124.15,Gotejamento,Arenoso,Primavera,2.98,15.89,34.53,800.0,29.29,60.64,0.643,0
FAZ_02324,TerraScan_X,Tomate,272.71,Gotejamento,Siltoso,Inverno,13.04,124.54,51.02,1572.69,18.7,62.65,0.671,0
FAZ_02325,OrbSat_Field,Trigo,262.7,Manual,Arenoso,Inverno,5.17,41.26,41.08,2474.24,22.86,63.46,0.781,0
FAZ_02326,Gaia_Vision,Algodao,250.0,Manual,Franco,Verao,7.91,81.47,41.26,3659.36,30.25,49.06,0.577,0
FAZ_02327,OrbSat_Field,Algodao,521.45,Aspersao,Organico,Inverno,16.62,163.56,80.59,4727.05,19.68,84.9,0.753,0
FAZ_02328,Sentinel_Agro,Cenoura,264.84,Gotejamento,Franco,Inverno,3.76,27.45,49.55,1112.55,16.32,78.06,0.854,0
FAZ_02329,OrbSat_Field,Trigo,243.09,Aspersao,Argiloso,Outono,3.16,47.17,44.68,4550.61,23.94,64.54,0.667,0
FAZ_02330,Sentinel_Agro,Algodao,493.35,Inundacao,Arenoso,Verao,14.41,156.09,29.6,8043.06,29.33,42.42,0.366,1
FAZ_02331,Sentinel_Agro,Tomate,506.48,Manual,Franco,Outono,12.42,109.6,59.25,4615.42,22.72,70.61,0.705,0
FAZ_02332,Gaia_Vision,Cenoura,446.19,Gotejamento,Organico,Outono,14.08,109.58,53.36,6112.05,30.29,58.24,0.647,1
FAZ_02333,TerraScan_X,Algodao,253.96,Inundacao,Organico,Inverno,8.37,78.1,44.09,6345.73,19.07,72.12,0.803,0
FAZ_02334,OrbSat_Field,Soja,619.32,Aspersao,Franco,Inverno,16.34,90.65,67.31,5238.49,15.03,84.88,0.887,0
FAZ_02335,Sentinel_Agro,Milho,447.92,Inundacao,Siltoso,Primavera,19.05,155.39,59.94,6067.17,19.38,74.71,0.616,1
FAZ_02336,OrbSat_Field,Trigo,176.5,Inundacao,Franco,Primavera,0.61,43.84,37.89,5861.65,23.19,53.87,0.626,1
FAZ_02337,TerraScan_X,Tomate,710.73,Sequeiro,Organico,Verao,16.26,226.35,70.56,5978.14,24.32,69.17,0.576,1
FAZ_02338,TerraScan_X,Batata,609.93,Aspersao,Franco,Inverno,20.94,163.29,66.65,3086.39,21.46,70.02,0.562,1
FAZ_02339,AgroSat_BR,Arroz,118.24,Inundacao,Argiloso,Primavera,5.94,25.99,41.35,5569.55,28.92,60.24,0.79,0
FAZ_02340,TerraScan_X,Tomate,231.77,Aspersao,Siltoso,Outono,10.01,111.84,48.09,4220.57,19.78,73.95,,0
FAZ_02341,Gaia_Vision,Algodao,364.46,Aspersao,Franco,Inverno,7.83,155.04,60.56,3451.21,27.04,78.54,0.827,0
FAZ_02342,Sentinel_Agro,Tomate,420.49,Gotejamento,Organico,Verao,14.53,197.2,59.27,3485.83,21.83,76.47,0.597,1
FAZ_02343,AgroSat_BR,Batata,335.9,Aspersao,Franco,Verao,3.18,134.25,39.82,4116.65,30.89,65.11,0.613,1
FAZ_02344,Gaia_Vision,Arroz,618.44,Gotejamento,Franco,Outono,16.12,179.41,74.62,3954.33,16.21,98.0,0.802,0
FAZ_02345,OrbSat_Field,Cenoura,230.55,Sequeiro,Arenoso,Primavera,6.65,43.09,44.71,3372.07,33.92,67.39,0.79,0
FAZ_02346,Sentinel_Agro,Algodao,415.37,Inundacao,Franco,Outono,13.87,82.84,51.72,8763.26,26.61,55.55,0.601,1
FAZ_02347,TerraScan_X,Cana_de_Acucar,1129.31,Gotejamento,Argiloso,Primavera,35.0,171.98,92.81,9242.97,30.96,58.31,0.605,1
FAZ_02348,Sentinel_Agro,Algodao,550.85,Gotejamento,Organico,Inverno,19.68,129.99,75.72,5885.84,25.45,67.45,0.668,1
FAZ_02349,OrbSat_Field,Milho,274.89,Aspersao,Calcario,Verao,17.9,23.88,47.15,3111.59,41.54,52.39,0.657,1
FAZ_02350,AgroSat_BR,Cana_de_Acucar,533.12,Aspersao,Arenoso,Primavera,18.82,169.05,59.18,5473.95,24.1,59.37,0.568,1
FAZ_02351,AgroSat_BR,Milho,386.21,Aspersao,Calcario,Outono,16.83,132.21,49.77,5866.06,30.0,,0.691,1
FAZ_02352,AgroSat_BR,Batata,426.72,Aspersao,Franco,Inverno,12.9,169.12,62.91,3538.37,18.85,71.51,0.649,0
FAZ_02353,TerraScan_X,Trigo,433.51,Sequeiro,Siltoso,Primavera,11.3,122.72,46.61,5454.47,19.67,80.37,0.789,0
FAZ_02354,Gaia_Vision,Arroz,352.93,Inundacao,Argiloso,Inverno,10.9,92.21,44.72,7916.25,22.04,71.72,0.751,1
FAZ_02355,Gaia_Vision,Soja,330.82,Inundacao,Argiloso,Inverno,5.67,70.02,44.55,7010.87,28.88,49.24,0.669,1
FAZ_02356,Sentinel_Agro,Cenoura,211.3,Manual,Argiloso,Outono,4.21,53.52,47.42,2012.99,22.9,,0.695,0
FAZ_02357,TerraScan_X,Soja,288.43,Gotejamento,Arenoso,Outono,8.06,22.09,44.16,3229.18,20.82,59.74,0.669,0
FAZ_02358,AgroSat_BR,Batata,258.58,Gotejamento,Franco,Inverno,4.31,72.84,51.4,1875.22,17.61,81.6,0.751,0
FAZ_02359,AgroSat_BR,Trigo,504.8,Aspersao,Argiloso,Inverno,12.55,78.89,64.17,7272.43,14.25,72.52,0.772,0
FAZ_02360,OrbSat_Field,Algodao,534.68,Manual,Franco,Primavera,10.91,203.19,50.82,5173.55,22.41,65.07,0.625,0
FAZ_02361,OrbSat_Field,Tomate,271.08,Aspersao,Siltoso,Outono,11.51,91.24,41.66,2885.12,18.67,72.26,0.715,0
FAZ_02362,AgroSat_BR,Milho,225.76,Gotejamento,Franco,Primavera,9.53,74.32,55.64,2450.32,26.79,79.96,0.84,0
FAZ_02363,AgroSat_BR,Batata,532.86,Sequeiro,Calcario,Verao,20.24,171.38,61.12,3009.33,33.58,51.39,0.49,1
FAZ_02364,TerraScan_X,Milho,162.06,Aspersao,Franco,Primavera,8.2,54.72,44.74,1408.97,34.65,78.0,0.839,0
FAZ_02365,Gaia_Vision,Algodao,187.49,Manual,Franco,Inverno,5.29,83.79,45.03,2088.7,24.17,42.08,0.651,0
FAZ_02366,OrbSat_Field,Trigo,422.2,Sequeiro,Organico,Verao,7.34,89.1,41.15,3275.67,27.86,52.78,0.632,1
FAZ_02367,Gaia_Vision,Arroz,259.53,Aspersao,Calcario,Primavera,6.21,26.03,67.6,2582.8,18.67,98.0,0.882,0
FAZ_02368,TerraScan_X,Soja,250.81,Manual,Arenoso,Verao,5.59,59.2,38.66,3143.04,31.01,51.79,0.59,0
FAZ_02369,AgroSat_BR,Algodao,898.61,Manual,Franco,Outono,17.83,267.1,94.95,5728.74,19.21,74.68,0.594,1
FAZ_02370,Gaia_Vision,Cenoura,410.49,Sequeiro,Argiloso,Primavera,7.67,97.34,41.97,3939.29,31.82,45.69,0.567,0
FAZ_02371,AgroSat_BR,Cana_de_Acucar,369.64,Aspersao,Organico,Primavera,10.78,58.6,69.54,3158.09,22.03,94.46,0.843,0
FAZ_02372,AgroSat_BR,Batata,228.5,Sequeiro,Franco,Outono,4.26,61.16,34.05,2486.7,33.29,49.94,0.674,0
FAZ_02373,Sentinel_Agro,Soja,182.89,Gotejamento,Organico,Primavera,,52.87,39.57,1647.69,26.21,57.12,0.671,0
FAZ_02374,Gaia_Vision,Cenoura,331.11,Manual,Arenoso,Verao,5.56,27.3,55.1,3708.11,26.05,59.63,0.696,0
FAZ_02375,Gaia_Vision,Arroz,440.54,Aspersao,Organico,Outono,16.86,104.69,52.96,3487.67,27.18,56.67,0.698,0
FAZ_02376,AgroSat_BR,Cenoura,466.01,Gotejamento,,Verao,9.45,161.73,42.7,3377.58,29.07,53.73,0.558,1
FAZ_02377,TerraScan_X,Trigo,280.91,Gotejamento,Franco,Primavera,6.9,40.05,52.8,1249.89,22.22,57.67,,0
FAZ_02378,Sentinel_Agro,Cana_de_Acucar,195.29,Aspersao,Argiloso,Primavera,9.62,37.61,45.98,2413.94,31.27,54.9,0.583,0
FAZ_02379,AgroSat_BR,Milho,806.44,Aspersao,Siltoso,Primavera,27.66,172.12,62.11,7976.67,25.21,74.54,0.67,1
FAZ_02380,OrbSat_Field,Soja,424.69,Gotejamento,Organico,Primavera,12.95,70.72,43.33,5124.5,22.32,86.59,0.715,0
FAZ_02381,OrbSat_Field,Cana_de_Acucar,870.51,Gotejamento,Organico,Verao,21.03,229.03,92.0,9541.03,38.18,63.2,0.452,1
FAZ_02382,Sentinel_Agro,Tomate,1115.89,Aspersao,Organico,Primavera,35.0,253.25,95.0,12091.16,31.52,67.72,0.431,1
FAZ_02383,TerraScan_X,Algodao,519.54,Aspersao,Calcario,Outono,18.77,243.16,69.0,3560.38,19.45,75.4,0.714,1
FAZ_02384,AgroSat_BR,Tomate,767.93,Aspersao,Arenoso,Outono,16.36,282.24,68.51,6068.31,22.67,72.63,0.483,1
FAZ_02385,Gaia_Vision,Algodao,405.04,Sequeiro,Calcario,Inverno,11.44,142.1,44.08,1811.7,17.4,60.48,0.579,0
FAZ_02386,Sentinel_Agro,Trigo,249.48,Inundacao,Argiloso,Outono,7.86,46.0,33.57,4417.13,42.05,46.48,0.611,1
FAZ_02387,TerraScan_X,Cana_de_Acucar,513.22,Gotejamento,Siltoso,Inverno,7.9,131.3,69.01,5137.66,21.04,69.98,0.6,0
FAZ_02388,Gaia_Vision,Arroz,365.0,Aspersao,Arenoso,Outono,9.4,103.33,49.64,3707.18,25.28,70.67,0.712,0
FAZ_02389,OrbSat_Field,Cenoura,655.58,Manual,Arenoso,Outono,21.62,132.65,87.23,4654.69,22.11,67.23,0.658,0
FAZ_02390,OrbSat_Field,Cana_de_Acucar,274.16,Gotejamento,Franco,Primavera,17.59,68.92,58.47,2632.07,18.35,80.87,0.806,0
FAZ_02391,Gaia_Vision,Tomate,398.53,Aspersao,Siltoso,Outono,15.58,120.04,58.82,4513.76,32.45,61.24,0.641,0
FAZ_02392,Sentinel_Agro,Batata,380.58,Aspersao,Organico,Primavera,7.52,157.98,49.9,1661.61,25.69,76.4,0.673,0
FAZ_02393,OrbSat_Field,Algodao,540.99,Sequeiro,Calcario,Primavera,16.13,99.45,54.09,2911.38,33.53,44.46,0.585,0
FAZ_02394,AgroSat_BR,Batata,331.83,Aspersao,Organico,Outono,4.37,120.3,52.84,5443.11,24.46,59.3,0.62,0
FAZ_02395,Gaia_Vision,Soja,478.26,Manual,Franco,Verao,11.6,97.75,42.49,2789.58,27.81,45.47,0.486,0
FAZ_02396,Gaia_Vision,Batata,355.54,Aspersao,Calcario,Primavera,11.25,112.89,54.85,3670.76,18.6,79.22,0.796,0
FAZ_02397,OrbSat_Field,Cana_de_Acucar,369.05,Manual,Organico,Outono,8.43,50.14,50.05,2208.51,22.38,66.89,0.748,0
FAZ_02398,Sentinel_Agro,Cenoura,481.33,Aspersao,Argiloso,Verao,16.06,62.66,47.45,6215.94,30.1,63.26,0.586,1
FAZ_02399,AgroSat_BR,Soja,237.84,Aspersao,Organico,Outono,,33.31,48.49,2186.62,28.91,68.81,0.709,0
FAZ_02400,Sentinel_Agro,Arroz,308.24,Aspersao,Calcario,Outono,5.08,19.84,64.36,1992.89,28.05,78.97,0.768,0
FAZ_02401,TerraScan_X,Arroz,330.57,Sequeiro,Argiloso,Verao,8.1,108.48,29.17,3878.14,31.53,35.72,,1
FAZ_02402,TerraScan_X,Trigo,429.62,Gotejamento,Franco,Outono,9.41,114.77,55.13,1907.67,24.41,66.0,0.711,0
FAZ_02403,OrbSat_Field,Cenoura,226.47,Gotejamento,Franco,Primavera,5.92,59.03,51.19,2242.22,29.59,57.63,0.716,0
FAZ_02404,OrbSat_Field,Milho,201.01,Manual,Argiloso,Inverno,7.8,9.94,43.39,2368.83,24.21,54.62,0.693,0
FAZ_02405,OrbSat_Field,Batata,206.29,Inundacao,Calcario,Inverno,8.06,57.74,45.95,3488.18,27.32,65.38,0.732,0
FAZ_02406,TerraScan_X,Soja,909.3,Aspersao,Calcario,Outono,19.15,98.52,72.7,10939.86,28.07,66.14,0.806,0
FAZ_02407,Sentinel_Agro,Cana_de_Acucar,629.88,Aspersao,Organico,Inverno,23.54,49.43,66.73,5847.5,34.34,56.0,0.654,0
FAZ_02408,Sentinel_Agro,Cana_de_Acucar,630.46,Aspersao,Franco,Inverno,10.05,157.51,87.92,7392.09,18.42,84.28,0.858,1
FAZ_02409,OrbSat_Field,Milho,650.5,Aspersao,Franco,Inverno,15.87,123.25,65.1,9791.29,22.7,89.29,0.776,1
FAZ_02410,AgroSat_BR,Trigo,271.65,Manual,Argiloso,Primavera,7.08,29.56,42.43,2126.47,41.15,47.82,0.619,0
FAZ_02411,Sentinel_Agro,Milho,742.61,Gotejamento,Franco,Primavera,19.67,126.82,72.93,8373.67,22.96,65.62,0.675,1
FAZ_02412,TerraScan_X,Algodao,190.12,Sequeiro,Organico,Inverno,3.71,92.24,44.98,2194.94,30.0,53.03,0.701,0
FAZ_02413,Gaia_Vision,Tomate,357.73,Aspersao,Franco,Verao,13.15,138.89,61.66,4098.85,28.98,74.0,0.737,0
FAZ_02414,Gaia_Vision,Soja,266.98,Gotejamento,Argiloso,Verao,8.27,25.69,56.33,2983.49,29.57,60.47,0.706,0
FAZ_02415,Gaia_Vision,Tomate,826.05,Aspersao,Organico,Verao,24.49,196.8,95.0,9264.1,29.5,66.35,0.607,1
FAZ_02416,AgroSat_BR,Milho,486.38,Inundacao,Siltoso,Primavera,21.6,47.54,60.3,8119.73,24.27,62.23,0.697,0
FAZ_02417,OrbSat_Field,Trigo,463.35,Gotejamento,Argiloso,Primavera,8.56,147.18,58.09,7264.76,31.27,76.69,0.789,1
FAZ_02418,TerraScan_X,Trigo,264.51,Manual,Siltoso,Primavera,8.84,59.64,46.1,1547.24,29.72,49.91,0.612,0
FAZ_02419,AgroSat_BR,Arroz,293.13,Manual,Franco,Primavera,10.11,26.83,52.49,2258.13,19.76,54.67,0.732,0
FAZ_02420,TerraScan_X,Arroz,268.38,Gotejamento,Organico,Inverno,4.26,32.67,43.87,3214.42,22.15,67.93,0.832,0
FAZ_02421,TerraScan_X,Soja,402.88,Gotejamento,Franco,Primavera,12.33,144.37,46.86,3323.59,31.71,58.53,0.633,1
FAZ_02422,OrbSat_Field,Soja,322.75,Gotejamento,Organico,Inverno,7.07,41.38,58.69,3570.12,10.02,82.45,,0
FAZ_02423,Gaia_Vision,Soja,395.23,Manual,Arenoso,Verao,15.87,38.33,57.23,6054.28,30.61,50.04,,1
FAZ_02424,OrbSat_Field,Cana_de_Acucar,571.73,Aspersao,Franco,Inverno,18.2,105.4,78.87,7283.75,22.51,74.32,0.665,1
FAZ_02425,AgroSat_BR,Arroz,565.26,Manual,Franco,Verao,8.54,85.13,65.45,4464.26,35.4,40.3,0.62,0
FAZ_02426,AgroSat_BR,Cana_de_Acucar,518.03,Inundacao,Franco,Primavera,17.92,163.05,75.77,7721.38,27.31,75.46,0.806,1
FAZ_02427,AgroSat_BR,Tomate,571.5,Manual,Calcario,Verao,19.22,193.38,53.31,5714.62,31.57,52.14,0.605,1
FAZ_02428,OrbSat_Field,Milho,617.41,Inundacao,Argiloso,Verao,21.54,198.23,50.32,12661.58,28.12,55.35,0.669,1
FAZ_02429,TerraScan_X,Batata,804.5,Aspersao,Calcario,Inverno,16.79,192.54,83.34,9237.49,22.44,74.44,0.662,1
FAZ_02430,TerraScan_X,Arroz,787.41,Sequeiro,Organico,Verao,25.43,117.26,65.11,6725.07,31.79,52.53,0.605,1
FAZ_02431,Sentinel_Agro,Batata,528.01,Manual,Organico,Outono,18.79,216.73,68.5,9690.58,35.09,47.67,0.467,1
FAZ_02432,AgroSat_BR,Trigo,795.03,Aspersao,Organico,Verao,29.11,198.14,62.52,8428.97,25.27,80.24,0.683,1
FAZ_02433,TerraScan_X,Arroz,317.83,Inundacao,Argiloso,Primavera,8.88,66.87,61.21,7794.75,18.43,72.12,0.756,0
FAZ_02434,Sentinel_Agro,Tomate,1263.51,Inundacao,Organico,Verao,35.0,336.41,89.36,15908.95,26.28,60.84,0.565,1
FAZ_02435,TerraScan_X,Arroz,966.33,Aspersao,Calcario,Outono,35.0,140.21,85.77,6888.13,22.83,64.43,0.674,1
FAZ_02436,AgroSat_BR,Cana_de_Acucar,272.74,Aspersao,Calcario,Inverno,9.49,35.08,47.15,2557.11,22.38,71.62,0.836,0
FAZ_02437,Gaia_Vision,Milho,273.47,Aspersao,Franco,Verao,12.11,39.52,46.81,2588.19,36.61,43.25,0.541,0
FAZ_02438,AgroSat_BR,Cenoura,167.9,Sequeiro,Siltoso,Outono,2.31,6.11,41.83,1773.37,26.15,65.74,0.803,0
FAZ_02439,OrbSat_Field,Milho,137.96,Inundacao,Arenoso,Primavera,11.9,20.66,41.82,5347.39,21.78,75.21,0.792,0
FAZ_02440,TerraScan_X,Milho,183.21,Gotejamento,Organico,Primavera,11.05,17.41,41.55,2735.19,17.02,85.43,0.889,0
FAZ_02441,TerraScan_X,Trigo,705.69,Aspersao,Argiloso,Inverno,26.94,75.39,86.11,8684.21,21.05,69.71,0.791,0
FAZ_02442,OrbSat_Field,Tomate,625.96,Gotejamento,Argiloso,Primavera,24.1,150.93,53.77,4403.18,32.9,45.3,0.512,1
FAZ_02443,OrbSat_Field,Batata,501.08,Aspersao,Organico,Outono,8.53,133.69,42.6,5172.5,22.7,69.93,0.724,0
FAZ_02444,Gaia_Vision,Tomate,151.19,Aspersao,Siltoso,Verao,,73.66,52.14,2046.15,30.28,74.08,0.758,0
FAZ_02445,TerraScan_X,Cenoura,206.52,Inundacao,Calcario,Outono,3.75,55.47,44.29,12696.39,31.67,57.59,0.783,0
FAZ_02446,TerraScan_X,Trigo,1007.82,Sequeiro,Organico,Inverno,27.18,65.72,95.0,7662.23,11.47,76.67,0.755,1
FAZ_02447,Gaia_Vision,Milho,362.11,Sequeiro,Argiloso,Verao,15.84,9.79,60.74,4034.57,29.39,62.02,0.787,0
FAZ_02448,Sentinel_Agro,Cana_de_Acucar,427.01,Gotejamento,Arenoso,Outono,22.1,104.5,47.95,5549.45,28.14,63.2,0.682,0
FAZ_02449,Gaia_Vision,Trigo,583.35,Inundacao,Siltoso,Inverno,21.45,103.53,57.84,13591.77,19.06,67.67,0.64,0
FAZ_02450,AgroSat_BR,Soja,415.02,Manual,Organico,Inverno,4.52,61.12,60.0,4526.72,21.69,,0.739,0
FAZ_02451,TerraScan_X,Arroz,185.07,Gotejamento,Arenoso,Verao,2.71,52.0,39.45,1604.59,32.06,56.17,0.598,0
FAZ_02452,OrbSat_Field,Tomate,339.25,Manual,Organico,Verao,18.31,51.95,48.84,3154.5,32.41,49.33,0.725,0
FAZ_02453,AgroSat_BR,Trigo,448.05,Sequeiro,Siltoso,Primavera,10.48,74.87,56.04,2859.62,34.25,61.9,0.622,0
FAZ_02454,TerraScan_X,Soja,598.78,Inundacao,Argiloso,Primavera,8.84,84.58,43.82,9885.0,23.72,56.91,0.63,1
FAZ_02455,Gaia_Vision,Batata,221.85,Aspersao,Calcario,Verao,3.83,85.96,38.23,3088.63,32.08,,0.576,1
FAZ_02456,AgroSat_BR,Cenoura,229.51,Sequeiro,Calcario,Primavera,5.65,1.0,37.31,1702.5,24.99,50.09,0.615,0
FAZ_02457,TerraScan_X,Cenoura,882.59,Sequeiro,Siltoso,Verao,20.17,124.96,95.0,11179.55,41.05,46.81,0.604,1
FAZ_02458,Sentinel_Agro,Milho,256.83,Manual,Franco,Primavera,11.64,42.22,46.3,3513.76,26.4,70.23,0.696,0
FAZ_02459,Sentinel_Agro,Milho,257.71,Aspersao,Calcario,Outono,12.06,54.58,49.84,2139.16,28.54,85.46,0.87,0
FAZ_02460,OrbSat_Field,Trigo,561.45,Manual,Organico,Inverno,12.96,138.05,56.62,4907.18,24.65,56.04,0.663,0
FAZ_02461,TerraScan_X,Trigo,156.93,Aspersao,,Verao,6.46,46.53,38.47,2164.92,26.21,51.96,0.552,0
FAZ_02462,Sentinel_Agro,Arroz,495.06,Aspersao,Arenoso,Verao,18.23,50.21,60.82,3738.88,32.47,79.27,0.692,0
FAZ_02463,Gaia_Vision,Algodao,831.18,Aspersao,Calcario,Verao,28.53,353.17,86.4,7413.28,36.34,65.55,0.574,1
FAZ_02464,TerraScan_X,Batata,436.59,Sequeiro,Siltoso,Outono,12.43,132.28,60.91,1866.85,11.17,74.74,0.808,0
FAZ_02465,Gaia_Vision,Milho,170.96,Manual,Siltoso,Inverno,9.06,41.89,48.04,1200.07,16.31,67.72,0.711,0
FAZ_02466,Gaia_Vision,Algodao,218.7,Manual,Siltoso,Primavera,5.12,82.98,40.53,3625.2,34.38,48.12,0.555,0
FAZ_02467,Sentinel_Agro,Algodao,664.55,Aspersao,Arenoso,Primavera,14.57,165.27,55.15,6852.46,12.64,80.76,0.638,1
FAZ_02468,TerraScan_X,Arroz,261.75,Aspersao,Argiloso,Inverno,11.49,53.36,52.12,2012.07,30.27,65.91,0.758,0
FAZ_02469,AgroSat_BR,Cana_de_Acucar,233.99,Sequeiro,Arenoso,Primavera,9.06,48.59,43.23,2548.62,22.42,68.12,0.656,0
FAZ_02470,Sentinel_Agro,Cana_de_Acucar,488.49,Inundacao,Argiloso,Verao,15.34,83.94,49.83,5976.52,31.31,63.35,0.652,0
FAZ_02471,Sentinel_Agro,Milho,257.53,Manual,Siltoso,Inverno,15.14,17.95,51.67,2236.36,25.77,57.21,0.758,0
FAZ_02472,TerraScan_X,Soja,363.56,Aspersao,Franco,Outono,8.49,68.52,63.34,1600.23,28.02,77.62,0.731,0
FAZ_02473,TerraScan_X,Arroz,368.08,Manual,Arenoso,Inverno,7.64,48.11,57.34,3505.29,21.13,61.56,0.688,0
FAZ_02474,Gaia_Vision,Arroz,409.99,Sequeiro,Siltoso,Verao,5.5,138.4,54.08,2880.69,28.18,61.81,0.624,0
FAZ_02475,TerraScan_X,Tomate,585.21,Aspersao,Arenoso,Inverno,20.67,144.91,55.91,6362.4,18.45,59.62,0.625,1
FAZ_02476,Gaia_Vision,Algodao,347.4,Gotejamento,Siltoso,Outono,8.8,143.23,46.86,2277.15,15.59,74.21,0.872,0
FAZ_02477,Sentinel_Agro,Tomate,176.99,Aspersao,Arenoso,Outono,8.56,110.06,39.72,2347.55,29.94,66.96,0.562,0
FAZ_02478,OrbSat_Field,Algodao,417.94,Sequeiro,Organico,Inverno,6.64,67.23,46.0,4725.78,25.4,51.19,0.608,0
FAZ_02479,AgroSat_BR,Cana_de_Acucar,758.0,Inundacao,Arenoso,Inverno,17.91,97.35,80.35,9458.69,16.13,63.74,0.613,1
FAZ_02480,Sentinel_Agro,Milho,318.74,Manual,Organico,Primavera,11.21,114.07,38.21,1982.47,23.83,69.93,0.681,0
FAZ_02481,TerraScan_X,Batata,452.39,Aspersao,Argiloso,Primavera,15.62,190.6,57.62,5731.92,15.96,67.09,0.638,0
FAZ_02482,AgroSat_BR,Cana_de_Acucar,290.24,Manual,Arenoso,Verao,9.66,17.73,57.66,800.0,34.48,53.36,0.683,0
FAZ_02483,OrbSat_Field,Arroz,319.23,Inundacao,Argiloso,Primavera,8.57,32.16,53.79,7378.54,22.92,75.44,0.779,0
FAZ_02484,OrbSat_Field,Batata,194.76,Gotejamento,Franco,Verao,4.18,83.26,43.2,1530.73,25.68,78.22,0.779,0
FAZ_02485,Gaia_Vision,Trigo,453.89,Sequeiro,Calcario,Verao,10.3,97.44,61.83,4761.96,35.04,69.62,0.699,0
FAZ_02486,AgroSat_BR,Batata,294.07,Aspersao,Calcario,Inverno,9.95,106.07,51.41,3287.89,21.99,73.3,0.658,0
FAZ_02487,Gaia_Vision,Batata,417.55,Aspersao,Organico,Primavera,13.23,146.39,43.98,5296.39,29.11,70.0,0.615,1
FAZ_02488,Sentinel_Agro,Cana_de_Acucar,325.84,Aspersao,Arenoso,Outono,10.7,27.46,63.28,2728.53,20.57,76.9,0.796,0
FAZ_02489,AgroSat_BR,Arroz,349.49,Gotejamento,Calcario,Outono,9.97,45.36,58.77,2104.78,15.21,83.85,0.95,0
FAZ_02490,Sentinel_Agro,Batata,450.91,Inundacao,Argiloso,Inverno,13.75,175.06,57.07,9926.98,16.6,74.45,0.675,0
FAZ_02491,Gaia_Vision,Cana_de_Acucar,452.36,Gotejamento,Calcario,Outono,16.09,25.89,67.63,2591.92,24.03,59.47,0.696,0
FAZ_02492,AgroSat_BR,Cana_de_Acucar,608.06,Manual,Calcario,Outono,11.9,39.75,73.55,5253.71,25.3,63.59,0.697,0
FAZ_02493,Gaia_Vision,Batata,646.62,Aspersao,Siltoso,Inverno,13.88,220.25,73.5,5393.96,16.68,94.76,0.873,0
FAZ_02494,AgroSat_BR,Algodao,344.83,Aspersao,Calcario,Outono,5.15,144.78,49.37,4422.76,21.37,79.46,0.731,0
FAZ_02495,Gaia_Vision,Arroz,531.96,Inundacao,Argiloso,Inverno,15.42,148.45,63.06,8709.22,26.94,54.55,0.508,1
FAZ_02496,OrbSat_Field,Cenoura,261.67,Manual,Calcario,Verao,9.27,3.54,45.98,2543.9,28.52,65.17,0.792,0
FAZ_02497,Gaia_Vision,Batata,334.8,Gotejamento,Arenoso,Primavera,6.21,145.05,33.78,4338.72,37.44,39.76,0.47,1
FAZ_02498,OrbSat_Field,Tomate,405.75,Sequeiro,Calcario,Outono,13.88,142.85,52.62,6348.54,22.95,68.69,0.756,0
FAZ_02499,Gaia_Vision,Tomate,230.29,Inundacao,Franco,Inverno,10.01,105.74,42.91,6328.52,21.72,45.52,0.564,1
FAZ_02500,AgroSat_BR,Trigo,387.66,Gotejamento,Calcario,Outono,11.36,37.37,39.64,5002.58,28.87,54.83,0.666,0
FAZ_02501,AgroSat_BR,Arroz,417.93,Aspersao,Organico,Primavera,10.54,57.3,41.24,5068.73,22.52,66.2,0.664,0
FAZ_02502,AgroSat_BR,Cana_de_Acucar,292.9,Aspersao,Siltoso,Outono,12.93,49.94,49.38,3480.07,11.92,75.48,0.746,0
FAZ_02503,TerraScan_X,Milho,532.83,Manual,Argiloso,Verao,21.64,65.45,55.98,6071.66,38.48,53.76,0.585,1
FAZ_02504,Sentinel_Agro,Soja,341.91,Aspersao,Calcario,Inverno,12.85,97.98,53.63,4064.14,20.12,69.69,0.712,0
FAZ_02505,AgroSat_BR,Arroz,657.38,Aspersao,Calcario,Primavera,9.09,157.77,69.14,7179.56,23.07,59.37,0.658,1
FAZ_02506,OrbSat_Field,Arroz,737.26,Gotejamento,Arenoso,Verao,9.95,123.31,83.92,9016.73,29.31,60.5,0.536,1
FAZ_02507,AgroSat_BR,Batata,312.23,Aspersao,Arenoso,Outono,7.35,141.43,43.53,3845.52,30.24,61.31,0.686,0
FAZ_02508,TerraScan_X,Batata,328.51,Manual,Organico,Outono,5.81,136.41,41.23,2560.57,27.55,60.58,0.734,0
FAZ_02509,OrbSat_Field,Cana_de_Acucar,287.66,Inundacao,Siltoso,Outono,11.74,42.26,44.16,4362.58,18.12,64.13,0.813,0
FAZ_02510,TerraScan_X,Trigo,218.36,Gotejamento,Argiloso,Primavera,5.65,31.11,44.23,1755.36,25.02,78.23,0.791,0
FAZ_02511,OrbSat_Field,Batata,756.6,Gotejamento,Argiloso,Inverno,28.16,152.82,92.81,4789.37,21.03,,0.645,0
FAZ_02512,Gaia_Vision,Soja,276.71,Aspersao,Argiloso,Primavera,,57.38,53.69,2590.65,20.23,72.2,0.768,0
FAZ_02513,Sentinel_Agro,Soja,404.7,Manual,Organico,Verao,9.21,46.75,66.33,3289.42,22.73,72.67,0.857,0
FAZ_02514,Sentinel_Agro,Trigo,590.17,Manual,Organico,Inverno,15.62,58.95,84.39,7923.14,15.53,93.11,0.95,0
FAZ_02515,TerraScan_X,Algodao,594.05,Gotejamento,Calcario,Primavera,21.87,119.29,77.54,4753.87,21.79,73.28,0.801,0
FAZ_02516,Sentinel_Agro,Algodao,459.24,Aspersao,Siltoso,Outono,6.64,120.73,48.6,5309.0,19.74,58.31,0.753,0
FAZ_02517,TerraScan_X,Arroz,568.34,Aspersao,Argiloso,Verao,6.36,64.02,60.73,4699.05,34.28,58.38,0.753,0
FAZ_02518,TerraScan_X,Batata,456.2,Sequeiro,Argiloso,Outono,10.15,144.71,48.83,3408.01,34.45,64.88,0.609,0
FAZ_02519,TerraScan_X,Tomate,628.13,Aspersao,Calcario,Primavera,28.51,194.82,50.47,6605.93,25.95,65.1,0.702,1
FAZ_02520,Sentinel_Agro,Cenoura,606.14,Aspersao,Siltoso,Verao,19.27,111.4,68.77,6300.37,28.44,66.92,0.622,0
FAZ_02521,TerraScan_X,Trigo,176.11,Aspersao,Siltoso,Inverno,4.54,47.31,52.07,860.28,13.82,69.23,0.837,0
FAZ_02522,Sentinel_Agro,Arroz,563.25,Aspersao,Siltoso,Inverno,10.22,176.98,52.68,4437.11,17.31,82.57,0.698,0
FAZ_02523,TerraScan_X,Tomate,233.94,Inundacao,Arenoso,Primavera,12.19,48.72,48.21,6189.69,27.87,,0.624,1
FAZ_02524,AgroSat_BR,Batata,441.72,Gotejamento,Siltoso,Primavera,14.19,175.86,51.44,5696.22,31.71,72.4,0.61,0
FAZ_02525,TerraScan_X,Tomate,197.25,Aspersao,Franco,Inverno,13.2,80.06,45.48,1494.85,15.27,74.2,0.78,0
FAZ_02526,OrbSat_Field,Tomate,365.66,Inundacao,Organico,Inverno,15.79,91.11,47.47,8792.96,27.56,43.94,0.64,1
FAZ_02527,TerraScan_X,Trigo,336.06,Aspersao,Siltoso,Primavera,12.56,93.76,46.27,2312.86,19.92,78.21,0.792,0
FAZ_02528,Gaia_Vision,Arroz,356.63,Inundacao,Arenoso,Inverno,14.38,69.58,48.48,7489.75,26.63,55.51,0.654,1
FAZ_02529,TerraScan_X,Cana_de_Acucar,403.51,Aspersao,Franco,Verao,13.8,48.77,59.72,1997.32,23.59,58.46,0.732,0
FAZ_02530,OrbSat_Field,Soja,211.8,Manual,Arenoso,Primavera,4.78,63.58,42.57,1215.16,29.1,64.66,0.666,0
FAZ_02531,OrbSat_Field,Arroz,640.47,Gotejamento,Arenoso,Verao,15.44,44.87,63.06,6232.8,25.82,66.46,0.713,0
FAZ_02532,Sentinel_Agro,Cenoura,116.03,Sequeiro,Calcario,Outono,3.55,32.06,31.55,1202.54,37.85,57.29,0.636,0
FAZ_02533,AgroSat_BR,Tomate,577.03,Gotejamento,Arenoso,Verao,20.63,266.23,61.05,4510.6,31.84,57.42,0.511,1
FAZ_02534,TerraScan_X,Cana_de_Acucar,294.05,Gotejamento,Arenoso,Primavera,9.04,23.89,42.94,2937.35,18.26,74.13,0.771,0
FAZ_02535,Sentinel_Agro,Trigo,410.68,Manual,Argiloso,Outono,12.98,84.94,61.42,5965.72,24.68,66.58,0.691,0
FAZ_02536,AgroSat_BR,Milho,579.42,Sequeiro,Organico,Inverno,12.17,180.2,69.2,6268.9,23.45,68.76,0.583,1
FAZ_02537,TerraScan_X,Soja,455.51,Gotejamento,Calcario,Verao,15.79,149.71,55.09,3518.32,28.56,56.57,0.592,1
FAZ_02538,Gaia_Vision,Milho,339.37,Sequeiro,Calcario,Verao,9.3,85.82,35.26,4920.12,31.33,54.03,0.553,0
FAZ_02539,TerraScan_X,Batata,380.42,Aspersao,Argiloso,Primavera,15.67,69.32,71.97,4394.75,17.71,98.0,0.892,0
FAZ_02540,OrbSat_Field,Milho,339.63,Inundacao,Franco,Inverno,14.92,32.46,63.05,9814.09,19.78,83.17,0.912,0
FAZ_02541,OrbSat_Field,Tomate,614.17,Gotejamento,Argiloso,Primavera,19.84,246.76,69.49,5729.52,15.67,83.94,0.697,1
FAZ_02542,Gaia_Vision,Tomate,622.99,Aspersao,Calcario,Inverno,19.76,130.79,83.87,5123.91,19.38,96.17,0.774,0
FAZ_02543,Sentinel_Agro,Tomate,264.87,Aspersao,Franco,Primavera,8.29,87.83,38.34,3035.5,37.19,58.69,0.691,0
FAZ_02544,AgroSat_BR,Tomate,557.73,Inundacao,Calcario,Inverno,16.15,131.6,36.04,10956.32,22.41,57.64,0.625,1
FAZ_02545,TerraScan_X,Arroz,752.26,Inundacao,Siltoso,Outono,12.86,107.86,72.39,11708.76,18.14,81.22,0.766,0
FAZ_02546,OrbSat_Field,Milho,483.12,Aspersao,Franco,Primavera,,64.81,62.27,4522.42,22.93,58.5,0.642,0
FAZ_02547,Sentinel_Agro,Cenoura,295.74,Sequeiro,Calcario,Outono,8.49,25.87,45.15,3353.24,22.24,56.76,0.686,0
FAZ_02548,Gaia_Vision,Milho,210.75,Gotejamento,Argiloso,Primavera,10.79,40.53,46.94,3167.43,35.47,59.34,0.694,0
FAZ_02549,OrbSat_Field,Arroz,427.56,Gotejamento,Calcario,Primavera,14.11,133.02,73.29,3384.75,18.45,89.74,0.787,0
FAZ_02550,Gaia_Vision,Cenoura,189.91,Manual,Argiloso,Primavera,5.91,34.26,51.53,1691.42,22.75,75.43,0.813,0
FAZ_02551,TerraScan_X,Cenoura,379.34,Gotejamento,Franco,Verao,5.17,94.7,60.22,6193.77,23.64,59.21,0.775,0
FAZ_02552,AgroSat_BR,Soja,307.04,Aspersao,Argiloso,Primavera,5.29,103.78,42.51,2508.42,32.59,52.32,0.693,0
FAZ_02553,OrbSat_Field,Cenoura,380.97,Aspersao,Franco,Inverno,10.18,75.87,66.97,4674.1,10.17,75.48,0.78,0
FAZ_02554,OrbSat_Field,Milho,561.97,Aspersao,Arenoso,Verao,13.01,74.23,68.71,7099.67,23.98,70.74,0.747,0
FAZ_02555,TerraScan_X,Tomate,448.77,Sequeiro,Organico,Inverno,19.26,147.43,35.44,3543.92,22.33,66.51,0.627,1
FAZ_02556,Sentinel_Agro,Tomate,606.17,Aspersao,Franco,Inverno,19.19,229.01,46.77,4044.99,28.14,63.25,0.504,1
FAZ_02557,AgroSat_BR,Batata,1071.48,Aspersao,Arenoso,Inverno,32.69,339.53,95.0,8305.38,27.09,62.26,0.54,1
FAZ_02558,OrbSat_Field,Soja,472.15,Gotejamento,Arenoso,Inverno,10.09,143.84,56.43,3436.17,26.27,61.82,0.582,0
FAZ_02559,AgroSat_BR,Milho,427.06,Gotejamento,Arenoso,Inverno,19.77,46.5,61.71,5963.07,22.51,85.64,0.841,0
FAZ_02560,OrbSat_Field,Milho,642.63,Aspersao,Arenoso,Outono,16.98,108.96,47.54,4342.17,25.7,61.76,0.614,1
FAZ_02561,AgroSat_BR,Trigo,318.98,Inundacao,Franco,Verao,11.54,89.98,50.24,9231.2,37.75,34.52,0.59,1
FAZ_02562,Gaia_Vision,Algodao,406.88,Manual,Argiloso,Inverno,5.2,151.7,54.85,2824.01,28.93,78.0,0.859,0
FAZ_02563,OrbSat_Field,Milho,406.08,Manual,Arenoso,Outono,12.04,116.3,51.93,5152.77,22.83,63.9,0.582,0
FAZ_02564,AgroSat_BR,Cana_de_Acucar,574.35,Gotejamento,Siltoso,Outono,15.54,177.0,63.28,2735.37,23.01,75.02,0.722,0
FAZ_02565,Sentinel_Agro,Milho,173.87,Gotejamento,Arenoso,Inverno,8.37,7.37,38.83,1747.76,12.78,76.11,0.759,0
FAZ_02566,Gaia_Vision,Trigo,329.16,Sequeiro,Argiloso,Primavera,11.9,39.22,54.94,2663.48,26.42,61.61,0.724,0
FAZ_02567,Gaia_Vision,Cenoura,758.4,Gotejamento,,Inverno,10.37,91.14,80.83,6428.75,22.59,63.93,0.624,0
FAZ_02568,Sentinel_Agro,Arroz,358.21,Sequeiro,Organico,Outono,4.61,74.01,54.16,2523.3,17.76,60.39,0.676,0
FAZ_02569,AgroSat_BR,Arroz,714.73,Manual,Organico,Inverno,11.23,124.69,76.93,4449.97,24.18,56.06,0.592,0
FAZ_02570,TerraScan_X,Cana_de_Acucar,597.26,Sequeiro,Arenoso,Outono,12.85,73.41,58.0,4679.41,18.87,59.56,0.708,0
FAZ_02571,Sentinel_Agro,Cana_de_Acucar,641.62,Aspersao,Arenoso,Inverno,12.98,154.29,82.02,12619.39,19.81,85.86,0.718,0
FAZ_02572,AgroSat_BR,Batata,632.6,Gotejamento,Calcario,Outono,18.09,210.65,70.17,6112.69,31.65,61.91,0.581,1
FAZ_02573,Sentinel_Agro,Arroz,351.06,Inundacao,Calcario,Inverno,4.09,76.7,44.15,10861.17,29.02,,,0
FAZ_02574,Sentinel_Agro,Cenoura,494.41,Manual,Organico,Primavera,6.42,47.35,76.8,7346.09,18.65,73.73,0.833,0
FAZ_02575,OrbSat_Field,Arroz,186.87,Gotejamento,Arenoso,Primavera,5.31,51.46,57.21,3142.92,21.33,98.0,0.947,0
FAZ_02576,AgroSat_BR,Algodao,494.64,Manual,Calcario,Outono,13.02,62.2,60.89,6929.58,30.69,50.97,,1
FAZ_02577,TerraScan_X,Arroz,995.35,Gotejamento,Siltoso,Primavera,12.31,239.96,70.54,11871.89,28.48,60.18,0.575,1
FAZ_02578,OrbSat_Field,Tomate,565.15,Aspersao,Franco,Primavera,25.58,137.68,73.79,6509.04,29.06,70.54,0.686,1
FAZ_02579,Sentinel_Agro,Batata,271.4,Sequeiro,Organico,Verao,7.15,118.21,43.71,3829.15,12.78,80.35,0.751,0
FAZ_02580,Sentinel_Agro,Trigo,310.78,Gotejamento,Organico,Inverno,6.73,48.67,56.51,3531.1,13.98,78.66,0.814,0
FAZ_02581,Sentinel_Agro,Cana_de_Acucar,601.95,Aspersao,Argiloso,Inverno,26.06,168.67,56.82,6354.43,24.13,76.01,0.641,1
FAZ_02582,AgroSat_BR,Algodao,312.98,Gotejamento,Arenoso,Primavera,12.09,164.12,34.39,3072.85,34.12,48.91,0.476,1
FAZ_02583,AgroSat_BR,Cana_de_Acucar,84.94,Gotejamento,Organico,Primavera,7.42,23.21,48.57,1076.81,21.28,77.61,0.849,0
FAZ_02584,OrbSat_Field,Batata,200.67,Gotejamento,Organico,Outono,2.03,63.79,36.58,2782.36,24.91,63.12,0.621,0
FAZ_02585,TerraScan_X,Milho,438.92,Gotejamento,Calcario,Inverno,17.23,85.68,50.35,2645.06,14.31,78.4,0.675,0
FAZ_02586,OrbSat_Field,Algodao,598.35,Aspersao,Siltoso,Verao,17.15,148.43,50.35,7255.51,39.44,44.49,0.411,1
FAZ_02587,Gaia_Vision,Soja,259.43,Manual,Arenoso,Verao,5.79,26.25,41.02,1187.0,23.69,57.14,0.579,0
FAZ_02588,Sentinel_Agro,Algodao,359.51,Sequeiro,Franco,Primavera,6.59,103.67,50.51,2659.53,30.21,48.07,0.576,0
FAZ_02589,Sentinel_Agro,Batata,399.38,Aspersao,Siltoso,Outono,11.06,113.8,63.3,2883.93,19.06,80.85,0.759,0
FAZ_02590,Sentinel_Agro,Trigo,440.22,Gotejamento,Franco,Outono,14.37,144.69,74.86,4076.22,10.9,98.0,0.782,0
FAZ_02591,OrbSat_Field,Algodao,256.84,Gotejamento,Argiloso,Inverno,10.74,102.69,42.53,800.0,23.23,57.76,0.595,0
FAZ_02592,OrbSat_Field,Batata,206.95,Manual,Organico,Primavera,6.09,74.97,44.46,2307.1,24.43,68.93,0.669,0
FAZ_02593,Sentinel_Agro,Cenoura,599.51,Inundacao,Calcario,Primavera,9.51,54.34,74.36,7363.6,28.53,66.26,0.751,0
FAZ_02594,OrbSat_Field,Arroz,290.12,Sequeiro,Siltoso,Outono,3.96,1.0,48.08,2965.38,26.22,58.13,0.718,0
FAZ_02595,AgroSat_BR,Cenoura,269.52,Gotejamento,Franco,Verao,3.22,22.81,48.06,1579.97,23.76,60.35,0.74,0
FAZ_02596,AgroSat_BR,Batata,436.05,Manual,Arenoso,Verao,18.97,177.98,49.67,4650.05,28.4,49.49,0.471,1
FAZ_02597,OrbSat_Field,Tomate,307.94,Aspersao,Argiloso,Inverno,17.56,103.9,44.92,2399.94,27.87,72.26,0.702,0
FAZ_02598,Sentinel_Agro,Milho,439.11,Sequeiro,Argiloso,Primavera,19.39,84.6,45.11,5847.13,29.48,51.03,0.635,1
FAZ_02599,OrbSat_Field,Arroz,261.99,Inundacao,Organico,Primavera,4.98,42.73,44.39,7300.4,28.36,56.41,0.709,1
FAZ_02600,OrbSat_Field,Tomate,268.45,Aspersao,Organico,Verao,9.85,60.5,35.56,2292.23,42.55,35.32,0.634,0
FAZ_02601,OrbSat_Field,Trigo,409.91,Inundacao,Franco,Primavera,14.88,38.8,64.44,8352.66,28.38,62.16,0.765,0
FAZ_02602,Gaia_Vision,Cana_de_Acucar,237.9,Manual,Franco,Primavera,12.18,36.09,60.05,1339.62,30.75,64.49,0.839,0
FAZ_02603,AgroSat_BR,Soja,424.09,Aspersao,Argiloso,Outono,14.13,39.59,56.14,5571.18,15.83,71.28,0.729,0
FAZ_02604,TerraScan_X,Arroz,232.2,Gotejamento,Franco,Inverno,6.24,53.61,49.57,800.0,26.94,62.31,0.653,0
FAZ_02605,TerraScan_X,Cenoura,483.13,Aspersao,Organico,Inverno,16.53,59.11,61.54,4334.99,23.22,58.42,0.66,0
FAZ_02606,Gaia_Vision,Milho,207.5,Gotejamento,Argiloso,Inverno,9.94,38.03,47.53,909.23,25.36,66.33,0.793,0
FAZ_02607,OrbSat_Field,Tomate,381.58,Aspersao,Argiloso,Outono,14.74,92.03,51.29,5357.35,26.34,69.03,0.683,0
FAZ_02608,Gaia_Vision,Batata,144.0,Sequeiro,Arenoso,Inverno,4.11,75.45,32.87,2075.45,26.06,62.05,0.716,0
FAZ_02609,Gaia_Vision,Arroz,299.28,Inundacao,Arenoso,Inverno,5.54,62.33,51.32,6875.64,22.5,74.42,0.653,0
FAZ_02610,Sentinel_Agro,Cana_de_Acucar,352.13,Inundacao,Franco,Verao,14.47,20.24,59.38,8954.01,31.17,65.49,0.694,0
FAZ_02611,AgroSat_BR,Batata,220.1,Inundacao,Franco,Verao,3.72,75.75,38.31,8016.97,40.7,48.86,0.627,1
FAZ_02612,TerraScan_X,Tomate,431.21,Manual,Organico,Inverno,13.56,188.09,38.87,2806.87,23.07,49.65,0.651,0
FAZ_02613,OrbSat_Field,Milho,423.09,Sequeiro,Organico,Outono,11.94,94.2,50.33,5452.62,34.89,55.14,0.676,0
FAZ_02614,TerraScan_X,Algodao,342.12,Inundacao,Arenoso,Outono,8.66,166.39,42.87,8050.29,28.43,45.75,0.517,1
FAZ_02615,TerraScan_X,Cana_de_Acucar,396.09,Aspersao,Argiloso,Outono,15.48,51.72,53.25,2748.8,33.53,59.37,0.649,0
FAZ_02616,AgroSat_BR,Batata,228.08,Aspersao,Siltoso,Primavera,2.39,68.47,47.16,2077.29,25.65,71.58,0.733,0
FAZ_02617,TerraScan_X,Cana_de_Acucar,411.91,Aspersao,Calcario,Primavera,19.93,89.27,59.81,4292.73,21.56,69.9,0.75,0
FAZ_02618,TerraScan_X,Trigo,629.33,Aspersao,Calcario,Outono,15.91,104.65,65.33,5120.92,21.67,87.21,0.707,0
FAZ_02619,Gaia_Vision,Batata,326.35,Aspersao,Siltoso,Verao,14.16,72.23,50.17,963.71,28.4,63.39,0.692,0
FAZ_02620,AgroSat_BR,Arroz,416.05,Inundacao,Franco,Primavera,10.17,50.12,51.44,8952.38,12.95,76.23,0.879,0
FAZ_02621,Sentinel_Agro,Algodao,461.07,Inundacao,Calcario,Outono,6.1,139.03,73.1,6332.5,19.6,80.01,0.817,1
FAZ_02622,OrbSat_Field,Algodao,601.29,Gotejamento,Calcario,Primavera,22.5,271.05,76.2,3849.51,31.36,55.29,0.625,1
FAZ_02623,TerraScan_X,Soja,536.23,Sequeiro,Siltoso,Primavera,20.48,45.03,48.76,6296.55,30.47,53.23,0.654,1
FAZ_02624,OrbSat_Field,Cana_de_Acucar,630.69,Aspersao,Siltoso,Primavera,14.36,119.01,68.93,5364.39,27.29,77.39,0.659,0
FAZ_02625,Sentinel_Agro,Cenoura,851.66,Inundacao,Arenoso,Primavera,32.55,143.31,72.98,9438.77,36.96,53.09,0.516,1
FAZ_02626,OrbSat_Field,Algodao,421.44,Manual,Argiloso,Outono,9.21,131.84,47.94,3026.48,21.01,66.59,0.683,0
FAZ_02627,Sentinel_Agro,Algodao,353.84,Inundacao,Organico,Primavera,12.78,160.07,40.22,8049.58,27.83,44.58,0.58,1
FAZ_02628,Gaia_Vision,Trigo,238.8,Aspersao,Arenoso,Inverno,4.17,60.43,39.35,2518.9,25.38,66.89,0.699,0
FAZ_02629,TerraScan_X,Trigo,314.24,Manual,Calcario,Outono,4.7,54.59,45.64,3945.9,23.65,52.32,0.689,0
FAZ_02630,Sentinel_Agro,Trigo,371.52,Gotejamento,Organico,Outono,13.33,29.38,54.35,4111.46,22.41,80.0,0.812,0
FAZ_02631,OrbSat_Field,Cana_de_Acucar,439.18,Inundacao,Arenoso,Outono,24.46,97.06,41.54,7650.73,24.72,62.38,0.61,1
FAZ_02632,TerraScan_X,Batata,482.57,Aspersao,Arenoso,Primavera,9.46,163.2,46.82,3295.04,22.37,56.82,0.501,1
FAZ_02633,Gaia_Vision,Milho,312.73,Inundacao,Siltoso,Outono,13.16,17.59,37.9,5687.27,38.32,30.62,0.492,0
FAZ_02634,TerraScan_X,Cenoura,234.77,Gotejamento,Organico,Verao,6.76,46.89,40.39,959.74,29.42,58.46,0.673,0
FAZ_02635,Sentinel_Agro,Algodao,188.32,Manual,Arenoso,Inverno,6.16,136.6,25.78,1879.42,24.15,50.38,0.553,1
FAZ_02636,Gaia_Vision,Soja,595.89,Gotejamento,,Verao,19.98,111.01,82.77,6713.05,27.77,61.46,0.699,1
FAZ_02637,OrbSat_Field,Cenoura,672.16,Sequeiro,Franco,Inverno,19.34,194.82,41.92,4256.66,32.79,57.83,0.596,1
FAZ_02638,Gaia_Vision,Batata,533.89,Sequeiro,Organico,Inverno,16.35,211.18,60.9,4570.2,21.26,57.43,0.569,1
FAZ_02639,Gaia_Vision,Cenoura,591.06,Aspersao,Arenoso,Primavera,20.15,116.67,57.04,5990.99,17.36,84.66,0.713,0
FAZ_02640,AgroSat_BR,Algodao,233.46,Aspersao,Calcario,Inverno,3.17,115.95,40.12,3518.84,15.95,74.89,0.824,0
FAZ_02641,Gaia_Vision,Cenoura,575.03,Manual,Franco,Inverno,17.41,56.81,76.73,5867.16,26.42,62.99,0.727,0
FAZ_02642,Gaia_Vision,Milho,319.12,Gotejamento,Siltoso,Verao,13.24,55.02,45.65,1585.04,31.15,48.56,0.627,0
FAZ_02643,TerraScan_X,Cenoura,596.88,Gotejamento,Arenoso,Inverno,14.21,60.71,78.53,6588.55,26.89,76.18,0.783,0
FAZ_02644,OrbSat_Field,Algodao,338.71,Gotejamento,Calcario,Outono,7.11,119.79,49.6,2390.15,31.44,74.4,0.821,0
FAZ_02645,TerraScan_X,Algodao,250.85,Inundacao,Siltoso,Outono,7.34,107.66,46.5,6048.36,23.59,60.23,0.71,1
FAZ_02646,TerraScan_X,Cenoura,194.4,Gotejamento,Siltoso,Inverno,2.78,41.42,40.21,1942.88,20.98,68.94,0.812,0
FAZ_02647,Sentinel_Agro,Cana_de_Acucar,1074.74,Aspersao,,Outono,26.71,354.59,66.33,10187.0,23.01,72.31,0.502,1
FAZ_02648,TerraScan_X,Soja,483.8,Inundacao,Siltoso,Primavera,18.33,85.12,63.99,8595.36,27.91,56.23,0.755,1
FAZ_02649,AgroSat_BR,Tomate,318.97,Gotejamento,Organico,Outono,10.15,97.88,65.23,4246.42,16.68,74.43,0.83,0
FAZ_02650,AgroSat_BR,Trigo,783.28,Gotejamento,Franco,Primavera,26.76,65.3,92.97,9094.05,24.3,91.6,0.878,0
FAZ_02651,Sentinel_Agro,Tomate,515.72,Sequeiro,Franco,Inverno,15.0,202.36,68.12,6150.08,18.58,77.74,0.679,1
FAZ_02652,OrbSat_Field,Batata,658.55,Inundacao,Argiloso,Primavera,17.61,238.97,78.75,9627.09,25.84,64.2,0.619,1
FAZ_02653,OrbSat_Field,Batata,206.54,Aspersao,Arenoso,Primavera,4.2,109.78,43.33,3268.69,23.19,74.01,0.689,0
FAZ_02654,TerraScan_X,Algodao,645.03,Gotejamento,Siltoso,Inverno,,114.54,51.98,4988.69,23.85,56.09,0.748,0
FAZ_02655,TerraScan_X,Batata,357.76,Inundacao,Arenoso,Inverno,8.51,159.95,49.07,8666.94,28.54,54.41,0.618,1
FAZ_02656,TerraScan_X,Cana_de_Acucar,166.26,Gotejamento,Franco,Primavera,9.22,64.43,42.98,800.0,33.44,55.74,0.646,0
FAZ_02657,OrbSat_Field,Soja,864.91,Sequeiro,Franco,Verao,30.28,200.06,59.4,6097.92,28.21,68.0,0.615,1
FAZ_02658,Gaia_Vision,Batata,445.44,Inundacao,Siltoso,Inverno,16.73,230.45,58.07,8367.55,27.49,49.91,0.431,1
FAZ_02659,AgroSat_BR,Milho,560.79,Sequeiro,Organico,Inverno,18.79,92.98,66.14,10217.94,7.04,85.5,0.939,0
FAZ_02660,Gaia_Vision,Soja,417.7,Manual,Calcario,Verao,6.1,98.54,53.97,2154.04,33.55,45.03,0.624,0
FAZ_02661,Gaia_Vision,Cana_de_Acucar,401.78,Aspersao,Siltoso,Outono,13.85,85.73,62.44,1656.59,17.17,80.81,0.706,0
FAZ_02662,OrbSat_Field,Tomate,448.39,Inundacao,Siltoso,Verao,17.5,141.22,38.99,7411.11,36.43,43.47,0.511,1
FAZ_02663,Gaia_Vision,Soja,354.38,Manual,Argiloso,Outono,5.16,50.49,48.62,2707.18,32.76,55.08,0.594,0
FAZ_02664,Sentinel_Agro,Soja,255.78,Inundacao,Calcario,Verao,,17.51,41.11,6233.4,34.3,52.82,0.707,1
FAZ_02665,TerraScan_X,Tomate,500.42,Gotejamento,Organico,Primavera,16.98,141.1,50.0,3304.26,23.14,75.79,0.689,0
FAZ_02666,Sentinel_Agro,Cana_de_Acucar,704.02,Aspersao,Arenoso,Inverno,20.19,112.76,77.66,7907.03,15.29,89.95,0.75,0
FAZ_02667,AgroSat_BR,Batata,677.16,Gotejamento,Calcario,Verao,13.22,134.51,66.91,6491.57,30.41,69.96,0.773,0
FAZ_02668,TerraScan_X,Algodao,233.09,Manual,Organico,Inverno,5.19,102.31,47.55,800.0,20.1,75.25,0.765,0
FAZ_02669,Gaia_Vision,Tomate,687.29,Inundacao,Siltoso,Outono,31.07,110.13,70.8,7085.76,25.33,74.64,0.754,1
FAZ_02670,AgroSat_BR,Tomate,302.59,Sequeiro,Siltoso,Primavera,12.68,99.82,35.51,3045.57,26.42,58.9,0.638,0
FAZ_02671,TerraScan_X,Tomate,272.28,Inundacao,Siltoso,Inverno,11.2,77.37,45.31,5273.22,28.0,58.19,0.672,0
FAZ_02672,Gaia_Vision,Tomate,155.88,Manual,Siltoso,Verao,11.3,99.18,33.09,1696.03,25.87,50.57,0.645,0
FAZ_02673,Sentinel_Agro,Batata,383.77,Aspersao,Siltoso,Verao,,53.28,66.88,3555.74,23.17,66.73,0.836,0
FAZ_02674,TerraScan_X,Cenoura,384.71,Aspersao,Calcario,Primavera,12.69,87.99,65.23,4382.93,25.15,51.15,0.638,0
FAZ_02675,Gaia_Vision,Cenoura,448.37,Sequeiro,Calcario,Outono,13.04,56.28,47.48,3979.14,24.71,,0.734,0
FAZ_02676,Sentinel_Agro,Arroz,269.59,Manual,Calcario,Primavera,10.64,49.83,45.41,1697.63,26.02,57.19,0.708,0
FAZ_02677,AgroSat_BR,Tomate,377.88,Inundacao,Organico,Primavera,15.44,69.24,46.78,9324.4,27.06,72.33,0.765,1
FAZ_02678,AgroSat_BR,Tomate,305.19,Aspersao,Siltoso,Inverno,13.7,86.68,53.86,2050.56,21.4,75.54,0.932,0
FAZ_02679,AgroSat_BR,Soja,447.97,Inundacao,Franco,Outono,6.1,46.86,53.26,9303.38,20.33,59.45,,0
FAZ_02680,AgroSat_BR,Cenoura,623.43,Sequeiro,Calcario,Primavera,12.31,112.2,56.27,4939.12,26.7,45.68,0.586,0
FAZ_02681,OrbSat_Field,Batata,633.36,Gotejamento,Franco,Inverno,13.81,216.94,55.47,5048.99,30.21,44.75,0.529,1
FAZ_02682,TerraScan_X,Algodao,668.27,Manual,Argiloso,Inverno,20.48,230.77,72.43,6329.07,21.18,54.28,0.541,1
FAZ_02683,TerraScan_X,Arroz,216.47,Aspersao,Arenoso,Outono,5.1,80.12,49.22,2009.32,26.47,72.42,0.765,0
FAZ_02684,OrbSat_Field,Arroz,338.0,Gotejamento,Calcario,Outono,11.49,2.48,57.09,1944.16,32.54,67.15,0.795,0
FAZ_02685,Gaia_Vision,Batata,296.87,Manual,Franco,Inverno,4.44,130.82,49.22,2131.21,15.66,73.21,0.692,0
FAZ_02686,Gaia_Vision,Algodao,173.72,Gotejamento,Argiloso,Outono,6.63,79.59,48.13,2358.55,24.54,72.25,0.78,0
FAZ_02687,AgroSat_BR,Soja,408.6,Aspersao,Organico,Inverno,14.14,75.72,51.92,1441.44,27.82,54.75,0.677,0
FAZ_02688,Sentinel_Agro,Trigo,484.76,Manual,Arenoso,Outono,14.79,67.53,51.92,4578.69,30.0,47.05,0.614,0
FAZ_02689,Gaia_Vision,Cenoura,658.46,Manual,Siltoso,Outono,9.4,49.38,67.24,5315.29,29.76,49.46,0.623,0
FAZ_02690,Sentinel_Agro,Tomate,385.07,Aspersao,Calcario,Outono,9.6,181.73,60.68,4157.65,11.31,88.25,0.792,0
FAZ_02691,TerraScan_X,Batata,551.34,Sequeiro,Calcario,Verao,10.91,217.31,56.64,6109.25,26.11,49.36,,1
FAZ_02692,Sentinel_Agro,Cenoura,173.21,Gotejamento,Siltoso,Outono,3.24,56.99,47.83,1460.69,16.44,84.49,0.738,0
FAZ_02693,TerraScan_X,Tomate,155.67,Sequeiro,Organico,Verao,6.09,66.61,21.75,2104.45,38.71,35.58,0.561,1
FAZ_02694,OrbSat_Field,Trigo,297.91,Manual,Arenoso,Inverno,6.74,47.13,42.22,1392.86,24.18,72.42,0.682,0
FAZ_02695,OrbSat_Field,Trigo,417.05,Aspersao,Calcario,Primavera,5.66,82.52,63.24,5777.91,24.94,60.84,0.737,0
FAZ_02696,AgroSat_BR,Cana_de_Acucar,331.73,Gotejamento,Franco,Primavera,18.52,122.83,51.44,2980.85,20.72,,,0
FAZ_02697,Gaia_Vision,Trigo,555.67,Aspersao,Arenoso,Primavera,10.46,94.89,63.46,5333.81,23.11,78.13,0.683,0
FAZ_02698,AgroSat_BR,Cenoura,816.42,Gotejamento,Argiloso,Inverno,15.5,74.89,89.13,7487.82,34.32,59.55,0.655,1
FAZ_02699,TerraScan_X,Milho,502.16,Inundacao,Calcario,Outono,26.29,92.45,67.57,7433.2,25.22,62.05,0.789,0
FAZ_02700,AgroSat_BR,Milho,329.75,Aspersao,Organico,Verao,14.61,68.69,64.95,3296.59,26.5,73.81,0.759,0
FAZ_02701,Sentinel_Agro,Tomate,278.29,Aspersao,Franco,Inverno,12.86,147.75,49.29,1804.54,14.15,81.78,0.75,0
FAZ_02702,TerraScan_X,Tomate,201.44,Manual,Arenoso,Primavera,10.58,114.81,37.19,2797.64,36.19,59.33,0.624,0
FAZ_02703,OrbSat_Field,Cana_de_Acucar,383.34,Gotejamento,Arenoso,Primavera,10.01,20.14,46.18,2128.26,25.08,64.54,0.649,0
FAZ_02704,Gaia_Vision,Milho,815.48,Inundacao,Franco,Primavera,30.16,155.86,77.51,13000.55,23.1,63.7,0.696,1
FAZ_02705,TerraScan_X,Tomate,431.52,Gotejamento,Argiloso,Primavera,10.41,87.84,70.62,5464.4,17.18,84.98,0.745,0
FAZ_02706,TerraScan_X,Trigo,378.29,Manual,Argiloso,Verao,8.71,28.72,57.22,3673.5,24.68,73.98,0.848,0
FAZ_02707,Sentinel_Agro,Tomate,447.26,Inundacao,Arenoso,Primavera,19.63,137.03,36.96,8199.59,32.35,44.67,0.461,1
FAZ_02708,Gaia_Vision,Arroz,492.67,Manual,Siltoso,Verao,14.24,165.17,44.69,7428.26,20.65,63.12,0.627,1
FAZ_02709,OrbSat_Field,Cana_de_Acucar,118.03,Gotejamento,Franco,Primavera,9.51,22.75,46.52,1400.84,17.62,77.51,0.891,0
FAZ_02710,TerraScan_X,Batata,1043.99,Gotejamento,Calcario,Inverno,28.45,356.65,70.78,13591.9,18.97,76.41,0.501,1
FAZ_02711,TerraScan_X,Algodao,109.9,Gotejamento,Argiloso,Verao,3.1,85.27,33.22,1902.51,33.05,63.46,0.684,0
FAZ_02712,Sentinel_Agro,Soja,349.69,Gotejamento,Calcario,Verao,9.51,86.74,55.9,5492.55,30.86,72.04,0.714,0
FAZ_02713,AgroSat_BR,Algodao,449.64,Gotejamento,Argiloso,Inverno,15.17,121.15,49.8,2842.36,18.01,80.7,0.787,0
FAZ_02714,OrbSat_Field,Algodao,353.53,Inundacao,Argiloso,Primavera,6.94,51.96,47.12,8839.78,21.8,61.62,0.647,0
FAZ_02715,Gaia_Vision,Batata,407.76,Inundacao,Organico,Primavera,15.59,184.06,54.63,6858.27,21.41,72.0,0.632,1
FAZ_02716,TerraScan_X,Tomate,295.48,Manual,Calcario,Outono,10.95,104.17,55.53,1802.92,24.62,83.47,0.81,0
FAZ_02717,TerraScan_X,Algodao,313.67,Aspersao,Siltoso,Outono,5.83,95.43,58.89,2149.5,20.14,71.28,0.85,0
FAZ_02718,OrbSat_Field,Arroz,376.23,Inundacao,Argiloso,Verao,13.05,44.09,42.85,7485.73,31.79,48.71,0.663,1
FAZ_02719,AgroSat_BR,Soja,536.19,Sequeiro,Siltoso,Outono,19.05,126.86,44.14,3888.09,32.78,43.67,0.543,1
FAZ_02720,TerraScan_X,Algodao,411.8,Inundacao,Arenoso,Inverno,5.73,162.73,58.79,9037.04,27.7,70.77,0.607,1
FAZ_02721,OrbSat_Field,Milho,615.11,Inundacao,Arenoso,Inverno,16.45,86.38,65.73,7971.78,11.6,66.93,0.785,0
FAZ_02722,Sentinel_Agro,Batata,520.96,Sequeiro,Organico,Inverno,8.4,179.5,60.88,4786.59,15.01,68.12,0.699,0
FAZ_02723,AgroSat_BR,Batata,619.15,Sequeiro,Siltoso,Verao,15.96,164.9,43.88,3706.77,33.14,,0.536,1
FAZ_02724,Gaia_Vision,Batata,338.1,Aspersao,Franco,Inverno,10.23,145.89,38.67,3401.59,22.12,63.32,0.525,0
FAZ_02725,TerraScan_X,Cana_de_Acucar,256.55,Inundacao,Organico,Verao,9.46,46.92,42.6,6991.48,31.53,59.96,,0
FAZ_02726,OrbSat_Field,Cana_de_Acucar,248.79,Aspersao,Argiloso,Verao,10.37,82.01,49.36,3042.27,39.21,53.98,0.656,0
FAZ_02727,Sentinel_Agro,Trigo,444.09,Manual,Arenoso,Inverno,5.76,36.59,44.95,4900.1,34.6,29.33,0.502,0
FAZ_02728,Gaia_Vision,Cenoura,220.2,Sequeiro,Arenoso,Inverno,4.94,67.21,39.49,1382.3,25.86,70.78,0.715,0
FAZ_02729,OrbSat_Field,Soja,683.55,Aspersao,Franco,Verao,22.23,181.58,61.43,9790.11,21.19,82.86,0.828,1
FAZ_02730,OrbSat_Field,Tomate,226.35,Manual,Organico,Inverno,9.06,130.1,44.84,2550.99,20.12,59.68,0.647,0
FAZ_02731,Gaia_Vision,Algodao,659.04,Inundacao,Siltoso,Outono,17.95,220.64,67.02,9317.06,33.46,45.66,0.493,1
FAZ_02732,Sentinel_Agro,Cenoura,327.57,Aspersao,Arenoso,Verao,7.84,35.07,44.19,2604.7,40.77,48.9,0.595,0
FAZ_02733,Sentinel_Agro,Tomate,425.19,Manual,Argiloso,Primavera,16.31,178.78,42.04,4284.92,23.87,70.01,0.675,1
FAZ_02734,AgroSat_BR,Cenoura,721.79,Aspersao,Franco,Verao,27.58,110.62,51.03,5762.31,33.22,65.44,0.726,0
FAZ_02735,TerraScan_X,Tomate,283.37,Gotejamento,Franco,Inverno,13.53,146.23,53.83,1957.38,25.38,71.73,0.694,0
FAZ_02736,Gaia_Vision,Arroz,376.73,Sequeiro,Calcario,Inverno,11.23,58.95,43.03,5126.27,26.41,68.92,0.678,0
FAZ_02737,Gaia_Vision,Cana_de_Acucar,436.04,Aspersao,Franco,Verao,14.67,57.19,54.44,6031.99,36.96,46.57,0.566,1
FAZ_02738,Gaia_Vision,Soja,385.73,Inundacao,Argiloso,Verao,12.34,42.18,45.02,7192.58,14.42,63.78,0.767,0
FAZ_02739,Sentinel_Agro,Milho,193.1,Manual,,Primavera,10.56,48.06,39.93,864.38,29.39,69.95,0.711,0
FAZ_02740,TerraScan_X,Arroz,535.71,Sequeiro,Siltoso,Primavera,12.8,71.66,52.19,3127.04,24.61,56.85,0.655,0
FAZ_02741,AgroSat_BR,Cana_de_Acucar,409.43,Sequeiro,Calcario,Verao,13.39,97.3,53.51,4937.6,31.32,52.36,0.515,0
FAZ_02742,OrbSat_Field,Batata,250.52,Inundacao,Siltoso,Inverno,7.18,149.16,57.17,7620.23,15.44,69.46,0.732,0
FAZ_02743,OrbSat_Field,Cana_de_Acucar,407.82,Inundacao,Organico,Verao,15.64,60.7,56.27,6217.81,25.23,57.22,0.647,1
FAZ_02744,Gaia_Vision,Cenoura,486.58,Aspersao,Organico,Outono,16.62,78.97,67.77,3005.01,23.63,70.83,0.616,0
FAZ_02745,TerraScan_X,Trigo,413.57,Aspersao,Siltoso,Outono,5.12,55.71,56.67,3696.98,28.71,63.21,0.759,0
FAZ_02746,Sentinel_Agro,Arroz,702.07,Sequeiro,Argiloso,Inverno,25.8,118.91,58.62,7621.98,12.65,81.09,0.682,0
FAZ_02747,TerraScan_X,Batata,158.15,Manual,Calcario,Verao,4.92,121.62,46.88,2087.46,30.46,72.26,0.644,0
FAZ_02748,TerraScan_X,Cenoura,272.83,Gotejamento,Organico,Verao,12.08,29.68,43.75,1791.01,40.02,51.36,,0
FAZ_02749,Sentinel_Agro,Soja,509.85,Gotejamento,Franco,Outono,18.71,40.38,75.43,4379.58,38.35,64.73,0.704,0
FAZ_02750,Gaia_Vision,Cana_de_Acucar,324.73,Sequeiro,Siltoso,Verao,12.65,91.82,46.67,3060.94,30.72,55.71,0.755,0
FAZ_02751,TerraScan_X,Batata,181.65,Manual,Arenoso,Inverno,2.65,24.38,36.07,1540.61,19.2,63.99,0.617,0
FAZ_02752,OrbSat_Field,Cenoura,770.54,Aspersao,Argiloso,Inverno,13.65,120.46,91.29,9434.0,19.02,66.04,0.779,0
FAZ_02753,Sentinel_Agro,Trigo,267.29,Inundacao,Argiloso,Primavera,8.0,32.79,54.5,7234.82,29.09,52.41,0.618,1
FAZ_02754,AgroSat_BR,Cana_de_Acucar,315.69,Aspersao,Siltoso,Inverno,9.92,27.47,36.52,3328.68,24.89,44.64,0.619,0
FAZ_02755,Gaia_Vision,Soja,391.66,Manual,Arenoso,Verao,14.16,117.43,52.88,2635.01,28.55,62.55,0.554,0
FAZ_02756,Sentinel_Agro,Trigo,753.43,Inundacao,Argiloso,Verao,20.04,82.25,60.69,15003.75,25.45,63.58,0.763,0
FAZ_02757,AgroSat_BR,Tomate,407.68,Inundacao,Calcario,Outono,8.96,184.88,56.57,5399.44,18.17,68.43,0.732,0
FAZ_02758,AgroSat_BR,Cenoura,311.34,Aspersao,Organico,Outono,7.76,61.5,40.7,3594.78,24.13,60.91,0.677,0
FAZ_02759,TerraScan_X,Cana_de_Acucar,1198.93,Aspersao,Calcario,Inverno,34.52,300.95,95.0,9832.81,28.23,66.51,0.516,1
FAZ_02760,TerraScan_X,Cana_de_Acucar,473.99,Gotejamento,Arenoso,Primavera,10.84,168.16,51.08,5249.71,20.51,76.43,0.558,0
FAZ_02761,TerraScan_X,Batata,431.04,Sequeiro,Calcario,Verao,9.03,194.86,36.63,3139.27,27.06,59.12,0.65,0
FAZ_02762,Sentinel_Agro,Soja,190.61,Sequeiro,Franco,Primavera,4.74,29.87,26.66,1382.14,24.2,55.56,0.64,0
FAZ_02763,Sentinel_Agro,Milho,485.06,Manual,Organico,Verao,17.63,85.49,64.51,5695.7,25.26,61.65,0.609,0
FAZ_02764,Gaia_Vision,Tomate,598.76,Sequeiro,Arenoso,Inverno,15.14,137.01,56.22,5420.95,33.26,40.24,,1
FAZ_02765,TerraScan_X,Trigo,202.3,Inundacao,Siltoso,Inverno,,4.02,50.74,6565.4,24.32,67.71,0.758,0
FAZ_02766,AgroSat_BR,Arroz,731.05,Gotejamento,Argiloso,Outono,24.03,211.49,82.47,5557.42,29.9,68.27,0.573,1
FAZ_02767,OrbSat_Field,Arroz,1073.78,Manual,Organico,Primavera,11.33,196.22,84.77,13532.42,18.24,84.64,0.711,1
FAZ_02768,Gaia_Vision,Cana_de_Acucar,772.96,Aspersao,Siltoso,Outono,26.69,172.39,75.33,8333.78,23.6,61.24,0.57,1
FAZ_02769,Sentinel_Agro,Batata,283.56,Aspersao,Arenoso,Inverno,7.98,78.21,56.08,4210.81,25.59,64.87,0.669,0
FAZ_02770,Gaia_Vision,Algodao,744.88,Aspersao,Franco,Primavera,23.54,159.88,93.76,5267.33,26.93,65.92,0.721,0
FAZ_02771,Gaia_Vision,Cana_de_Acucar,548.35,Aspersao,Argiloso,Verao,9.69,167.73,35.04,6100.26,45.0,38.68,0.347,1
FAZ_02772,Gaia_Vision,Arroz,358.99,Inundacao,Argiloso,Outono,12.47,55.82,40.69,8891.25,29.54,,0.653,1
FAZ_02773,Gaia_Vision,Arroz,672.63,Gotejamento,Organico,Inverno,13.49,130.4,67.39,7574.58,17.4,74.96,0.802,1
FAZ_02774,OrbSat_Field,Tomate,497.73,Gotejamento,Siltoso,Verao,7.35,133.6,44.31,3884.35,30.33,51.46,0.609,1
FAZ_02775,TerraScan_X,Algodao,413.17,Inundacao,Arenoso,Inverno,12.03,171.0,61.24,8279.85,23.59,71.14,0.692,1
FAZ_02776,AgroSat_BR,Cana_de_Acucar,326.12,Manual,Arenoso,Verao,18.66,53.73,48.91,4638.37,36.4,46.61,0.621,1
FAZ_02777,Gaia_Vision,Tomate,291.2,Inundacao,Siltoso,Outono,10.94,188.52,56.22,4672.91,10.37,80.78,0.724,0
FAZ_02778,Gaia_Vision,Batata,446.85,Gotejamento,Argiloso,Verao,10.85,90.01,54.58,1756.4,24.9,72.09,0.656,0
FAZ_02779,Gaia_Vision,Tomate,348.16,Aspersao,Siltoso,Primavera,11.38,152.49,57.33,2093.66,27.08,69.55,0.586,0
FAZ_02780,TerraScan_X,Cana_de_Acucar,497.53,Manual,Calcario,Verao,9.33,104.07,68.29,6370.36,16.14,76.46,0.684,0
FAZ_02781,Sentinel_Agro,Cenoura,674.69,Inundacao,Arenoso,Inverno,21.81,94.65,78.19,9503.41,28.38,53.41,0.644,1
FAZ_02782,Sentinel_Agro,Milho,392.99,Gotejamento,Siltoso,Verao,19.07,65.81,60.44,1811.99,30.83,82.65,0.806,0
FAZ_02783,OrbSat_Field,Cana_de_Acucar,314.0,Sequeiro,Argiloso,Outono,10.54,89.8,42.66,4168.75,24.3,61.51,0.695,0
FAZ_02784,Sentinel_Agro,Soja,501.18,Gotejamento,Organico,Inverno,7.81,134.0,64.39,4928.82,12.56,75.96,0.744,0
FAZ_02785,Gaia_Vision,Arroz,340.02,Gotejamento,Calcario,Inverno,8.74,31.15,51.66,4846.76,30.99,51.17,0.658,0
FAZ_02786,Gaia_Vision,Algodao,515.84,Aspersao,Argiloso,Inverno,16.46,153.21,64.75,3964.1,13.35,69.02,0.666,0
FAZ_02787,Gaia_Vision,Algodao,223.9,Aspersao,Franco,Inverno,5.13,82.04,56.91,2474.08,27.97,97.08,0.95,0
FAZ_02788,OrbSat_Field,Milho,570.49,Sequeiro,Franco,Primavera,14.34,72.04,39.98,3340.82,38.59,48.36,0.596,1
FAZ_02789,Gaia_Vision,Soja,545.49,Gotejamento,Siltoso,Inverno,14.5,102.9,61.67,3890.44,31.71,55.98,0.657,0
FAZ_02790,Sentinel_Agro,Arroz,398.14,Aspersao,Argiloso,Inverno,9.16,42.19,64.55,2645.81,22.7,64.23,0.695,0
FAZ_02791,TerraScan_X,Algodao,454.04,Aspersao,Argiloso,Inverno,5.2,100.36,72.52,4836.27,19.66,81.46,0.777,0
FAZ_02792,TerraScan_X,Soja,544.05,Aspersao,Arenoso,Outono,17.4,131.49,75.37,6659.35,30.76,55.97,0.634,1
FAZ_02793,AgroSat_BR,Tomate,753.39,Gotejamento,Organico,Outono,31.92,169.87,84.38,7793.14,24.58,73.89,0.684,1
FAZ_02794,Sentinel_Agro,Cana_de_Acucar,256.88,Gotejamento,Calcario,Inverno,13.84,69.51,52.33,800.0,23.05,77.73,0.753,0
FAZ_02795,Gaia_Vision,Cana_de_Acucar,477.68,Aspersao,Argiloso,Primavera,17.28,62.31,54.66,5775.77,17.98,79.65,0.868,0
FAZ_02796,TerraScan_X,Cenoura,206.75,Inundacao,Calcario,Verao,3.03,27.95,41.4,7569.53,35.4,32.95,0.652,1
FAZ_02797,Sentinel_Agro,Arroz,251.28,Manual,Siltoso,Primavera,8.35,68.62,55.45,1767.42,21.14,,0.941,0
FAZ_02798,TerraScan_X,Soja,685.57,Inundacao,Arenoso,Inverno,10.53,180.95,59.37,9539.75,29.55,61.64,0.573,1
FAZ_02799,Gaia_Vision,Trigo,227.09,Inundacao,Calcario,Inverno,5.05,86.04,58.74,6177.56,13.57,92.65,0.804,0
FAZ_02800,TerraScan_X,Algodao,506.49,Aspersao,Calcario,Primavera,8.04,126.3,56.73,4811.95,22.06,78.17,0.702,0
FAZ_02801,AgroSat_BR,Batata,314.72,Sequeiro,Calcario,Inverno,5.79,104.54,39.85,5903.32,19.79,60.52,0.643,0
FAZ_02802,AgroSat_BR,Batata,212.64,Aspersao,Calcario,Verao,7.74,92.26,38.14,1854.22,26.56,64.69,0.734,0
FAZ_02803,TerraScan_X,Cana_de_Acucar,250.39,Aspersao,Calcario,Outono,11.18,55.12,41.32,2853.71,21.84,71.91,0.712,0
FAZ_02804,Sentinel_Agro,Trigo,276.93,Inundacao,Arenoso,Verao,9.58,68.75,50.04,6413.42,30.69,52.77,0.635,1
FAZ_02805,Sentinel_Agro,Batata,619.15,Inundacao,Siltoso,Verao,16.4,121.14,65.39,8564.99,26.41,54.4,0.55,1
FAZ_02806,Sentinel_Agro,Milho,277.75,Aspersao,Calcario,Verao,8.31,89.98,47.9,3647.21,25.65,71.33,0.723,0
FAZ_02807,TerraScan_X,Milho,316.01,Gotejamento,Calcario,Primavera,9.4,80.41,53.84,1710.55,23.62,65.89,0.661,0
FAZ_02808,Sentinel_Agro,Arroz,342.1,Gotejamento,Siltoso,Primavera,5.3,62.2,51.12,3056.31,30.41,77.47,0.759,0
FAZ_02809,Gaia_Vision,Trigo,339.88,Manual,Argiloso,Verao,12.95,72.23,52.78,4771.98,37.59,34.59,0.621,0
FAZ_02810,AgroSat_BR,Milho,652.65,Gotejamento,Argiloso,Primavera,16.17,170.57,69.56,7829.24,21.42,72.17,0.586,1
FAZ_02811,Gaia_Vision,Milho,173.12,Inundacao,Arenoso,Inverno,7.89,37.64,45.28,7144.56,22.49,56.09,0.689,1
FAZ_02812,Sentinel_Agro,Cana_de_Acucar,610.31,Gotejamento,Arenoso,Outono,13.89,54.82,65.09,6762.96,27.38,64.93,0.691,0
FAZ_02813,Gaia_Vision,Batata,392.5,Gotejamento,Organico,Primavera,8.67,103.87,48.52,3512.16,33.75,67.28,0.705,0
FAZ_02814,Sentinel_Agro,Arroz,531.25,Aspersao,Arenoso,Primavera,15.22,95.09,64.78,2420.09,37.49,60.23,0.659,0
FAZ_02815,TerraScan_X,Soja,262.34,Gotejamento,Siltoso,Verao,3.47,72.47,56.73,3071.23,16.27,93.82,0.876,0
FAZ_02816,Gaia_Vision,Tomate,291.99,Gotejamento,Calcario,Outono,10.04,106.39,55.29,1394.9,13.98,70.13,0.654,0
FAZ_02817,TerraScan_X,Algodao,388.27,Inundacao,Siltoso,Inverno,13.83,143.71,61.19,8064.66,20.4,52.53,0.759,1
FAZ_02818,TerraScan_X,Algodao,273.0,Aspersao,Organico,Inverno,7.58,76.27,47.23,3012.31,14.08,72.4,0.696,0
FAZ_02819,OrbSat_Field,Tomate,246.45,Manual,Franco,Outono,9.08,92.09,49.82,2383.29,19.92,54.86,0.723,0
FAZ_02820,Sentinel_Agro,Tomate,179.16,Gotejamento,Franco,Inverno,9.56,116.52,41.89,800.0,12.18,87.79,0.734,0
FAZ_02821,AgroSat_BR,Algodao,289.86,Sequeiro,Siltoso,Outono,4.72,140.85,44.15,3147.3,26.78,66.97,0.815,0
FAZ_02822,Sentinel_Agro,Algodao,366.38,Sequeiro,Franco,Verao,15.57,171.91,34.96,3604.2,27.93,70.86,0.593,1
FAZ_02823,AgroSat_BR,Soja,360.86,Gotejamento,Franco,Inverno,10.83,33.45,65.35,2433.71,27.81,52.24,0.644,0
FAZ_02824,Sentinel_Agro,Trigo,405.38,Sequeiro,Organico,Inverno,4.64,111.77,40.45,4231.09,19.89,61.06,,0
FAZ_02825,TerraScan_X,Trigo,467.25,Gotejamento,Calcario,Outono,13.59,119.89,45.28,4830.55,25.69,56.39,0.592,1
FAZ_02826,Gaia_Vision,Soja,171.22,Inundacao,Arenoso,Inverno,4.06,49.57,29.44,4729.86,30.67,46.13,0.599,1
FAZ_02827,Gaia_Vision,Batata,474.44,Aspersao,Arenoso,Primavera,11.47,106.6,63.43,3858.97,26.58,72.66,0.659,0
FAZ_02828,OrbSat_Field,Tomate,358.43,Inundacao,Franco,Verao,17.85,76.67,47.31,9235.39,30.79,36.96,0.636,1
FAZ_02829,AgroSat_BR,Cenoura,547.66,Aspersao,Argiloso,Inverno,10.83,73.44,59.09,5682.45,13.96,71.51,0.752,0
FAZ_02830,AgroSat_BR,Tomate,227.78,Aspersao,Organico,Inverno,10.09,125.94,47.0,1760.17,21.77,72.75,0.74,0
FAZ_02831,AgroSat_BR,Algodao,570.54,Manual,Calcario,Inverno,8.32,255.16,44.87,5042.47,17.49,53.09,0.498,1
FAZ_02832,TerraScan_X,Tomate,786.22,Inundacao,Calcario,Outono,24.49,226.6,56.71,9367.2,25.53,71.34,0.58,1
FAZ_02833,AgroSat_BR,Algodao,476.89,Aspersao,Franco,Verao,6.86,200.65,73.95,7135.89,21.01,67.85,0.747,0
FAZ_02834,Gaia_Vision,Tomate,187.54,Sequeiro,Argiloso,Verao,6.65,43.4,42.04,1320.94,28.5,74.69,0.815,0
FAZ_02835,TerraScan_X,Batata,279.44,Sequeiro,Argiloso,Inverno,9.47,71.29,47.39,2760.73,14.04,74.82,0.765,0
FAZ_02836,Sentinel_Agro,Cenoura,271.27,Sequeiro,Calcario,Inverno,4.38,36.12,46.09,826.87,31.06,51.38,0.594,0
FAZ_02837,AgroSat_BR,Milho,357.82,Sequeiro,Organico,Outono,16.79,111.41,49.48,2969.66,30.91,44.35,0.612,1
FAZ_02838,AgroSat_BR,Soja,547.26,Aspersao,Arenoso,Verao,16.03,132.21,49.52,6761.6,30.22,53.31,0.539,1
FAZ_02839,Sentinel_Agro,Soja,241.02,Aspersao,Calcario,Primavera,4.07,77.78,47.36,1926.19,25.54,,0.702,0
FAZ_02840,AgroSat_BR,Cenoura,689.89,Gotejamento,Calcario,Inverno,12.21,143.81,59.79,6161.23,20.96,77.53,0.725,1
FAZ_02841,Sentinel_Agro,Tomate,506.76,Sequeiro,Siltoso,Primavera,17.53,161.59,54.04,7664.13,32.14,64.64,0.71,1
FAZ_02842,TerraScan_X,Milho,457.61,Gotejamento,Argiloso,Primavera,18.35,114.5,59.75,2870.49,21.7,77.91,0.852,0
FAZ_02843,Gaia_Vision,Trigo,228.5,Aspersao,Siltoso,Verao,7.09,20.3,43.43,3130.24,45.0,34.09,0.569,1
FAZ_02844,Sentinel_Agro,Tomate,820.23,Gotejamento,Siltoso,Primavera,27.06,144.23,74.8,6998.35,23.87,71.1,0.707,1
FAZ_02845,OrbSat_Field,Batata,824.78,Gotejamento,Organico,Inverno,17.06,202.99,59.28,11279.63,11.39,83.18,0.637,1
FAZ_02846,Sentinel_Agro,Algodao,284.78,Aspersao,Calcario,Inverno,1.67,91.66,48.58,3441.24,22.23,69.73,0.69,0
FAZ_02847,AgroSat_BR,Arroz,267.26,Inundacao,Arenoso,Outono,5.61,65.75,33.99,6192.77,25.93,42.15,0.51,1
FAZ_02848,TerraScan_X,Tomate,331.67,Gotejamento,Organico,Verao,14.4,106.03,39.43,3340.9,27.29,44.24,0.563,1
FAZ_02849,TerraScan_X,Arroz,434.77,Inundacao,Argiloso,Verao,11.72,86.73,45.74,8089.47,24.24,56.62,0.591,1
FAZ_02850,Sentinel_Agro,Tomate,182.97,Manual,Arenoso,Primavera,5.05,105.15,37.06,877.56,15.23,65.21,0.622,0
FAZ_02851,Gaia_Vision,Cenoura,235.25,Manual,Calcario,Inverno,3.58,18.12,48.99,1196.28,17.26,80.03,0.821,0
FAZ_02852,OrbSat_Field,Arroz,457.73,Gotejamento,Franco,Inverno,15.38,124.93,72.32,3606.9,23.71,77.49,0.881,0
FAZ_02853,TerraScan_X,Tomate,579.74,Sequeiro,Arenoso,Outono,24.33,152.56,40.94,6610.06,30.5,58.46,0.522,1
FAZ_02854,AgroSat_BR,Soja,480.61,Manual,Organico,Primavera,18.79,138.97,55.35,4518.26,36.33,42.6,0.651,1
FAZ_02855,AgroSat_BR,Arroz,556.05,Gotejamento,Organico,Inverno,11.84,98.25,54.42,5453.19,31.97,74.02,0.696,0
FAZ_02856,Gaia_Vision,Tomate,577.64,Manual,Siltoso,Verao,12.31,139.25,62.41,8113.04,22.75,80.57,0.761,0
FAZ_02857,TerraScan_X,Trigo,594.05,Manual,Calcario,Outono,15.98,162.26,59.52,7447.44,17.0,76.38,0.716,1
FAZ_02858,Sentinel_Agro,Algodao,465.51,Aspersao,Franco,Verao,11.63,128.99,70.72,5225.62,25.25,64.64,,0
FAZ_02859,AgroSat_BR,Trigo,309.88,Gotejamento,Calcario,Outono,3.75,55.23,57.47,1319.06,26.08,66.41,0.801,0
FAZ_02860,Gaia_Vision,Milho,149.11,Inundacao,Arenoso,Verao,6.43,38.91,58.56,6649.78,25.12,84.41,0.91,0
FAZ_02861,TerraScan_X,Tomate,647.91,Manual,Franco,Primavera,19.67,192.81,51.42,7138.47,24.21,64.97,0.628,1
FAZ_02862,TerraScan_X,Cana_de_Acucar,423.18,Aspersao,Calcario,Inverno,13.18,98.0,72.97,6174.1,19.86,86.75,0.875,0
FAZ_02863,TerraScan_X,Batata,420.95,Inundacao,Siltoso,Verao,13.06,147.43,41.16,6441.74,32.51,50.75,0.533,1
FAZ_02864,TerraScan_X,Trigo,590.14,Aspersao,Franco,Primavera,11.62,40.48,75.66,5989.47,25.33,60.9,0.679,0
FAZ_02865,TerraScan_X,Arroz,204.22,Inundacao,Franco,Verao,5.3,57.45,45.92,8017.04,34.68,43.44,0.652,0
FAZ_02866,AgroSat_BR,Cenoura,434.56,Aspersao,Arenoso,Primavera,5.36,43.49,42.39,2969.55,23.24,48.89,0.631,1
FAZ_02867,Gaia_Vision,Batata,304.35,Aspersao,Franco,Outono,6.94,106.03,46.8,4723.56,30.69,57.96,0.732,0
FAZ_02868,TerraScan_X,Cana_de_Acucar,408.67,Sequeiro,Siltoso,Primavera,20.86,77.74,53.37,5520.76,13.98,90.46,0.848,0
FAZ_02869,OrbSat_Field,Tomate,756.38,Manual,Argiloso,Verao,27.64,99.99,56.65,7579.66,27.6,61.01,0.677,1
FAZ_02870,OrbSat_Field,Cenoura,330.94,Aspersao,Argiloso,Inverno,11.03,42.43,57.75,3467.71,23.55,67.41,0.681,0
FAZ_02871,Gaia_Vision,Tomate,445.31,Aspersao,Organico,Outono,16.08,97.06,53.79,3573.13,24.09,60.56,0.747,0
FAZ_02872,Sentinel_Agro,Milho,412.74,Inundacao,Argiloso,Outono,18.73,111.7,49.41,8291.77,14.74,78.03,0.75,0
FAZ_02873,Sentinel_Agro,Cana_de_Acucar,559.24,Manual,Arenoso,Primavera,26.98,116.64,49.64,4758.19,17.84,74.31,0.577,0
FAZ_02874,Sentinel_Agro,Tomate,494.61,Inundacao,Organico,Verao,14.5,165.77,46.67,7990.43,24.93,66.3,0.746,1
FAZ_02875,OrbSat_Field,Arroz,254.15,Inundacao,Argiloso,Primavera,6.11,30.65,53.55,6483.64,18.83,63.17,0.816,0
FAZ_02876,Sentinel_Agro,Milho,710.14,Sequeiro,Argiloso,Outono,31.59,73.78,70.89,5685.28,25.08,57.86,0.669,0
FAZ_02877,AgroSat_BR,Soja,412.27,Manual,Organico,Inverno,6.95,76.02,57.2,4958.67,14.14,73.36,0.764,0
FAZ_02878,TerraScan_X,Cana_de_Acucar,254.09,Gotejamento,Arenoso,Primavera,11.99,83.21,40.96,1317.46,31.17,50.21,0.698,0
FAZ_02879,OrbSat_Field,Algodao,220.45,Inundacao,Organico,Verao,8.27,92.17,42.46,6939.38,25.52,71.49,0.803,0
FAZ_02880,Gaia_Vision,Cenoura,523.36,Aspersao,Arenoso,Primavera,18.61,187.99,60.9,3328.52,18.81,65.71,0.585,1
FAZ_02881,Gaia_Vision,Trigo,638.29,Manual,Arenoso,Primavera,24.68,195.61,81.51,5994.73,30.96,73.57,0.583,1
FAZ_02882,TerraScan_X,Tomate,576.86,Gotejamento,Calcario,Primavera,20.18,265.6,79.7,4956.8,24.38,72.67,0.656,0
FAZ_02883,OrbSat_Field,Cenoura,362.15,Aspersao,Siltoso,Inverno,12.72,18.34,67.12,1461.27,15.39,84.35,0.875,0
FAZ_02884,Sentinel_Agro,Cenoura,373.14,Aspersao,Argiloso,Verao,7.59,64.72,49.56,4950.07,33.26,48.13,0.625,0
FAZ_02885,Sentinel_Agro,Algodao,505.54,Gotejamento,Calcario,Verao,7.03,214.29,58.16,5029.46,24.58,72.05,0.63,0
FAZ_02886,AgroSat_BR,Algodao,252.19,Aspersao,Argiloso,Outono,12.01,141.86,43.44,4036.67,27.7,75.4,,1
FAZ_02887,AgroSat_BR,Milho,639.16,Inundacao,Calcario,Outono,29.92,101.75,60.4,11089.92,22.62,66.88,0.75,1
FAZ_02888,Sentinel_Agro,Cana_de_Acucar,533.72,Aspersao,Franco,Primavera,17.13,160.82,74.96,5790.9,13.28,83.67,0.677,0
FAZ_02889,Gaia_Vision,Arroz,292.87,Inundacao,Organico,Outono,6.42,78.06,51.69,5460.36,22.09,62.51,0.65,0
FAZ_02890,Gaia_Vision,Algodao,404.24,Inundacao,Calcario,Verao,10.79,181.27,37.56,6923.48,43.25,44.99,0.561,1
FAZ_02891,AgroSat_BR,Algodao,385.4,Inundacao,Siltoso,Primavera,9.37,134.32,43.94,7252.67,35.42,46.73,0.475,1
FAZ_02892,TerraScan_X,Trigo,315.99,Inundacao,Argiloso,Outono,13.06,46.54,45.03,5257.47,29.76,59.19,0.728,0
FAZ_02893,Sentinel_Agro,Soja,618.37,Gotejamento,Franco,Inverno,13.87,133.17,76.61,5448.43,31.19,76.64,0.674,0
FAZ_02894,AgroSat_BR,Algodao,160.42,Gotejamento,Siltoso,Outono,4.36,98.03,43.15,814.91,25.27,80.22,0.738,0
FAZ_02895,AgroSat_BR,Soja,555.62,Manual,Arenoso,Inverno,17.11,93.44,62.2,6339.37,23.96,64.46,0.655,0
FAZ_02896,Sentinel_Agro,Milho,610.86,Aspersao,Argiloso,Outono,29.06,106.29,72.49,6360.47,24.61,59.8,0.641,1
FAZ_02897,Sentinel_Agro,Arroz,404.36,Manual,Calcario,Verao,10.88,145.75,47.1,2926.09,24.73,60.05,0.521,1
FAZ_02898,Gaia_Vision,Cenoura,122.37,Inundacao,Organico,Outono,1.32,41.22,40.61,5829.66,19.16,72.15,0.771,0
FAZ_02899,TerraScan_X,Algodao,223.45,Gotejamento,Siltoso,Inverno,7.1,94.12,50.82,999.33,25.23,74.19,0.787,0
FAZ_02900,TerraScan_X,Tomate,292.87,Manual,Franco,Inverno,9.4,169.18,64.39,1890.18,11.9,86.27,0.777,0
FAZ_02901,Sentinel_Agro,Soja,427.27,Gotejamento,Organico,Outono,15.06,69.93,54.17,2275.35,21.88,62.34,0.783,0
FAZ_02902,OrbSat_Field,Trigo,593.16,Sequeiro,Arenoso,Primavera,9.28,176.67,53.37,5200.75,30.19,65.39,0.515,0
FAZ_02903,AgroSat_BR,Trigo,241.92,Gotejamento,Organico,Inverno,6.66,59.47,48.4,2727.5,31.51,68.75,0.781,0
FAZ_02904,AgroSat_BR,Algodao,421.36,Aspersao,Franco,Verao,6.84,105.31,55.83,4535.08,35.91,69.39,0.705,0
FAZ_02905,Sentinel_Agro,Cana_de_Acucar,180.07,Gotejamento,Arenoso,Outono,5.1,10.9,41.24,1852.03,19.73,64.17,0.699,0
FAZ_02906,OrbSat_Field,Cenoura,665.9,Sequeiro,Franco,Inverno,16.55,178.05,48.84,3664.29,21.8,94.05,0.812,0
FAZ_02907,Gaia_Vision,Arroz,232.1,Sequeiro,Argiloso,Outono,4.0,16.15,37.37,1417.22,20.62,57.68,0.69,0
FAZ_02908,Sentinel_Agro,Tomate,387.96,Gotejamento,Franco,Outono,18.18,67.93,55.73,2587.16,24.84,64.15,,0
FAZ_02909,Sentinel_Agro,Cana_de_Acucar,417.85,Aspersao,Organico,Primavera,16.48,120.49,57.32,2851.15,31.28,56.51,0.583,1
FAZ_02910,AgroSat_BR,Trigo,418.75,Gotejamento,Argiloso,Outono,13.26,71.31,70.6,3301.03,18.18,82.79,0.819,0
FAZ_02911,Sentinel_Agro,Soja,230.97,Manual,Argiloso,Outono,8.94,38.55,43.22,2032.02,23.67,65.54,0.751,0
FAZ_02912,Sentinel_Agro,Soja,338.86,Aspersao,Siltoso,Outono,10.26,29.53,57.59,5965.99,10.56,83.33,0.83,0
FAZ_02913,Sentinel_Agro,Cana_de_Acucar,237.83,Inundacao,Organico,Verao,9.17,48.6,47.88,5942.84,27.4,72.66,0.832,0
FAZ_02914,AgroSat_BR,Soja,407.52,Gotejamento,Organico,Outono,12.73,56.28,54.64,2848.26,25.55,76.25,0.782,0
FAZ_02915,Gaia_Vision,Trigo,279.69,Manual,Arenoso,Verao,7.17,63.65,45.83,4207.0,24.58,57.71,0.756,0
FAZ_02916,Gaia_Vision,Cana_de_Acucar,378.13,Inundacao,Franco,Outono,12.07,49.46,55.3,6952.43,13.73,64.6,0.821,0
FAZ_02917,Sentinel_Agro,Trigo,450.85,Manual,Calcario,Primavera,9.64,134.95,51.4,4968.84,20.63,76.51,0.59,1
FAZ_02918,AgroSat_BR,Tomate,364.55,Manual,Franco,Primavera,16.07,129.91,43.26,3948.54,16.61,62.43,0.594,1
FAZ_02919,Gaia_Vision,Cenoura,340.54,Gotejamento,Organico,Inverno,7.36,74.21,50.69,3550.9,36.74,62.56,0.676,0
FAZ_02920,Gaia_Vision,Tomate,285.68,Inundacao,Franco,Outono,7.43,105.1,51.16,5720.7,23.79,41.63,0.643,0
FAZ_02921,Gaia_Vision,Tomate,369.19,Inundacao,Organico,Primavera,13.38,181.48,47.65,5641.15,31.12,54.63,0.394,1
FAZ_02922,AgroSat_BR,Soja,250.96,Aspersao,Argiloso,Primavera,3.73,70.62,49.07,2070.88,18.53,90.67,0.762,0
FAZ_02923,AgroSat_BR,Algodao,478.35,Gotejamento,Franco,Outono,16.51,102.99,66.34,3422.73,19.27,80.43,0.814,0
FAZ_02924,Sentinel_Agro,Batata,419.43,Manual,Franco,Inverno,10.94,175.33,70.5,3225.82,13.18,89.69,0.831,0
FAZ_02925,TerraScan_X,Soja,391.88,Sequeiro,Organico,Verao,8.8,43.04,46.95,3853.31,31.45,50.07,0.612,1
FAZ_02926,Gaia_Vision,Algodao,779.09,Sequeiro,Organico,Primavera,28.79,211.96,50.79,5403.54,19.86,69.71,0.618,1
FAZ_02927,TerraScan_X,Trigo,696.19,Manual,Arenoso,Primavera,14.17,103.37,88.61,7222.86,25.36,59.74,0.584,0
FAZ_02928,AgroSat_BR,Batata,215.85,Aspersao,Franco,Verao,6.51,110.05,55.76,2816.45,29.74,64.93,0.779,0
FAZ_02929,AgroSat_BR,Soja,478.43,Aspersao,Siltoso,Primavera,11.74,85.72,56.05,5739.67,27.53,58.63,0.759,0
FAZ_02930,AgroSat_BR,Batata,362.09,Gotejamento,Organico,Verao,7.08,106.54,37.27,4965.48,25.96,69.0,0.61,0
FAZ_02931,TerraScan_X,Batata,437.46,Aspersao,Siltoso,Verao,9.85,104.29,43.07,3288.87,27.49,64.64,0.656,0
FAZ_02932,AgroSat_BR,Milho,309.48,Gotejamento,Argiloso,Inverno,8.93,119.11,41.09,4335.31,33.54,55.89,0.6,0
FAZ_02933,Sentinel_Agro,Cenoura,366.6,Aspersao,Argiloso,Verao,6.73,128.08,59.71,3630.13,22.58,67.39,0.723,0
FAZ_02934,AgroSat_BR,Milho,304.44,Sequeiro,Siltoso,Verao,15.16,77.34,56.53,2144.22,30.36,52.27,0.758,0
FAZ_02935,OrbSat_Field,Algodao,216.6,Sequeiro,Calcario,Verao,3.73,111.26,41.55,1213.07,30.48,64.3,0.658,0
FAZ_02936,TerraScan_X,Arroz,716.78,Sequeiro,Argiloso,Verao,12.09,210.18,62.19,8869.26,27.07,61.2,0.625,1
FAZ_02937,OrbSat_Field,Cana_de_Acucar,153.57,Gotejamento,Siltoso,Primavera,8.38,11.78,46.29,1357.25,15.89,77.61,0.767,0
FAZ_02938,AgroSat_BR,Arroz,197.51,Sequeiro,Arenoso,Verao,5.41,20.83,36.6,2427.61,24.51,66.44,0.718,0
FAZ_02939,Sentinel_Agro,Cana_de_Acucar,228.88,Gotejamento,Arenoso,Primavera,9.64,23.5,49.86,1644.53,21.88,76.81,0.823,0
FAZ_02940,Gaia_Vision,Algodao,630.21,Aspersao,Argiloso,Outono,21.87,254.37,64.09,5667.18,22.28,71.11,0.611,1
FAZ_02941,AgroSat_BR,Algodao,382.09,Inundacao,Siltoso,Outono,12.7,82.43,53.36,7235.29,18.96,57.77,0.694,1
FAZ_02942,Sentinel_Agro,Trigo,239.07,Aspersao,Siltoso,Verao,7.88,49.34,42.09,2462.71,27.91,44.75,0.716,0
FAZ_02943,TerraScan_X,Cenoura,344.98,Sequeiro,Siltoso,Inverno,11.3,56.52,57.92,4019.53,22.27,80.42,0.95,0
FAZ_02944,OrbSat_Field,Batata,696.95,Aspersao,Calcario,Inverno,13.04,271.5,86.15,8615.05,12.76,81.83,0.673,1
FAZ_02945,OrbSat_Field,Milho,380.4,Inundacao,,Primavera,13.01,123.23,62.33,7516.53,24.15,54.83,0.698,0
FAZ_02946,OrbSat_Field,Milho,356.84,Gotejamento,Calcario,Primavera,21.46,99.52,45.78,1452.69,24.47,63.09,0.776,0
FAZ_02947,TerraScan_X,Algodao,328.45,Sequeiro,Siltoso,Outono,11.21,59.69,41.74,2730.03,23.82,71.21,0.895,0
FAZ_02948,Sentinel_Agro,Milho,221.08,Aspersao,,Primavera,11.76,46.61,48.21,1619.86,31.45,81.07,0.791,0
FAZ_02949,TerraScan_X,Algodao,433.57,Manual,Siltoso,Inverno,15.14,176.8,45.7,4252.29,27.67,67.78,0.487,1
FAZ_02950,OrbSat_Field,Batata,261.42,Inundacao,Organico,Outono,8.79,44.0,42.46,7363.0,27.87,51.02,0.703,1
FAZ_02951,AgroSat_BR,Algodao,288.45,Inundacao,Arenoso,Verao,0.47,126.06,38.54,6592.13,35.05,65.8,0.705,0
FAZ_02952,Gaia_Vision,Trigo,543.96,Aspersao,Organico,Primavera,17.2,189.57,73.1,6717.6,27.89,82.98,0.723,1
FAZ_02953,TerraScan_X,Cenoura,583.34,Aspersao,Arenoso,Verao,20.69,51.12,51.89,4876.21,32.46,43.65,0.579,0
FAZ_02954,TerraScan_X,Tomate,158.26,Inundacao,Argiloso,Primavera,6.56,56.73,53.3,4012.59,18.78,83.54,0.875,0
FAZ_02955,Sentinel_Agro,Soja,517.05,Sequeiro,Calcario,Inverno,10.27,94.21,38.02,3526.72,20.47,58.52,0.635,0
FAZ_02956,Sentinel_Agro,Cenoura,421.34,Manual,Calcario,Primavera,12.3,112.72,59.59,4473.97,33.21,55.25,0.55,0
FAZ_02957,TerraScan_X,Cenoura,585.99,Gotejamento,Arenoso,Inverno,8.53,99.54,79.52,5644.87,18.74,92.87,0.677,0
FAZ_02958,OrbSat_Field,Arroz,385.78,Gotejamento,Arenoso,Inverno,11.3,90.18,63.62,3626.34,20.08,67.07,0.559,0
FAZ_02959,Gaia_Vision,Cana_de_Acucar,351.82,Aspersao,Siltoso,Verao,11.89,5.54,46.81,4205.69,36.45,64.2,0.749,0
FAZ_02960,Sentinel_Agro,Soja,427.57,Manual,Franco,Primavera,8.18,100.68,63.43,5596.18,24.64,70.53,0.725,0
FAZ_02961,OrbSat_Field,Batata,213.47,Aspersao,Arenoso,Verao,7.41,115.59,37.3,2533.41,29.4,68.43,0.623,0
FAZ_02962,AgroSat_BR,Tomate,523.73,Manual,Organico,Inverno,24.33,198.87,56.49,6022.35,20.98,55.71,0.475,1
FAZ_02963,Sentinel_Agro,Tomate,333.9,Sequeiro,Argiloso,Inverno,9.94,134.2,39.53,3525.15,18.84,70.18,0.673,0
FAZ_02964,OrbSat_Field,Cenoura,289.61,Aspersao,Calcario,Inverno,8.65,73.47,43.87,2421.44,22.72,64.93,0.695,0
FAZ_02965,OrbSat_Field,Trigo,254.15,Aspersao,Organico,Inverno,5.62,44.89,61.22,1853.06,18.06,83.82,0.9,0
FAZ_02966,Gaia_Vision,Cana_de_Acucar,475.08,Sequeiro,Calcario,Outono,24.6,123.68,60.03,7304.81,21.3,77.9,0.764,0
FAZ_02967,Gaia_Vision,Algodao,608.68,Aspersao,Argiloso,Inverno,12.04,170.34,89.21,3235.89,24.73,83.44,0.729,0
FAZ_02968,AgroSat_BR,Cana_de_Acucar,485.54,Aspersao,Organico,Primavera,16.58,90.36,63.4,6624.0,19.74,86.45,0.818,0
FAZ_02969,OrbSat_Field,Arroz,387.89,Aspersao,Calcario,Inverno,7.01,113.82,44.95,3603.93,29.94,47.78,0.514,1
FAZ_02970,OrbSat_Field,Cana_de_Acucar,399.15,Aspersao,Arenoso,Outono,15.25,84.44,53.88,6619.92,15.31,68.61,0.693,1
FAZ_02971,Gaia_Vision,Cenoura,343.58,Inundacao,,Primavera,5.99,85.11,37.88,8102.35,12.16,62.93,0.749,1
FAZ_02972,Sentinel_Agro,Batata,603.96,Aspersao,Arenoso,Outono,22.34,139.57,63.54,5068.15,22.67,69.81,0.647,0
FAZ_02973,Sentinel_Agro,Cenoura,361.15,Aspersao,Calcario,Outono,10.28,14.69,49.3,1960.06,26.71,75.92,0.774,0
FAZ_02974,TerraScan_X,Batata,578.34,Manual,Siltoso,Primavera,21.52,145.2,54.32,6942.45,16.06,70.61,0.738,1
FAZ_02975,Gaia_Vision,Milho,298.79,Gotejamento,Organico,Outono,15.25,57.77,47.64,1875.72,26.57,62.88,0.752,0
FAZ_02976,TerraScan_X,Batata,771.32,Gotejamento,Franco,Inverno,13.48,294.67,64.24,5888.57,21.03,58.59,0.548,1
FAZ_02977,Gaia_Vision,Cana_de_Acucar,371.0,Inundacao,Organico,Verao,10.91,105.77,46.7,6499.87,36.07,60.65,0.673,0
FAZ_02978,AgroSat_BR,Cana_de_Acucar,478.0,Sequeiro,Siltoso,Verao,18.39,143.01,57.76,3852.52,29.43,62.91,0.682,0
FAZ_02979,OrbSat_Field,Cana_de_Acucar,169.84,Aspersao,Siltoso,Verao,10.52,61.07,40.92,2432.19,29.05,69.13,0.749,0
FAZ_02980,AgroSat_BR,Milho,548.73,Gotejamento,Siltoso,Primavera,23.89,245.67,63.3,10173.69,27.47,61.3,0.631,0
FAZ_02981,Gaia_Vision,Algodao,231.07,Inundacao,Calcario,Primavera,7.28,88.13,41.92,6294.61,26.86,63.24,0.669,0
FAZ_02982,OrbSat_Field,Soja,700.9,Inundacao,Arenoso,Primavera,20.21,153.49,56.29,11191.87,24.15,57.41,0.557,1
FAZ_02983,Sentinel_Agro,Cana_de_Acucar,393.65,Aspersao,Calcario,Verao,10.85,45.69,63.31,3836.8,22.17,72.28,0.771,0
FAZ_02984,Sentinel_Agro,Arroz,236.78,Gotejamento,Arenoso,Verao,2.14,65.03,45.69,2448.84,31.98,69.5,0.738,0
FAZ_02985,TerraScan_X,Tomate,363.61,Gotejamento,Franco,Primavera,17.45,97.35,46.18,3389.76,31.2,52.15,0.605,1
FAZ_02986,Gaia_Vision,Tomate,474.87,Manual,Siltoso,Verao,12.8,150.81,59.88,5983.85,20.89,67.39,0.722,1
FAZ_02987,Gaia_Vision,Soja,555.8,Aspersao,Arenoso,Outono,8.14,74.97,87.18,4277.23,18.65,88.64,0.722,0
FAZ_02988,Sentinel_Agro,Soja,521.51,Sequeiro,Argiloso,Outono,14.27,149.34,75.45,5790.51,20.6,84.15,0.624,0
FAZ_02989,AgroSat_BR,Algodao,537.14,Inundacao,Argiloso,Verao,5.8,152.0,50.76,10785.84,34.24,40.81,0.442,1
FAZ_02990,OrbSat_Field,Arroz,286.6,Inundacao,Arenoso,Primavera,6.77,41.43,50.7,8976.7,26.53,61.58,0.665,0
FAZ_02991,AgroSat_BR,Cenoura,238.01,Sequeiro,Franco,Inverno,4.96,83.57,46.51,1464.94,14.3,68.08,0.777,0
FAZ_02992,AgroSat_BR,Batata,317.37,Gotejamento,Organico,Inverno,6.49,113.48,60.1,4048.19,21.43,86.39,0.75,0
FAZ_02993,Sentinel_Agro,Batata,205.86,Inundacao,Calcario,Verao,3.2,95.0,36.55,6206.2,26.27,50.23,0.538,1
FAZ_02994,Sentinel_Agro,Cenoura,181.74,Gotejamento,Siltoso,Inverno,4.28,39.0,47.5,2523.85,18.4,83.16,0.796,0
FAZ_02995,Sentinel_Agro,Tomate,297.29,Aspersao,Arenoso,Primavera,9.49,81.75,36.28,3914.45,20.54,56.33,0.653,0
FAZ_02996,TerraScan_X,Cenoura,724.28,Gotejamento,Franco,Outono,12.49,187.64,65.76,6886.36,19.85,80.46,0.687,0
FAZ_02997,AgroSat_BR,Arroz,662.72,Gotejamento,Calcario,Outono,8.29,165.49,64.66,5493.9,15.64,88.17,0.757,0
FAZ_02998,Gaia_Vision,Cana_de_Acucar,209.81,Sequeiro,Organico,Primavera,11.96,51.53,33.81,891.29,28.26,52.74,0.722,0
FAZ_02999,OrbSat_Field,Milho,320.89,Inundacao,,Inverno,15.4,29.01,50.19,9109.66,34.43,31.65,0.544,1
FAZ_03000,TerraScan_X,Cana_de_Acucar,511.12,Sequeiro,Organico,Verao,19.35,169.96,48.71,6141.1,29.19,66.48,0.7,1
FAZ_03001,Gaia_Vision,Milho,377.11,Aspersao,Argiloso,Outono,14.6,53.23,41.41,2719.01,27.27,49.87,0.642,0
FAZ_03002,AgroSat_BR,Batata,450.04,Inundacao,Calcario,Inverno,,122.42,41.53,7120.49,22.65,47.1,0.526,1
FAZ_03003,Sentinel_Agro,Soja,144.71,Gotejamento,Calcario,Inverno,5.34,28.82,42.74,800.0,23.56,75.32,0.851,0
FAZ_03004,AgroSat_BR,Cana_de_Acucar,517.41,Aspersao,Organico,Outono,20.38,92.39,55.37,5527.9,18.94,84.0,0.839,0
FAZ_03005,OrbSat_Field,Cenoura,492.75,Inundacao,Argiloso,Outono,6.6,73.42,52.25,9259.56,23.29,64.83,0.736,0
FAZ_03006,TerraScan_X,Arroz,147.08,Gotejamento,Siltoso,Verao,3.82,1.08,38.73,800.0,27.51,50.22,0.82,0
FAZ_03007,TerraScan_X,Arroz,251.23,Manual,Arenoso,Primavera,8.27,57.98,33.32,2001.25,28.73,41.01,0.595,0
FAZ_03008,OrbSat_Field,Tomate,245.63,Aspersao,Argiloso,Inverno,9.35,84.71,45.03,1815.76,21.58,72.45,0.677,0
FAZ_03009,Gaia_Vision,Arroz,208.48,Aspersao,Franco,Verao,4.69,56.18,48.96,1272.94,35.71,71.4,0.778,0
FAZ_03010,Gaia_Vision,Arroz,170.85,Inundacao,Organico,Outono,5.11,24.42,46.37,4140.15,26.65,72.22,0.838,0
FAZ_03011,TerraScan_X,Soja,219.93,Sequeiro,,Primavera,8.13,67.6,29.32,960.25,32.0,54.71,0.68,0
FAZ_03012,TerraScan_X,Cenoura,305.31,Gotejamento,Franco,Primavera,5.39,76.92,52.84,4083.27,29.82,60.77,0.642,0
FAZ_03013,Sentinel_Agro,Batata,400.57,Inundacao,Calcario,Inverno,11.13,54.2,54.78,11339.08,20.55,49.06,0.593,1
FAZ_03014,Gaia_Vision,Arroz,332.44,Inundacao,Argiloso,Primavera,12.53,103.86,47.92,6527.59,15.84,68.0,,1
FAZ_03015,OrbSat_Field,Batata,642.3,Gotejamento,Calcario,Outono,21.37,134.55,77.74,7370.25,28.42,58.17,0.645,1
FAZ_03016,Gaia_Vision,Soja,202.28,Inundacao,Calcario,Outono,8.4,60.44,48.44,4979.25,31.49,65.57,0.695,0
FAZ_03017,Sentinel_Agro,Arroz,148.39,Aspersao,Calcario,Outono,3.62,1.0,42.06,934.92,25.25,69.6,0.753,0
FAZ_03018,TerraScan_X,Tomate,331.03,Gotejamento,Calcario,Verao,11.82,137.59,51.08,3706.17,29.3,60.17,0.605,0
FAZ_03019,TerraScan_X,Cana_de_Acucar,153.61,Gotejamento,Franco,Outono,9.09,41.87,40.03,2277.79,23.78,68.63,0.704,0
FAZ_03020,Sentinel_Agro,Trigo,258.61,Manual,Organico,Verao,8.13,82.63,50.3,1822.54,29.04,56.31,0.677,0
FAZ_03021,OrbSat_Field,Algodao,406.37,Gotejamento,Arenoso,Outono,12.54,103.58,41.68,4184.19,24.74,73.82,0.685,0
FAZ_03022,TerraScan_X,Arroz,440.67,Aspersao,Franco,Outono,14.24,139.0,59.13,2645.57,30.94,76.77,0.76,0
FAZ_03023,AgroSat_BR,Batata,265.48,Gotejamento,Siltoso,Primavera,7.51,108.91,50.45,1774.29,22.64,63.33,0.641,0
FAZ_03024,TerraScan_X,Algodao,468.37,Gotejamento,Organico,Inverno,9.83,75.79,61.3,2518.08,24.16,54.36,0.662,0
FAZ_03025,AgroSat_BR,Milho,194.67,Gotejamento,Organico,Outono,14.63,35.7,43.17,1506.48,27.96,56.31,0.707,0
FAZ_03026,Sentinel_Agro,Arroz,423.62,Aspersao,Siltoso,Primavera,12.17,64.11,55.55,4369.75,26.07,66.17,0.754,0
FAZ_03027,Sentinel_Agro,Trigo,168.64,Gotejamento,Argiloso,Primavera,8.83,26.72,37.77,1250.66,32.37,57.18,0.715,0
FAZ_03028,TerraScan_X,Soja,1083.68,Gotejamento,Siltoso,Inverno,31.29,120.0,95.0,10525.78,13.38,72.06,0.646,0
FAZ_03029,Gaia_Vision,Tomate,575.6,Manual,Argiloso,Primavera,24.47,127.89,63.11,6444.89,16.83,94.66,0.864,1
FAZ_03030,AgroSat_BR,Trigo,254.39,Inundacao,Arenoso,Primavera,7.55,84.29,58.1,6667.46,20.37,76.79,0.762,0
FAZ_03031,OrbSat_Field,Batata,379.09,Gotejamento,Argiloso,Inverno,4.56,165.58,37.22,5725.13,18.04,70.22,0.672,0
FAZ_03032,TerraScan_X,Soja,226.95,Aspersao,Arenoso,Verao,6.01,27.96,34.46,3455.09,32.99,60.74,0.66,0
FAZ_03033,OrbSat_Field,Cana_de_Acucar,475.72,Gotejamento,Arenoso,Inverno,17.7,44.19,80.89,5161.28,19.09,83.6,0.869,0
FAZ_03034,TerraScan_X,Soja,603.26,Inundacao,Calcario,Inverno,17.18,54.68,71.7,10892.23,17.69,74.89,0.815,0
FAZ_03035,Gaia_Vision,Arroz,621.77,Aspersao,Calcario,Outono,19.92,126.24,86.08,7007.1,33.33,62.48,0.683,1
FAZ_03036,Gaia_Vision,Algodao,604.07,Gotejamento,Siltoso,Outono,8.66,106.0,74.77,6223.81,23.53,63.37,0.689,0
FAZ_03037,Gaia_Vision,Algodao,566.46,Gotejamento,Arenoso,Verao,20.48,207.92,53.12,7568.66,31.64,68.56,0.545,1
FAZ_03038,Gaia_Vision,Batata,426.6,Aspersao,Argiloso,Inverno,8.41,138.89,61.06,3570.01,19.92,80.76,0.791,0
FAZ_03039,Sentinel_Agro,Soja,378.19,Manual,Franco,Inverno,8.94,114.72,43.9,2559.82,31.62,54.74,0.601,0
FAZ_03040,Sentinel_Agro,Trigo,337.52,Gotejamento,Calcario,Verao,8.12,128.82,53.61,6238.88,32.48,57.19,0.663,1
FAZ_03041,AgroSat_BR,Batata,266.51,Gotejamento,Organico,Outono,9.2,107.08,35.04,2918.14,28.95,65.53,0.617,0
FAZ_03042,OrbSat_Field,Tomate,324.56,Aspersao,Organico,Inverno,15.75,112.14,48.82,4023.13,18.13,77.12,0.795,0
FAZ_03043,TerraScan_X,Batata,309.95,Inundacao,Argiloso,Verao,10.26,113.75,45.58,9518.33,39.44,24.15,0.463,1
FAZ_03044,TerraScan_X,Batata,202.53,Gotejamento,Calcario,Outono,2.24,39.09,47.21,2886.1,28.94,56.33,0.714,0
FAZ_03045,Sentinel_Agro,Cana_de_Acucar,336.53,Aspersao,Franco,Primavera,9.77,59.88,57.76,1923.87,19.59,70.32,0.84,0
FAZ_03046,TerraScan_X,Arroz,350.86,Aspersao,Arenoso,Verao,9.78,112.04,58.33,2988.13,30.99,57.97,0.587,0
FAZ_03047,Sentinel_Agro,Cana_de_Acucar,223.24,Gotejamento,Calcario,Verao,,44.59,43.42,1152.03,39.9,41.44,0.612,1
FAZ_03048,AgroSat_BR,Algodao,527.67,Aspersao,Argiloso,Inverno,16.66,149.78,69.78,5398.32,29.76,50.29,0.554,1
FAZ_03049,OrbSat_Field,Algodao,417.29,Gotejamento,Arenoso,Primavera,6.27,67.02,70.86,4457.85,11.4,84.6,0.844,0
FAZ_03050,AgroSat_BR,Milho,211.9,Inundacao,Calcario,Outono,8.52,56.62,42.87,3928.23,23.52,71.73,0.717,0
FAZ_03051,Gaia_Vision,Milho,407.68,Sequeiro,Siltoso,Primavera,18.21,99.18,39.9,5369.73,23.96,55.72,0.628,1
FAZ_03052,Gaia_Vision,Trigo,297.15,Inundacao,Franco,Inverno,9.14,94.12,47.65,6524.94,20.37,73.36,0.785,0
FAZ_03053,Gaia_Vision,Algodao,333.65,Aspersao,Organico,Inverno,7.21,81.57,60.98,4145.8,13.94,79.44,0.866,0
FAZ_03054,AgroSat_BR,Cana_de_Acucar,373.12,Inundacao,Argiloso,Outono,8.56,58.72,46.72,6137.56,25.51,70.91,0.793,0
FAZ_03055,TerraScan_X,Tomate,634.97,Inundacao,Organico,Outono,23.13,154.02,65.86,11581.63,21.11,68.81,0.643,1
FAZ_03056,OrbSat_Field,Milho,300.49,Manual,Arenoso,Outono,10.03,88.25,42.22,3225.56,32.75,49.63,0.553,1
FAZ_03057,Gaia_Vision,Soja,434.77,Inundacao,Arenoso,Inverno,12.3,125.28,50.94,8235.3,19.01,90.17,0.754,0
FAZ_03058,Gaia_Vision,Milho,276.29,Inundacao,Siltoso,Outono,12.5,76.33,54.3,8035.06,14.18,69.67,,0
FAZ_03059,Gaia_Vision,Algodao,517.96,Gotejamento,Arenoso,Outono,7.93,113.89,44.04,6620.21,31.73,63.56,0.571,1
FAZ_03060,OrbSat_Field,Batata,440.49,Aspersao,Arenoso,Outono,4.58,145.0,53.91,4007.79,18.54,84.07,0.693,0
FAZ_03061,Gaia_Vision,Arroz,345.97,Aspersao,Organico,Verao,6.1,55.68,50.9,2109.8,35.33,50.73,0.638,0
FAZ_03062,OrbSat_Field,Algodao,595.22,Gotejamento,Organico,Outono,11.14,124.78,73.41,6116.98,16.06,68.22,0.766,0
FAZ_03063,Gaia_Vision,Batata,837.56,Aspersao,Argiloso,Inverno,14.54,262.93,95.0,9831.94,13.4,85.19,0.722,1
FAZ_03064,AgroSat_BR,Tomate,346.46,Aspersao,Argiloso,Verao,11.99,79.86,38.86,3050.45,19.48,78.88,0.754,0
FAZ_03065,AgroSat_BR,Tomate,439.01,Inundacao,Arenoso,Inverno,17.57,82.86,46.28,8842.44,21.59,60.13,0.657,0
FAZ_03066,OrbSat_Field,Soja,378.08,Sequeiro,Calcario,Primavera,5.17,89.63,41.61,4233.62,34.02,55.22,0.691,0
FAZ_03067,AgroSat_BR,Cenoura,1120.85,Gotejamento,Franco,Verao,33.6,117.93,74.85,10477.46,19.83,80.93,0.662,1
FAZ_03068,OrbSat_Field,Cana_de_Acucar,349.09,Gotejamento,Argiloso,Outono,14.18,59.66,45.65,3096.33,19.41,67.51,0.701,0
FAZ_03069,AgroSat_BR,Arroz,289.99,Sequeiro,Arenoso,Verao,9.95,61.83,50.54,2593.02,37.24,56.92,0.798,0
FAZ_03070,AgroSat_BR,Algodao,302.58,Sequeiro,Calcario,Inverno,5.59,60.34,36.93,3196.58,29.89,47.2,0.67,0
FAZ_03071,OrbSat_Field,Algodao,598.49,Aspersao,Calcario,Verao,7.03,137.37,53.26,7728.7,31.48,69.5,0.781,1
FAZ_03072,TerraScan_X,Cenoura,542.69,Gotejamento,Organico,Primavera,6.74,129.41,53.57,4852.24,21.48,88.7,0.825,0
FAZ_03073,AgroSat_BR,Soja,524.99,Aspersao,Calcario,Outono,18.82,99.96,47.45,6196.71,27.63,70.01,0.73,1
FAZ_03074,Gaia_Vision,Trigo,547.76,Gotejamento,Siltoso,Outono,14.75,161.04,75.09,5958.88,24.73,64.78,0.609,1
FAZ_03075,TerraScan_X,Milho,547.48,Sequeiro,Organico,Primavera,17.37,62.62,76.9,5478.12,29.11,67.58,0.849,0
FAZ_03076,OrbSat_Field,Soja,432.08,Manual,Organico,Inverno,15.8,121.75,65.35,4145.46,20.71,66.83,0.716,0
FAZ_03077,TerraScan_X,Batata,433.54,Aspersao,Siltoso,Verao,13.09,104.67,43.23,2428.19,26.29,69.84,0.75,0
FAZ_03078,Sentinel_Agro,Soja,298.84,Sequeiro,Organico,Inverno,3.4,71.67,53.33,3605.12,14.49,83.53,0.915,0
FAZ_03079,Sentinel_Agro,Cenoura,339.71,Inundacao,Argiloso,Inverno,8.76,59.02,64.4,3946.1,15.85,91.87,0.851,0
FAZ_03080,AgroSat_BR,Cenoura,553.74,Sequeiro,Organico,Inverno,18.54,183.54,42.96,5039.13,22.13,72.04,0.653,1
FAZ_03081,AgroSat_BR,Cana_de_Acucar,261.63,Sequeiro,Siltoso,Outono,11.86,12.18,41.53,2086.43,18.94,72.73,0.867,0
FAZ_03082,Gaia_Vision,Arroz,389.99,Gotejamento,Arenoso,Verao,6.49,83.06,34.75,3645.49,35.55,51.84,0.552,0
FAZ_03083,TerraScan_X,Tomate,309.05,Gotejamento,Arenoso,Outono,15.58,45.88,50.78,2370.18,18.94,77.69,0.682,0
FAZ_03084,Sentinel_Agro,Cenoura,246.51,Inundacao,Arenoso,Outono,7.32,62.11,42.81,5059.09,23.62,71.86,0.75,0
FAZ_03085,AgroSat_BR,Cana_de_Acucar,816.13,Sequeiro,Siltoso,Outono,32.12,75.51,59.73,6229.17,9.34,80.38,0.832,0
FAZ_03086,TerraScan_X,Milho,460.18,Sequeiro,Siltoso,Verao,16.54,118.03,58.06,4293.95,29.83,71.83,0.678,0
FAZ_03087,AgroSat_BR,Tomate,280.5,Inundacao,Argiloso,Primavera,11.11,86.92,54.92,8024.89,27.59,76.72,0.775,0
FAZ_03088,AgroSat_BR,Trigo,936.14,Gotejamento,Siltoso,Outono,30.46,293.18,61.41,6943.44,29.33,79.29,0.617,1
FAZ_03089,Sentinel_Agro,Algodao,227.34,Gotejamento,Calcario,Outono,9.48,111.72,44.47,800.0,25.86,76.32,0.726,0
FAZ_03090,Sentinel_Agro,Milho,841.39,Manual,Arenoso,Outono,25.8,159.77,71.24,8039.58,25.26,54.45,0.545,1
FAZ_03091,AgroSat_BR,Trigo,421.09,Inundacao,Siltoso,Verao,5.27,96.01,59.17,7181.48,29.92,50.42,0.711,0
FAZ_03092,OrbSat_Field,Tomate,282.89,Inundacao,Franco,Verao,10.75,157.29,34.58,7805.65,26.14,59.34,0.613,1
FAZ_03093,AgroSat_BR,Milho,221.21,Aspersao,Organico,Inverno,8.4,69.21,56.61,2449.61,22.56,62.78,0.841,0
FAZ_03094,AgroSat_BR,Cana_de_Acucar,524.49,Manual,Argiloso,Outono,12.98,148.0,60.18,6651.69,35.4,49.87,0.572,1
FAZ_03095,Gaia_Vision,Trigo,679.55,Sequeiro,Arenoso,Outono,16.36,199.81,55.7,5899.97,30.35,51.24,0.443,1
FAZ_03096,Gaia_Vision,Algodao,205.53,Aspersao,Calcario,Verao,3.5,99.16,41.31,2238.83,32.23,65.91,0.822,0
FAZ_03097,Gaia_Vision,Cana_de_Acucar,162.08,Gotejamento,Calcario,Verao,8.92,33.74,37.36,3090.52,29.57,61.68,0.677,0
FAZ_03098,OrbSat_Field,Batata,437.96,Inundacao,Arenoso,Outono,2.83,201.78,49.6,6880.98,25.21,67.82,0.455,1
FAZ_03099,OrbSat_Field,Algodao,342.99,Sequeiro,Calcario,Primavera,5.56,117.35,42.17,3062.45,31.31,45.2,0.618,1
FAZ_03100,AgroSat_BR,Arroz,420.32,Aspersao,Franco,Inverno,9.1,41.57,54.74,5769.14,26.34,55.52,0.839,0
FAZ_03101,Gaia_Vision,Soja,308.11,Aspersao,Argiloso,Inverno,7.95,87.66,53.83,3108.93,26.71,65.27,0.678,0
FAZ_03102,OrbSat_Field,Arroz,206.24,Gotejamento,Organico,Outono,5.47,39.95,37.54,800.0,35.48,66.34,0.758,0
FAZ_03103,Sentinel_Agro,Cenoura,357.48,Aspersao,Argiloso,Inverno,,68.81,41.42,2198.16,24.89,73.8,0.721,0
FAZ_03104,AgroSat_BR,Batata,710.03,Gotejamento,Argiloso,Inverno,24.33,218.38,81.54,6812.2,31.3,63.33,0.58,1
FAZ_03105,TerraScan_X,Batata,422.23,Inundacao,Arenoso,Outono,6.86,143.27,29.73,8280.09,41.38,,0.487,1
FAZ_03106,AgroSat_BR,Soja,226.68,Aspersao,Siltoso,Inverno,4.75,54.43,45.33,2310.53,11.59,90.26,,0
FAZ_03107,TerraScan_X,Trigo,598.37,Inundacao,Organico,Verao,14.36,92.98,62.12,11217.96,30.28,70.24,0.804,0
FAZ_03108,Gaia_Vision,Soja,237.68,Gotejamento,Argiloso,Outono,2.86,77.04,42.95,2304.39,20.3,72.59,0.676,0
FAZ_03109,TerraScan_X,Cenoura,230.61,Gotejamento,Franco,Verao,5.71,3.3,57.45,3309.49,29.65,70.2,0.879,0
FAZ_03110,Gaia_Vision,Arroz,715.98,Inundacao,Arenoso,Outono,18.56,127.45,56.61,12260.51,36.37,58.35,0.531,1
FAZ_03111,Sentinel_Agro,Batata,271.48,Aspersao,Siltoso,Verao,7.3,59.52,36.24,3146.01,39.2,49.78,0.663,0
FAZ_03112,TerraScan_X,Arroz,551.62,Aspersao,Siltoso,Inverno,14.04,95.78,70.16,3191.61,22.99,76.96,0.819,0
FAZ_03113,AgroSat_BR,Algodao,711.53,Manual,Arenoso,Primavera,21.35,222.74,76.95,6513.26,27.52,69.23,0.553,1
FAZ_03114,Gaia_Vision,Milho,331.35,Gotejamento,Argiloso,Verao,15.78,29.2,64.96,2721.9,26.39,72.31,0.72,0
FAZ_03115,AgroSat_BR,Cenoura,553.69,Aspersao,Calcario,Verao,17.79,157.03,54.22,6203.7,37.53,44.18,0.474,1
FAZ_03116,OrbSat_Field,Milho,518.99,Inundacao,Arenoso,Primavera,12.77,134.29,62.52,9063.97,21.67,73.12,0.715,0
FAZ_03117,Gaia_Vision,Cenoura,206.08,Sequeiro,Calcario,Primavera,7.06,26.08,40.13,1055.86,28.96,64.9,0.82,0
FAZ_03118,TerraScan_X,Tomate,390.23,Aspersao,Siltoso,Verao,10.54,185.19,37.48,3545.13,26.23,53.77,0.464,1
FAZ_03119,Gaia_Vision,Algodao,368.93,Aspersao,Siltoso,Verao,9.31,125.36,68.08,4229.11,26.13,70.89,0.793,0
FAZ_03120,AgroSat_BR,Trigo,364.06,Inundacao,Franco,Verao,8.87,33.66,55.26,8700.73,36.31,55.54,0.651,1
FAZ_03121,Sentinel_Agro,Cenoura,348.01,Aspersao,Franco,Outono,6.09,79.74,54.1,2988.3,23.03,81.43,0.769,0
FAZ_03122,Gaia_Vision,Milho,421.33,Manual,Siltoso,Verao,11.57,77.8,58.77,4435.27,31.55,52.51,0.669,0
FAZ_03123,TerraScan_X,Cenoura,450.88,Aspersao,Franco,Verao,5.81,76.82,60.71,4967.82,27.75,68.92,0.605,0
FAZ_03124,OrbSat_Field,Trigo,413.24,Manual,Franco,Primavera,10.83,21.04,52.99,6474.48,26.97,,0.651,0
FAZ_03125,Sentinel_Agro,Cenoura,394.05,Aspersao,Franco,Primavera,12.76,148.63,68.59,6510.68,25.25,78.62,0.721,0
FAZ_03126,OrbSat_Field,Cana_de_Acucar,293.42,Sequeiro,Siltoso,Outono,11.54,89.69,34.58,3327.28,26.36,54.06,0.677,0
FAZ_03127,Gaia_Vision,Cenoura,768.53,Aspersao,Argiloso,Outono,21.81,214.34,90.34,5935.3,26.95,72.76,0.634,1
FAZ_03128,AgroSat_BR,Tomate,217.23,Sequeiro,Argiloso,Inverno,9.26,79.69,35.76,1662.28,29.67,46.55,0.671,0
FAZ_03129,AgroSat_BR,Tomate,82.62,Aspersao,,Verao,4.97,102.02,26.63,1999.86,26.56,72.87,0.685,0
FAZ_03130,TerraScan_X,Batata,442.67,Aspersao,Franco,Verao,4.65,200.54,57.34,5944.1,45.0,49.51,0.56,1
FAZ_03131,AgroSat_BR,Tomate,293.87,Gotejamento,Argiloso,Primavera,16.35,102.94,61.74,887.5,22.47,70.84,0.706,0
FAZ_03132,Sentinel_Agro,Cenoura,422.85,Sequeiro,Organico,Inverno,10.54,121.26,34.48,4062.52,16.99,44.24,0.457,0
FAZ_03133,AgroSat_BR,Cenoura,220.13,Aspersao,Arenoso,Verao,5.41,46.51,35.71,2238.79,28.96,56.49,0.6,0
FAZ_03134,TerraScan_X,Cana_de_Acucar,839.36,Aspersao,Franco,Inverno,32.37,77.08,61.92,10236.52,24.58,72.51,0.761,0
FAZ_03135,Gaia_Vision,Tomate,833.86,Gotejamento,Argiloso,Outono,16.82,330.69,71.56,8782.99,19.02,65.73,0.501,1
FAZ_03136,Gaia_Vision,Arroz,560.89,Sequeiro,Argiloso,Verao,18.78,29.87,49.2,3802.99,36.63,47.55,0.619,0
FAZ_03137,AgroSat_BR,Cenoura,402.37,Aspersao,Calcario,Verao,11.35,57.15,63.52,3789.16,29.05,59.39,0.647,0
FAZ_03138,OrbSat_Field,Algodao,300.39,Aspersao,Argiloso,Outono,5.14,162.79,55.46,3008.3,11.07,94.76,0.808,0
FAZ_03139,Gaia_Vision,Algodao,334.01,Sequeiro,Calcario,Verao,5.33,110.2,40.39,3790.02,36.01,34.18,0.603,1
FAZ_03140,AgroSat_BR,Milho,936.12,Sequeiro,Organico,Outono,16.52,107.87,73.09,7447.9,22.95,59.47,0.647,0
FAZ_03141,TerraScan_X,Cana_de_Acucar,561.38,Aspersao,Calcario,Outono,15.43,45.69,73.74,4277.09,21.77,71.54,0.7,0
FAZ_03142,AgroSat_BR,Trigo,131.14,Sequeiro,,Inverno,2.82,35.27,39.93,1914.42,25.51,72.32,0.9,0
FAZ_03143,Gaia_Vision,Arroz,835.33,Aspersao,Franco,Primavera,13.75,198.36,92.82,8565.93,24.4,74.98,0.533,0
FAZ_03144,TerraScan_X,Cenoura,168.8,Gotejamento,Argiloso,Primavera,3.56,39.21,47.43,2711.65,20.17,83.6,0.95,0
FAZ_03145,AgroSat_BR,Soja,438.03,Manual,Siltoso,Outono,10.49,56.5,70.72,5058.45,21.68,61.84,0.72,0
FAZ_03146,Sentinel_Agro,Soja,379.04,Manual,Franco,Inverno,4.95,70.37,54.8,3567.57,13.27,73.93,0.75,0
FAZ_03147,TerraScan_X,Trigo,652.09,Aspersao,Siltoso,Outono,8.66,192.97,80.28,6374.73,25.95,67.72,0.606,1
FAZ_03148,Sentinel_Agro,Batata,388.86,Gotejamento,Organico,Inverno,10.72,118.9,66.9,2764.26,25.66,70.39,0.694,0
FAZ_03149,OrbSat_Field,Soja,980.34,Gotejamento,Argiloso,Inverno,29.68,181.28,76.74,8881.9,31.98,69.43,0.64,1
FAZ_03150,TerraScan_X,Trigo,388.29,Manual,Franco,Primavera,13.88,36.01,65.01,4440.28,15.89,77.0,0.92,0
FAZ_03151,Sentinel_Agro,Soja,246.35,Sequeiro,Franco,Primavera,6.01,79.62,37.07,3811.79,26.54,75.96,0.702,0
FAZ_03152,Gaia_Vision,Cana_de_Acucar,535.26,Aspersao,Argiloso,Inverno,12.43,120.06,64.21,6532.86,18.66,85.5,0.779,0
FAZ_03153,Gaia_Vision,Milho,209.05,Manual,Arenoso,Primavera,10.07,46.61,40.91,836.29,27.71,59.65,0.65,0
FAZ_03154,OrbSat_Field,Batata,235.85,Gotejamento,Organico,Inverno,9.21,112.99,50.64,3388.96,21.38,67.05,0.69,0
FAZ_03155,TerraScan_X,Cana_de_Acucar,510.07,Inundacao,Argiloso,Verao,22.36,36.44,63.63,10587.03,22.68,69.49,0.879,0
FAZ_03156,TerraScan_X,Trigo,825.39,Gotejamento,Calcario,Outono,24.57,258.69,90.04,4765.51,22.53,,0.502,1
FAZ_03157,TerraScan_X,Arroz,697.91,Inundacao,Franco,Primavera,21.42,85.23,74.94,10986.51,26.8,53.43,0.587,1
FAZ_03158,OrbSat_Field,Tomate,320.17,Aspersao,Arenoso,Outono,15.43,137.08,68.92,2404.33,23.38,73.02,0.778,0
FAZ_03159,TerraScan_X,Arroz,377.42,Sequeiro,Franco,Primavera,6.63,69.67,43.43,2711.61,14.07,84.19,0.789,0
FAZ_03160,Gaia_Vision,Algodao,303.76,Aspersao,Siltoso,Outono,8.19,143.04,42.51,3554.74,22.94,70.07,0.688,0
FAZ_03161,Sentinel_Agro,Tomate,303.16,Aspersao,Franco,Outono,15.99,86.39,38.1,1620.94,29.12,68.25,0.679,0
FAZ_03162,Gaia_Vision,Trigo,311.65,Manual,Organico,Primavera,5.13,51.44,52.07,4272.23,30.01,51.49,0.639,0
FAZ_03163,Gaia_Vision,Algodao,631.76,Aspersao,Argiloso,Primavera,24.49,193.88,69.11,6848.03,30.74,82.65,0.755,1
FAZ_03164,Sentinel_Agro,Soja,743.08,Gotejamento,Franco,Primavera,11.74,127.0,65.19,9908.74,24.43,79.09,0.761,0
FAZ_03165,Gaia_Vision,Soja,530.83,Inundacao,Calcario,Primavera,6.64,100.6,63.86,6129.78,21.57,67.66,0.679,0
FAZ_03166,OrbSat_Field,Tomate,228.21,Manual,Siltoso,Inverno,10.46,107.98,46.16,2435.06,23.29,70.71,0.729,0
FAZ_03167,Sentinel_Agro,Cenoura,403.92,Aspersao,Siltoso,Primavera,8.83,44.22,59.49,4658.42,24.05,66.62,0.835,0
FAZ_03168,Gaia_Vision,Arroz,367.42,Gotejamento,Argiloso,Primavera,10.02,61.35,57.7,6454.33,16.82,,0.755,0
FAZ_03169,AgroSat_BR,Algodao,516.68,Aspersao,Siltoso,Primavera,7.5,109.01,65.33,4638.09,19.1,85.13,0.839,0
FAZ_03170,Gaia_Vision,Arroz,486.17,Sequeiro,Argiloso,Verao,14.81,142.34,53.82,6205.62,33.65,58.85,,1
FAZ_03171,OrbSat_Field,Tomate,525.38,Gotejamento,Organico,Outono,14.96,162.65,82.02,5195.19,23.51,76.64,0.653,0
FAZ_03172,TerraScan_X,Cana_de_Acucar,327.07,Aspersao,Argiloso,Primavera,,71.48,55.49,2110.12,18.9,65.25,0.728,0
FAZ_03173,Gaia_Vision,Soja,229.05,Inundacao,Arenoso,Primavera,5.28,49.48,53.58,5052.11,20.14,73.25,0.704,0
FAZ_03174,TerraScan_X,Algodao,450.69,Gotejamento,Siltoso,Outono,15.83,136.3,72.43,4618.0,27.39,75.24,0.817,0
FAZ_03175,AgroSat_BR,Algodao,231.72,Aspersao,Siltoso,Outono,6.75,106.27,51.25,1507.62,13.92,89.0,0.872,0
FAZ_03176,Gaia_Vision,Trigo,453.56,Sequeiro,Calcario,Inverno,,51.61,64.34,3996.83,20.56,75.35,0.847,0
FAZ_03177,Sentinel_Agro,Algodao,712.79,Gotejamento,Franco,Outono,20.64,118.27,57.81,6020.75,27.79,69.92,0.827,1
FAZ_03178,TerraScan_X,Tomate,440.18,Manual,Arenoso,Outono,21.06,96.9,52.78,4745.62,30.76,69.21,0.623,0
FAZ_03179,AgroSat_BR,Algodao,526.29,Manual,Franco,Verao,9.41,183.39,61.01,6072.19,30.18,67.67,0.582,1
FAZ_03180,Sentinel_Agro,Algodao,178.59,Aspersao,Argiloso,Inverno,2.02,73.31,38.66,2524.21,9.61,88.29,0.866,0
FAZ_03181,Sentinel_Agro,Arroz,348.41,Gotejamento,Organico,Verao,9.55,73.89,46.47,3743.7,33.26,51.26,0.645,0
FAZ_03182,Sentinel_Agro,Milho,398.96,Sequeiro,Calcario,Outono,13.54,137.69,47.47,4199.57,27.28,62.16,0.654,0
FAZ_03183,Sentinel_Agro,Algodao,532.13,Manual,Siltoso,Primavera,18.48,146.57,67.83,5349.66,33.73,51.6,0.555,1
FAZ_03184,Gaia_Vision,Cenoura,382.71,Gotejamento,Organico,Inverno,9.77,34.2,53.67,2593.08,30.11,74.11,0.748,0
FAZ_03185,Gaia_Vision,Batata,377.71,Gotejamento,Argiloso,Outono,10.62,149.27,39.32,5052.96,25.31,63.16,0.629,0
FAZ_03186,Gaia_Vision,Trigo,250.1,Inundacao,Argiloso,Outono,9.31,24.09,48.74,8034.87,19.26,55.67,0.67,0
FAZ_03187,AgroSat_BR,Arroz,461.95,Aspersao,Arenoso,Primavera,9.92,55.6,48.08,6250.1,28.38,48.38,0.654,1
FAZ_03188,AgroSat_BR,Trigo,1041.37,Aspersao,Franco,Primavera,28.71,226.35,72.01,11698.97,30.85,74.84,0.643,1
FAZ_03189,AgroSat_BR,Cana_de_Acucar,631.1,Sequeiro,Siltoso,Primavera,25.64,194.79,68.16,3941.95,25.51,73.32,0.727,0
FAZ_03190,OrbSat_Field,Algodao,602.92,Aspersao,Siltoso,Inverno,18.3,103.86,91.58,4398.37,19.85,93.81,0.793,0
FAZ_03191,AgroSat_BR,Soja,632.15,Sequeiro,Organico,Verao,11.34,117.83,54.54,6236.11,39.93,64.15,0.678,0
FAZ_03192,Gaia_Vision,Cenoura,415.57,Inundacao,Arenoso,Inverno,11.47,73.44,61.1,7990.89,15.75,86.81,0.746,0
FAZ_03193,Gaia_Vision,Arroz,301.81,Gotejamento,Calcario,Primavera,7.67,105.97,46.51,2281.1,22.2,,0.757,0
FAZ_03194,OrbSat_Field,Trigo,411.24,Manual,Argiloso,Inverno,17.26,92.26,64.6,3185.42,23.68,59.45,0.727,0
FAZ_03195,OrbSat_Field,Algodao,215.32,Inundacao,Arenoso,Primavera,2.68,66.84,48.9,5888.6,23.47,57.89,0.719,1
FAZ_03196,AgroSat_BR,Soja,188.07,Gotejamento,Siltoso,Verao,4.86,32.75,44.91,883.79,31.86,62.54,0.816,0
FAZ_03197,TerraScan_X,Soja,311.24,Aspersao,Calcario,Inverno,4.32,54.01,55.88,2836.49,26.93,76.95,0.744,0
FAZ_03198,OrbSat_Field,Cana_de_Acucar,408.27,Inundacao,Franco,Verao,13.06,67.21,54.78,4472.84,23.01,55.01,0.709,0
FAZ_03199,Sentinel_Agro,Cenoura,240.04,Inundacao,Organico,Verao,4.78,63.78,35.07,6698.03,26.8,50.17,0.59,1
FAZ_03200,Gaia_Vision,Milho,314.06,Sequeiro,Argiloso,Primavera,12.06,53.62,45.58,3116.45,34.8,56.1,0.728,0
FAZ_03201,Sentinel_Agro,Cenoura,594.29,Sequeiro,Argiloso,Inverno,14.57,62.98,58.8,5308.42,22.47,55.48,0.602,1
FAZ_03202,Gaia_Vision,Cana_de_Acucar,743.36,Gotejamento,Argiloso,Inverno,27.03,80.33,83.77,5326.61,20.52,60.13,0.701,0
FAZ_03203,Gaia_Vision,Tomate,199.09,Manual,Franco,Verao,11.17,80.98,31.58,1344.87,27.21,58.1,0.616,0
FAZ_03204,OrbSat_Field,Arroz,331.8,Gotejamento,Siltoso,Primavera,7.23,72.42,64.51,3002.57,29.76,71.61,0.812,0
FAZ_03205,OrbSat_Field,Cana_de_Acucar,735.61,Gotejamento,Siltoso,Verao,22.96,219.42,47.48,5686.88,24.89,63.22,0.524,1
FAZ_03206,Sentinel_Agro,Cana_de_Acucar,621.91,Gotejamento,Arenoso,Verao,14.26,142.02,52.17,5177.79,35.58,47.14,0.534,1
FAZ_03207,Gaia_Vision,Arroz,594.16,Inundacao,Calcario,Verao,8.24,63.35,57.83,7116.57,27.06,48.45,0.67,0
FAZ_03208,Sentinel_Agro,Arroz,374.39,Gotejamento,Arenoso,Verao,5.32,64.91,45.64,800.0,24.8,70.89,0.671,0
FAZ_03209,TerraScan_X,Arroz,455.6,Aspersao,Siltoso,Inverno,8.34,88.21,53.07,5385.86,13.85,80.86,0.764,0
FAZ_03210,Sentinel_Agro,Algodao,545.95,Aspersao,Argiloso,Outono,14.17,175.04,66.71,3284.64,24.55,65.06,0.649,0
FAZ_03211,AgroSat_BR,Trigo,866.73,Aspersao,Franco,Inverno,32.35,208.66,95.0,8735.87,21.12,70.71,0.687,1
FAZ_03212,Sentinel_Agro,Batata,291.91,Sequeiro,Siltoso,Primavera,8.05,79.85,51.28,1239.92,19.44,71.1,0.842,0
FAZ_03213,AgroSat_BR,Arroz,408.6,Sequeiro,Franco,Outono,4.46,90.65,60.46,5824.32,20.79,66.68,0.765,0
FAZ_03214,AgroSat_BR,Trigo,372.76,Inundacao,Organico,Verao,11.66,118.27,55.58,6968.92,17.95,63.75,0.735,0
FAZ_03215,AgroSat_BR,Batata,352.06,Inundacao,Argiloso,Inverno,9.49,158.88,42.73,4822.88,18.69,78.96,0.751,0
FAZ_03216,TerraScan_X,Trigo,525.59,Manual,Organico,Outono,15.39,22.01,70.05,3513.81,39.83,57.09,0.704,0
FAZ_03217,Sentinel_Agro,Arroz,522.07,Manual,Siltoso,Verao,14.5,94.66,62.54,3563.33,17.04,62.57,0.712,0
FAZ_03218,Sentinel_Agro,Milho,410.59,Manual,Arenoso,Inverno,12.71,147.68,48.76,5228.91,23.03,52.69,0.535,1
FAZ_03219,TerraScan_X,Cana_de_Acucar,695.41,Gotejamento,Siltoso,Outono,31.02,163.36,81.38,6460.51,27.36,66.45,0.679,1
FAZ_03220,Gaia_Vision,Trigo,544.24,Aspersao,Organico,Inverno,13.03,46.97,68.79,4697.55,18.45,81.07,0.687,0
FAZ_03221,OrbSat_Field,Soja,614.2,Aspersao,Franco,Outono,18.39,157.66,70.01,8158.06,25.85,68.85,0.756,1
FAZ_03222,Sentinel_Agro,Soja,293.14,Aspersao,Calcario,Primavera,7.8,18.56,51.91,2995.69,20.57,94.42,0.95,0
FAZ_03223,OrbSat_Field,Trigo,417.46,Aspersao,Calcario,Inverno,6.49,56.09,67.18,4755.5,16.83,80.47,0.739,0
FAZ_03224,TerraScan_X,Arroz,604.14,Manual,Siltoso,Inverno,18.95,58.86,75.82,7562.52,24.57,64.05,0.778,1
FAZ_03225,Gaia_Vision,Cenoura,243.56,Manual,Arenoso,Outono,10.75,68.11,45.96,2852.49,10.26,83.04,0.836,0
FAZ_03226,Gaia_Vision,Arroz,531.18,Gotejamento,Organico,Primavera,15.74,155.65,64.9,5780.34,22.25,74.49,0.71,0
FAZ_03227,Gaia_Vision,Arroz,241.16,Aspersao,Siltoso,Inverno,2.78,71.35,39.85,3883.32,22.96,73.57,0.644,0
FAZ_03228,TerraScan_X,Cenoura,553.83,Inundacao,Organico,Primavera,16.86,155.64,62.14,10716.35,23.51,50.35,0.548,1
FAZ_03229,AgroSat_BR,Milho,323.52,Gotejamento,Organico,Primavera,10.93,78.98,41.48,2825.04,31.91,58.93,0.635,0
FAZ_03230,AgroSat_BR,Tomate,475.39,Gotejamento,Argiloso,Inverno,17.18,116.0,45.39,4056.61,21.63,71.29,0.804,0
FAZ_03231,OrbSat_Field,Soja,309.28,Manual,Calcario,Verao,8.19,65.03,42.01,2241.67,31.18,59.91,0.692,0
FAZ_03232,AgroSat_BR,Cana_de_Acucar,257.03,Aspersao,Calcario,Outono,13.09,78.8,54.96,2152.27,27.14,79.45,0.809,0
FAZ_03233,AgroSat_BR,Soja,669.15,Sequeiro,Franco,Inverno,17.26,61.56,70.96,8247.21,15.4,74.49,0.827,1
FAZ_03234,Gaia_Vision,Tomate,221.32,Manual,Argiloso,Primavera,8.15,133.07,43.12,3141.21,27.92,53.53,0.591,0
FAZ_03235,Gaia_Vision,Algodao,268.51,Sequeiro,Calcario,Outono,3.7,156.26,35.58,2885.52,35.35,37.21,0.451,1
FAZ_03236,OrbSat_Field,Milho,720.11,Gotejamento,Organico,Inverno,20.31,225.48,95.0,5581.1,9.51,98.0,0.822,0
FAZ_03237,Sentinel_Agro,Milho,307.02,Gotejamento,Arenoso,Outono,13.43,49.43,55.46,3361.79,19.16,72.69,0.744,0
FAZ_03238,OrbSat_Field,Algodao,224.72,Aspersao,Arenoso,Outono,4.7,117.72,40.21,1932.52,27.33,75.38,0.672,0
FAZ_03239,OrbSat_Field,Cana_de_Acucar,436.95,Gotejamento,Argiloso,Primavera,16.74,123.35,52.19,2643.07,23.4,74.61,0.694,0
FAZ_03240,TerraScan_X,Cenoura,348.06,Aspersao,Arenoso,Verao,9.3,14.66,48.09,4915.52,29.44,75.71,0.637,0
FAZ_03241,TerraScan_X,Batata,288.28,Manual,Organico,Verao,8.03,108.4,35.64,3010.88,31.24,40.23,,0
FAZ_03242,OrbSat_Field,Tomate,500.54,Sequeiro,Siltoso,Outono,20.96,78.17,74.02,4398.93,17.5,59.9,0.744,0
FAZ_03243,OrbSat_Field,Batata,178.5,Sequeiro,Organico,Primavera,3.02,119.91,38.42,3553.09,20.34,59.43,0.763,0
FAZ_03244,OrbSat_Field,Cana_de_Acucar,392.09,Aspersao,Calcario,Primavera,10.16,91.98,70.0,4066.89,26.67,87.46,0.905,0
FAZ_03245,AgroSat_BR,Cenoura,198.6,Inundacao,Siltoso,Inverno,5.25,76.89,47.58,6277.42,17.57,60.77,0.746,0
FAZ_03246,TerraScan_X,Milho,657.59,Gotejamento,,Outono,22.18,87.91,72.16,8890.08,16.5,74.48,0.728,0
FAZ_03247,OrbSat_Field,Cenoura,965.52,Aspersao,Franco,Inverno,23.95,123.16,77.22,9647.67,17.92,74.05,0.682,0
FAZ_03248,Gaia_Vision,Soja,268.85,Sequeiro,Franco,Primavera,3.6,50.18,45.84,2006.92,26.32,68.58,0.795,0
FAZ_03249,Gaia_Vision,Tomate,438.42,Gotejamento,Organico,Outono,18.77,137.3,67.99,4278.72,34.99,79.36,0.742,0
FAZ_03250,AgroSat_BR,Cenoura,166.54,Inundacao,Organico,Verao,4.3,52.69,46.92,6817.98,27.84,67.24,0.83,1
FAZ_03251,AgroSat_BR,Arroz,192.08,Sequeiro,Arenoso,Verao,6.59,32.6,34.96,2253.43,30.86,54.55,0.647,0
FAZ_03252,Sentinel_Agro,Arroz,307.47,Gotejamento,Franco,Inverno,4.39,60.02,44.75,1489.09,14.25,66.69,0.736,0
FAZ_03253,Sentinel_Agro,Cenoura,337.13,Sequeiro,Franco,Outono,9.8,59.57,49.07,4638.83,12.55,82.68,0.772,0
FAZ_03254,Sentinel_Agro,Milho,290.23,Gotejamento,Organico,Primavera,12.63,95.61,57.68,2057.9,18.25,80.33,0.859,0
FAZ_03255,AgroSat_BR,Cenoura,367.73,Sequeiro,Calcario,Inverno,2.89,111.04,43.7,2671.64,20.05,69.93,0.66,0
FAZ_03256,AgroSat_BR,Trigo,515.78,Aspersao,Franco,Verao,17.99,123.63,47.32,5650.66,33.93,62.19,0.696,0
FAZ_03257,AgroSat_BR,Cana_de_Acucar,395.17,Gotejamento,Organico,Primavera,16.81,84.07,60.3,4620.39,20.78,78.43,0.861,0
FAZ_03258,Gaia_Vision,Arroz,480.78,Gotejamento,Argiloso,Outono,9.56,141.07,64.86,5695.41,24.49,85.37,0.775,0
FAZ_03259,AgroSat_BR,Batata,220.11,Manual,Franco,Verao,3.23,70.71,38.68,2581.57,32.36,38.81,0.589,0
FAZ_03260,Gaia_Vision,Cenoura,368.34,Sequeiro,Siltoso,Primavera,,122.99,51.76,1845.26,11.55,82.54,0.686,0
FAZ_03261,Sentinel_Agro,Arroz,793.36,Inundacao,Arenoso,Verao,27.21,204.97,53.9,10040.71,34.76,54.57,0.417,1
FAZ_03262,Sentinel_Agro,Cana_de_Acucar,275.73,Sequeiro,Organico,Outono,9.98,48.3,39.66,3944.28,19.88,71.68,0.703,0
FAZ_03263,Sentinel_Agro,Cana_de_Acucar,430.14,Manual,Franco,Inverno,19.81,82.59,43.23,4334.17,24.8,51.76,0.685,0
FAZ_03264,OrbSat_Field,Batata,441.22,Gotejamento,Franco,Primavera,14.25,187.66,39.62,5465.83,28.57,55.8,0.51,1
FAZ_03265,OrbSat_Field,Trigo,256.61,Inundacao,Calcario,Primavera,6.44,59.47,41.79,5595.06,32.19,51.97,0.709,0
FAZ_03266,TerraScan_X,Cenoura,211.88,Aspersao,Organico,Outono,4.94,70.36,40.26,1343.3,26.57,72.16,0.682,0
FAZ_03267,TerraScan_X,Algodao,379.32,Aspersao,Siltoso,Verao,6.91,58.11,56.24,2902.0,32.46,67.7,0.736,0
FAZ_03268,TerraScan_X,Cenoura,378.0,Gotejamento,Franco,Verao,7.25,95.91,45.29,5054.1,37.57,61.09,0.638,0
FAZ_03269,OrbSat_Field,Tomate,332.08,Aspersao,Argiloso,Verao,12.2,131.41,45.04,3907.69,24.35,83.47,0.75,0
FAZ_03270,OrbSat_Field,Soja,1049.89,Inundacao,Arenoso,Primavera,27.78,94.88,95.0,12534.06,26.18,63.63,0.718,1
FAZ_03271,TerraScan_X,Milho,245.44,Gotejamento,Organico,Primavera,11.05,74.51,45.42,2439.85,24.95,,0.596,0
FAZ_03272,TerraScan_X,Cana_de_Acucar,361.25,Inundacao,Franco,Verao,13.1,59.57,52.08,8358.18,38.55,68.67,0.839,0
FAZ_03273,AgroSat_BR,Algodao,696.92,Sequeiro,Calcario,Primavera,17.37,267.0,48.71,4347.94,21.73,67.87,0.597,1
FAZ_03274,TerraScan_X,Milho,197.47,Gotejamento,Calcario,Inverno,8.37,16.85,48.24,1719.04,26.7,70.67,0.721,0
FAZ_03275,AgroSat_BR,Arroz,421.44,Manual,Arenoso,Outono,9.68,131.94,62.4,4043.55,25.05,57.29,0.62,0
FAZ_03276,Gaia_Vision,Cenoura,308.24,Inundacao,Organico,Outono,10.48,19.7,38.77,9800.36,21.07,65.04,,0
FAZ_03277,OrbSat_Field,Milho,385.73,Gotejamento,Organico,Primavera,15.11,50.24,52.28,3157.25,32.05,61.15,0.699,0
FAZ_03278,TerraScan_X,Arroz,505.91,Manual,Organico,Inverno,10.57,132.3,57.81,5191.48,19.13,77.76,0.822,0
FAZ_03279,OrbSat_Field,Soja,168.22,Gotejamento,Siltoso,Inverno,6.34,30.71,48.54,800.0,16.48,81.47,0.766,0
FAZ_03280,OrbSat_Field,Arroz,566.91,Aspersao,Argiloso,Verao,18.84,139.44,65.35,6195.71,24.84,74.99,0.71,1
FAZ_03281,OrbSat_Field,Algodao,440.3,Gotejamento,Calcario,Outono,10.62,156.24,57.57,3161.56,30.84,54.18,0.631,0
FAZ_03282,Gaia_Vision,Cana_de_Acucar,267.01,Inundacao,Organico,Outono,11.16,93.48,49.32,5588.96,26.94,57.77,0.613,0
FAZ_03283,Sentinel_Agro,Batata,289.0,Aspersao,Siltoso,Outono,7.88,89.06,61.41,2750.48,19.61,91.49,0.733,0
FAZ_03284,TerraScan_X,Arroz,178.49,Aspersao,Organico,Primavera,2.75,65.85,41.46,1873.17,26.04,72.93,0.709,0
FAZ_03285,Sentinel_Agro,Cenoura,388.8,Gotejamento,Organico,Inverno,14.52,41.43,69.82,5059.35,21.38,71.32,0.805,0
FAZ_03286,Sentinel_Agro,Milho,382.76,Manual,Siltoso,Verao,17.15,23.62,49.57,2862.54,34.61,49.78,0.539,1
FAZ_03287,Sentinel_Agro,Batata,329.13,Sequeiro,Argiloso,Primavera,8.1,108.31,44.03,2391.32,32.33,37.72,0.415,0
FAZ_03288,OrbSat_Field,Batata,299.92,Inundacao,Arenoso,Verao,7.65,199.27,50.79,8549.55,25.45,59.05,0.55,1
FAZ_03289,AgroSat_BR,Milho,792.81,Aspersao,,Primavera,26.06,123.92,83.31,6599.75,18.34,87.22,0.73,0
FAZ_03290,OrbSat_Field,Milho,501.58,Gotejamento,Franco,Outono,13.11,36.92,77.06,3756.62,31.58,51.34,0.729,0
FAZ_03291,OrbSat_Field,Cana_de_Acucar,277.46,Sequeiro,Organico,Verao,12.8,52.89,48.91,2772.63,30.46,63.39,0.754,0
FAZ_03292,Sentinel_Agro,Algodao,341.36,Gotejamento,Argiloso,Inverno,13.21,196.28,58.83,4091.6,23.96,78.97,0.667,0
FAZ_03293,OrbSat_Field,Soja,324.94,Gotejamento,Calcario,Inverno,6.89,105.69,61.38,3367.58,18.98,75.6,0.792,0
FAZ_03294,Sentinel_Agro,Algodao,285.3,Aspersao,Franco,Primavera,7.4,106.74,46.94,3584.5,23.03,73.94,0.743,0
FAZ_03295,AgroSat_BR,Milho,434.49,Manual,Organico,Outono,18.97,44.13,61.91,4510.87,18.17,81.78,0.829,0
FAZ_03296,TerraScan_X,Cenoura,474.7,Aspersao,Franco,Primavera,18.03,133.3,49.19,3686.94,30.99,50.46,0.601,1
FAZ_03297,Sentinel_Agro,Trigo,344.45,Gotejamento,Siltoso,Verao,5.23,34.13,50.56,3195.07,30.58,69.93,0.756,0
FAZ_03298,AgroSat_BR,Trigo,195.2,Inundacao,Calcario,Inverno,5.35,52.84,44.38,5963.94,25.62,51.18,0.675,1
FAZ_03299,TerraScan_X,Soja,565.45,Inundacao,Argiloso,Inverno,12.58,110.76,64.79,8328.03,24.22,70.57,0.635,0
FAZ_03300,Gaia_Vision,Milho,180.03,Inundacao,Argiloso,Inverno,9.71,51.35,40.21,5854.31,18.42,59.51,0.837,0
FAZ_03301,Sentinel_Agro,Trigo,328.97,Gotejamento,Calcario,Inverno,6.71,80.05,44.46,3170.12,25.73,80.4,0.86,0
FAZ_03302,Sentinel_Agro,Soja,377.55,Manual,Arenoso,Verao,4.28,35.39,46.33,2231.73,32.62,49.88,0.636,0
FAZ_03303,Gaia_Vision,Batata,245.77,Aspersao,Arenoso,Inverno,4.36,119.18,39.89,2515.66,24.24,55.97,0.645,0
FAZ_03304,Gaia_Vision,Soja,225.9,Inundacao,Franco,Primavera,7.57,13.22,41.15,6703.78,16.04,69.55,0.86,1
FAZ_03305,Sentinel_Agro,Batata,327.88,Inundacao,Siltoso,Inverno,4.56,112.29,55.29,6975.34,8.48,71.6,,0
FAZ_03306,Gaia_Vision,Cana_de_Acucar,590.64,Aspersao,Franco,Verao,22.7,49.28,84.03,7797.33,20.07,84.44,0.793,1
FAZ_03307,OrbSat_Field,Trigo,475.11,Aspersao,Organico,Outono,13.49,89.7,62.3,3642.22,36.38,70.37,0.656,0
FAZ_03308,TerraScan_X,Soja,747.02,Gotejamento,Argiloso,Outono,16.26,161.79,67.14,5409.42,21.93,67.59,0.704,0
FAZ_03309,TerraScan_X,Soja,427.0,Aspersao,Franco,Inverno,10.65,118.89,62.94,4010.34,14.65,84.93,0.875,0
FAZ_03310,TerraScan_X,Soja,812.74,Aspersao,Franco,Outono,20.9,247.88,68.6,7565.4,34.0,63.41,0.529,1
FAZ_03311,OrbSat_Field,Cenoura,676.42,Manual,Calcario,Verao,8.74,160.65,78.42,4683.53,32.86,48.46,0.571,1
FAZ_03312,Gaia_Vision,Soja,402.9,Gotejamento,Argiloso,Inverno,14.28,65.74,45.2,4021.82,15.78,79.13,,0
FAZ_03313,AgroSat_BR,Cenoura,602.26,Sequeiro,Argiloso,Verao,13.83,97.41,48.79,6832.26,19.42,,0.731,0
FAZ_03314,Gaia_Vision,Cana_de_Acucar,853.94,Aspersao,Arenoso,Outono,17.45,76.34,95.0,7361.55,25.54,64.56,0.695,0
FAZ_03315,Sentinel_Agro,Tomate,539.34,Aspersao,Arenoso,Outono,15.21,209.34,60.87,3418.55,21.51,81.26,0.782,0
FAZ_03316,TerraScan_X,Milho,259.29,Gotejamento,Argiloso,Inverno,10.36,7.34,55.72,3079.21,24.9,69.88,0.775,0
FAZ_03317,Gaia_Vision,Batata,296.4,Inundacao,Franco,Outono,8.88,147.4,42.72,7931.09,32.16,61.52,0.63,1
FAZ_03318,AgroSat_BR,Milho,610.03,Manual,Organico,Inverno,12.4,76.73,79.83,2716.78,26.17,74.34,0.713,0
FAZ_03319,Sentinel_Agro,Algodao,223.91,Sequeiro,Franco,Inverno,7.15,79.6,43.34,1167.86,18.2,,0.677,0
FAZ_03320,OrbSat_Field,Trigo,597.91,Aspersao,Organico,Primavera,14.01,27.98,88.81,4122.25,24.41,61.3,0.746,0
FAZ_03321,OrbSat_Field,Arroz,515.58,Aspersao,Argiloso,Primavera,18.16,112.93,56.84,6393.13,31.0,66.61,0.619,1
FAZ_03322,AgroSat_BR,Cana_de_Acucar,313.93,Manual,Calcario,Primavera,15.45,67.79,38.07,4100.15,21.5,68.32,0.603,0
FAZ_03323,Sentinel_Agro,Cenoura,702.61,Manual,Organico,Verao,20.62,88.63,52.2,5483.35,28.94,53.82,0.612,0
FAZ_03324,TerraScan_X,Algodao,154.42,Sequeiro,Arenoso,Outono,2.61,75.97,26.28,1140.62,37.3,54.85,0.591,0
FAZ_03325,Gaia_Vision,Soja,658.01,Gotejamento,Calcario,Outono,21.77,182.85,82.83,6730.33,19.35,72.48,0.735,1
FAZ_03326,Sentinel_Agro,Algodao,672.9,Manual,Argiloso,Primavera,17.06,116.34,75.96,5004.72,29.21,54.04,0.522,1
FAZ_03327,OrbSat_Field,Algodao,374.09,Gotejamento,Siltoso,Inverno,6.01,158.85,38.45,5255.27,21.29,68.45,,0
FAZ_03328,AgroSat_BR,Batata,283.87,Aspersao,Organico,Inverno,9.41,150.49,46.22,4868.52,20.2,76.77,0.677,0
FAZ_03329,AgroSat_BR,Arroz,187.18,Gotejamento,Organico,Inverno,2.79,42.55,47.37,998.12,20.79,76.55,0.78,0
FAZ_03330,Gaia_Vision,Algodao,257.28,Inundacao,Calcario,Inverno,3.34,88.53,50.44,7411.51,10.21,80.64,0.711,0
FAZ_03331,AgroSat_BR,Batata,225.77,Inundacao,Siltoso,Verao,6.37,102.26,38.46,3940.69,33.79,58.81,0.661,0
FAZ_03332,AgroSat_BR,Soja,432.74,Gotejamento,Siltoso,Outono,7.91,114.04,67.25,2113.46,20.09,77.32,0.768,0
FAZ_03333,Sentinel_Agro,Milho,568.11,Aspersao,Argiloso,Primavera,26.09,115.85,46.33,6652.37,25.41,63.4,0.582,1
FAZ_03334,TerraScan_X,Soja,238.66,Aspersao,Calcario,Verao,6.09,74.63,38.93,800.0,26.48,68.53,0.766,0
FAZ_03335,Gaia_Vision,Trigo,534.06,Aspersao,Franco,Outono,6.71,69.52,61.91,4724.1,23.01,62.03,0.741,0
FAZ_03336,Sentinel_Agro,Algodao,347.18,Gotejamento,Siltoso,Verao,10.51,117.13,50.05,4418.37,25.98,80.64,0.688,0
FAZ_03337,TerraScan_X,Algodao,322.92,Aspersao,Organico,Inverno,9.5,145.25,59.65,3797.7,19.27,61.49,,0
FAZ_03338,Sentinel_Agro,Milho,631.67,Manual,Siltoso,Verao,25.44,132.83,60.89,5479.86,21.99,65.54,0.724,1
FAZ_03339,Sentinel_Agro,Cana_de_Acucar,803.7,Aspersao,Argiloso,Verao,32.67,264.56,77.0,7421.54,42.72,,0.447,1
FAZ_03340,AgroSat_BR,Algodao,152.8,Aspersao,Argiloso,Inverno,4.16,87.49,47.89,1697.64,19.51,85.29,0.767,0
FAZ_03341,TerraScan_X,Arroz,521.01,Sequeiro,Organico,Inverno,13.24,77.77,47.61,4690.65,31.31,,0.526,0
FAZ_03342,Gaia_Vision,Tomate,198.62,Gotejamento,Organico,Primavera,8.35,120.21,38.21,1017.63,22.69,76.35,0.652,0
FAZ_03343,Gaia_Vision,Algodao,432.44,Manual,Organico,Primavera,10.96,102.37,63.16,3427.89,23.57,47.29,0.56,0
FAZ_03344,TerraScan_X,Tomate,281.65,Aspersao,Franco,Outono,,136.73,44.99,4361.76,19.1,81.43,0.742,0
FAZ_03345,AgroSat_BR,Soja,881.84,Sequeiro,Organico,Primavera,31.77,144.33,65.61,6117.88,30.16,58.01,0.64,1
FAZ_03346,OrbSat_Field,Cana_de_Acucar,542.9,Aspersao,Calcario,Primavera,13.42,68.68,69.56,4076.31,19.36,69.53,0.796,0
FAZ_03347,Sentinel_Agro,Batata,261.03,Manual,Argiloso,Outono,9.3,114.84,46.27,6366.85,18.99,65.21,0.639,0
FAZ_03348,AgroSat_BR,Cenoura,340.57,Gotejamento,Argiloso,Verao,13.42,26.33,62.57,2349.36,30.24,66.95,0.763,0
FAZ_03349,TerraScan_X,Cana_de_Acucar,384.21,Sequeiro,Siltoso,Verao,10.66,34.46,37.04,2868.22,30.01,56.56,0.731,0
FAZ_03350,Sentinel_Agro,Cenoura,228.6,Aspersao,Organico,Verao,4.47,52.87,54.04,1416.87,25.6,70.5,0.805,0
FAZ_03351,Gaia_Vision,Soja,415.84,Inundacao,Franco,Inverno,16.24,100.66,46.89,8142.11,23.31,63.73,0.649,1
FAZ_03352,OrbSat_Field,Cana_de_Acucar,617.52,Gotejamento,Calcario,Outono,15.73,136.11,54.28,8511.6,12.1,84.53,0.799,1
FAZ_03353,Gaia_Vision,Batata,170.12,Sequeiro,Arenoso,Verao,4.78,59.74,29.47,1489.57,26.22,70.81,0.74,0
FAZ_03354,TerraScan_X,Cenoura,314.45,Inundacao,Siltoso,Primavera,7.13,57.53,60.69,4913.45,16.54,77.8,0.887,0
FAZ_03355,Sentinel_Agro,Milho,702.68,Gotejamento,Calcario,Primavera,24.44,146.21,67.88,5851.58,23.76,73.49,0.696,0
FAZ_03356,TerraScan_X,Arroz,851.31,Gotejamento,Franco,Primavera,17.71,74.45,73.45,9155.71,33.29,62.53,0.689,1
FAZ_03357,Sentinel_Agro,Cana_de_Acucar,485.42,Aspersao,Organico,Outono,12.88,113.13,52.19,6090.06,12.7,80.89,0.727,0
FAZ_03358,AgroSat_BR,Soja,249.29,Gotejamento,Franco,Outono,6.98,35.92,54.56,2895.17,27.43,81.6,0.78,0
FAZ_03359,OrbSat_Field,Algodao,535.93,Aspersao,Arenoso,Primavera,11.24,219.67,43.09,5575.12,22.38,67.08,0.528,0
FAZ_03360,AgroSat_BR,Batata,574.83,Sequeiro,Calcario,Inverno,9.0,204.73,49.37,7434.68,16.96,57.38,0.486,1
FAZ_03361,AgroSat_BR,Cenoura,426.01,Inundacao,Franco,Inverno,9.83,89.87,48.73,8800.08,25.76,51.45,0.596,1
FAZ_03362,TerraScan_X,Cenoura,313.84,Sequeiro,Arenoso,Verao,12.56,43.06,31.84,3100.74,17.82,52.71,0.541,0
FAZ_03363,OrbSat_Field,Arroz,519.77,Aspersao,Arenoso,Verao,10.71,66.55,55.57,7175.7,24.25,78.41,0.666,1
FAZ_03364,Sentinel_Agro,Cenoura,363.22,Manual,Calcario,Verao,12.93,72.46,35.15,3001.0,22.92,50.7,0.579,0
FAZ_03365,Sentinel_Agro,Tomate,538.91,Aspersao,Arenoso,Verao,11.27,195.04,60.17,4815.67,19.47,86.16,0.706,0
FAZ_03366,Gaia_Vision,Trigo,249.46,Aspersao,Calcario,Verao,5.98,57.77,48.17,3936.13,32.33,56.85,0.718,0
FAZ_03367,Sentinel_Agro,Tomate,259.83,Aspersao,Franco,Outono,11.22,130.85,42.89,800.0,24.69,56.42,0.613,1
FAZ_03368,TerraScan_X,Cenoura,523.56,Aspersao,Organico,Outono,5.96,110.2,60.87,5143.73,27.7,65.56,0.69,0
FAZ_03369,AgroSat_BR,Batata,249.65,Sequeiro,Argiloso,Inverno,5.78,101.78,42.05,2987.22,24.52,77.2,0.793,0
FAZ_03370,AgroSat_BR,Cana_de_Acucar,373.32,Aspersao,Argiloso,Inverno,5.36,53.99,62.77,2526.26,27.01,64.04,0.701,0
FAZ_03371,AgroSat_BR,Soja,353.16,Manual,Franco,Outono,12.3,91.06,41.31,3095.15,27.09,,0.792,0
FAZ_03372,OrbSat_Field,Algodao,233.14,Inundacao,Organico,Inverno,6.91,113.84,35.08,3560.08,18.29,56.17,0.573,0
FAZ_03373,Sentinel_Agro,Cana_de_Acucar,282.75,Aspersao,Argiloso,Primavera,8.23,61.42,62.3,3289.13,27.7,68.93,0.771,0
FAZ_03374,TerraScan_X,Milho,148.7,Aspersao,Arenoso,Inverno,8.35,36.29,46.92,2037.41,19.26,80.28,0.77,0
FAZ_03375,OrbSat_Field,Cana_de_Acucar,416.55,Aspersao,Franco,Primavera,17.74,52.19,60.04,4755.82,30.79,70.89,0.782,0
FAZ_03376,Gaia_Vision,Cana_de_Acucar,222.19,Gotejamento,Franco,Primavera,13.08,48.84,49.12,1226.76,30.92,71.32,0.749,0
FAZ_03377,TerraScan_X,Soja,273.53,Manual,Siltoso,Verao,3.67,30.9,50.76,1952.74,24.77,62.32,0.816,0
FAZ_03378,TerraScan_X,Arroz,481.95,Sequeiro,Siltoso,Inverno,14.08,48.3,64.29,5604.55,11.53,87.46,0.937,0
FAZ_03379,TerraScan_X,Cenoura,710.83,Gotejamento,Siltoso,Primavera,21.5,99.4,85.34,3633.87,20.2,69.37,0.793,0
FAZ_03380,AgroSat_BR,Arroz,336.53,Sequeiro,Calcario,Inverno,11.2,95.02,49.51,2371.7,29.14,52.15,0.525,0
FAZ_03381,TerraScan_X,Milho,255.9,Gotejamento,Organico,Inverno,5.2,41.75,53.21,2435.62,33.89,57.75,0.723,0
FAZ_03382,Sentinel_Agro,Algodao,317.78,Inundacao,Franco,Outono,7.13,88.36,45.47,4529.86,14.7,70.39,0.831,0
FAZ_03383,TerraScan_X,Tomate,217.16,Aspersao,Siltoso,Outono,12.03,66.2,44.24,1991.83,31.1,64.84,0.723,0
FAZ_03384,AgroSat_BR,Algodao,516.68,Gotejamento,Franco,Verao,10.64,159.82,68.99,3615.28,25.32,75.17,0.717,0
FAZ_03385,TerraScan_X,Cenoura,159.43,Gotejamento,Arenoso,Inverno,3.21,44.35,49.15,1539.36,17.65,76.69,0.768,0
FAZ_03386,Gaia_Vision,Algodao,460.46,Aspersao,Siltoso,Outono,12.56,106.44,69.89,6287.82,32.46,56.1,0.767,1
FAZ_03387,Gaia_Vision,Trigo,451.01,Gotejamento,Franco,Primavera,17.11,118.59,53.54,3571.13,27.24,73.91,0.769,0
FAZ_03388,AgroSat_BR,Tomate,653.81,Gotejamento,Organico,Primavera,19.58,243.01,70.48,3903.61,31.27,67.83,0.651,0
FAZ_03389,Sentinel_Agro,Milho,367.58,Gotejamento,Calcario,Verao,12.96,90.6,37.85,2787.55,27.6,60.27,0.671,0
FAZ_03390,Sentinel_Agro,Cenoura,210.91,Gotejamento,Organico,Primavera,5.15,28.41,36.88,3069.24,31.7,49.35,0.704,0
FAZ_03391,OrbSat_Field,Batata,458.03,Gotejamento,Organico,Inverno,8.19,206.7,65.43,5974.48,19.39,83.9,0.687,1
FAZ_03392,AgroSat_BR,Milho,533.86,Inundacao,Siltoso,Primavera,13.32,155.51,50.95,10476.96,25.2,64.33,0.751,1
FAZ_03393,TerraScan_X,Trigo,623.79,Manual,Organico,Verao,12.83,51.29,67.1,5067.96,33.39,38.74,0.53,0
FAZ_03394,AgroSat_BR,Tomate,330.34,Gotejamento,Calcario,Verao,11.19,90.77,69.69,800.0,27.8,72.7,0.673,0
FAZ_03395,OrbSat_Field,Soja,522.65,Gotejamento,Argiloso,Primavera,5.83,49.52,50.79,5999.52,37.13,,0.616,1
FAZ_03396,AgroSat_BR,Trigo,447.54,Manual,Calcario,Inverno,7.17,59.88,50.7,7317.01,15.72,77.23,0.815,0
FAZ_03397,AgroSat_BR,Milho,327.76,Gotejamento,Arenoso,Outono,12.37,70.33,60.56,2298.2,29.38,62.69,0.771,0
FAZ_03398,OrbSat_Field,Cenoura,253.52,Manual,Calcario,Inverno,11.39,40.2,52.6,2299.38,18.27,62.81,0.733,0
FAZ_03399,Sentinel_Agro,Cenoura,301.45,Gotejamento,Franco,Inverno,10.0,28.08,68.21,2381.18,25.93,,0.95,0
FAZ_03400,TerraScan_X,Tomate,335.33,Gotejamento,Argiloso,Inverno,12.58,113.87,49.52,3784.8,22.13,82.41,0.861,0
FAZ_03401,OrbSat_Field,Arroz,196.3,Gotejamento,Siltoso,Primavera,7.37,28.2,43.16,828.83,29.89,66.99,0.801,0
FAZ_03402,Gaia_Vision,Tomate,526.17,Aspersao,Franco,Outono,23.74,216.66,65.92,6925.7,19.48,73.12,0.572,1
FAZ_03403,Sentinel_Agro,Tomate,620.69,Manual,Calcario,Inverno,,191.7,67.09,8491.52,21.35,78.99,0.742,1
FAZ_03404,Gaia_Vision,Trigo,947.64,Gotejamento,Franco,Outono,24.01,75.55,95.0,10958.28,23.28,95.26,0.95,0
FAZ_03405,Sentinel_Agro,Cenoura,252.34,Sequeiro,Organico,Verao,8.74,74.11,42.75,1102.02,25.75,54.45,0.72,0
FAZ_03406,TerraScan_X,Milho,441.57,Aspersao,Franco,Outono,9.0,41.4,76.68,3792.69,22.76,,0.848,0
FAZ_03407,TerraScan_X,Soja,573.36,Sequeiro,Franco,Primavera,15.63,85.12,48.68,7707.36,23.17,61.45,0.637,1
FAZ_03408,AgroSat_BR,Algodao,727.12,Gotejamento,Calcario,Verao,16.84,109.73,72.85,8788.34,30.49,65.02,0.71,0
FAZ_03409,Gaia_Vision,Cana_de_Acucar,155.94,Gotejamento,Arenoso,Verao,7.34,16.33,52.16,1050.35,27.65,88.14,0.94,0
FAZ_03410,Sentinel_Agro,Soja,270.87,Inundacao,Calcario,Inverno,7.81,59.44,49.62,4895.3,14.76,64.15,0.766,0
FAZ_03411,TerraScan_X,Algodao,534.32,Gotejamento,Siltoso,Outono,8.05,154.39,48.81,5048.45,30.24,63.11,0.562,0
FAZ_03412,OrbSat_Field,Arroz,386.11,Manual,Argiloso,Verao,13.77,59.1,45.1,3229.29,29.32,43.65,0.634,0
FAZ_03413,TerraScan_X,Milho,181.74,Aspersao,Organico,Verao,3.77,1.26,48.68,1650.09,27.62,75.85,0.839,0
FAZ_03414,OrbSat_Field,Cenoura,609.35,Inundacao,Arenoso,Outono,9.2,148.75,73.86,8660.81,24.13,53.45,0.519,1
FAZ_03415,Sentinel_Agro,Batata,490.77,Gotejamento,Argiloso,Outono,,150.15,63.22,4106.78,25.53,61.07,0.664,0
FAZ_03416,TerraScan_X,Tomate,268.39,Inundacao,Argiloso,Verao,5.52,113.63,41.16,7737.69,20.68,67.12,0.663,0
FAZ_03417,TerraScan_X,Soja,425.41,Inundacao,Arenoso,Verao,16.66,104.83,63.94,6207.7,12.8,65.91,0.668,0
FAZ_03418,Sentinel_Agro,Algodao,318.99,Manual,Organico,Outono,7.99,100.8,46.24,1487.74,34.86,53.38,0.602,0
FAZ_03419,TerraScan_X,Batata,235.22,Aspersao,Siltoso,Primavera,4.48,129.88,45.23,1704.45,24.17,82.94,0.733,0
FAZ_03420,OrbSat_Field,Soja,326.38,Sequeiro,Arenoso,Outono,5.94,31.46,36.47,2221.3,25.73,74.04,0.696,0
FAZ_03421,TerraScan_X,Milho,178.19,Sequeiro,Arenoso,Primavera,10.13,23.47,41.07,3447.38,30.41,62.89,0.678,0
FAZ_03422,Gaia_Vision,Cenoura,715.54,Sequeiro,Arenoso,Verao,9.47,170.76,43.13,9436.84,24.52,64.31,0.594,1
FAZ_03423,AgroSat_BR,Soja,697.25,Inundacao,Organico,Inverno,17.65,141.53,95.0,10828.97,14.46,78.41,0.756,1
FAZ_03424,OrbSat_Field,Soja,246.77,Aspersao,Arenoso,Outono,2.96,50.07,43.49,1565.07,27.18,50.07,0.579,1
FAZ_03425,Gaia_Vision,Cenoura,627.93,Gotejamento,Arenoso,Verao,20.08,172.34,54.8,6953.27,32.05,47.54,0.531,1
FAZ_03426,Sentinel_Agro,Arroz,270.14,Sequeiro,Franco,Verao,8.84,57.58,50.2,5161.84,28.44,61.74,0.843,0
FAZ_03427,OrbSat_Field,Trigo,617.23,Sequeiro,Franco,Inverno,14.13,115.4,51.74,6492.96,21.63,52.96,0.683,0
FAZ_03428,AgroSat_BR,Soja,668.09,Gotejamento,Franco,Outono,23.07,125.01,87.89,5970.57,28.46,54.4,0.602,1
FAZ_03429,AgroSat_BR,Cenoura,601.9,Aspersao,Franco,Verao,18.81,68.12,73.93,6740.64,16.99,75.1,0.776,1
FAZ_03430,Sentinel_Agro,Trigo,148.31,Sequeiro,Arenoso,Primavera,3.36,13.14,41.54,2133.37,22.41,73.99,0.825,0
FAZ_03431,Sentinel_Agro,Cenoura,315.78,Gotejamento,Franco,Inverno,11.09,20.08,52.11,4480.95,20.38,61.63,0.746,0
FAZ_03432,OrbSat_Field,Cenoura,606.42,Gotejamento,Argiloso,Primavera,18.82,94.48,71.91,3109.78,10.86,98.0,0.921,0
FAZ_03433,TerraScan_X,Arroz,580.8,Sequeiro,Siltoso,Outono,19.8,178.43,65.19,5595.28,22.6,55.93,0.556,1
FAZ_03434,Sentinel_Agro,Cenoura,263.13,Manual,Franco,Primavera,9.75,35.66,51.44,3039.85,23.11,55.13,0.784,0
FAZ_03435,TerraScan_X,Milho,418.08,Sequeiro,Organico,Inverno,17.49,74.46,68.92,2674.3,11.0,85.31,0.831,0
FAZ_03436,Gaia_Vision,Soja,597.79,Gotejamento,Siltoso,Verao,22.5,91.94,67.54,5723.36,43.02,44.17,0.592,0
FAZ_03437,AgroSat_BR,Algodao,595.13,Gotejamento,Calcario,Inverno,15.12,244.42,68.44,3494.67,20.49,82.51,0.733,0
FAZ_03438,TerraScan_X,Algodao,618.51,Inundacao,Calcario,Verao,9.15,170.17,56.51,12826.1,42.21,30.01,0.423,1
FAZ_03439,AgroSat_BR,Algodao,520.7,Aspersao,Argiloso,Verao,9.76,172.81,49.42,4734.62,20.27,77.27,0.696,0
FAZ_03440,TerraScan_X,Cenoura,582.22,Aspersao,Siltoso,Primavera,11.72,57.04,55.55,5737.28,18.31,61.95,0.755,0
FAZ_03441,Gaia_Vision,Batata,567.04,Sequeiro,Siltoso,Inverno,12.25,200.85,61.94,4820.98,11.14,63.24,0.573,0
FAZ_03442,Sentinel_Agro,Trigo,542.44,Sequeiro,Argiloso,Inverno,10.57,132.07,53.97,5497.06,24.45,65.91,0.644,0
FAZ_03443,Gaia_Vision,Trigo,352.53,Aspersao,Calcario,Verao,4.7,83.34,58.63,2857.16,33.1,70.03,0.714,0
FAZ_03444,Sentinel_Agro,Cenoura,327.88,Gotejamento,Franco,Inverno,5.11,94.45,57.08,4410.29,24.35,72.71,0.733,0
FAZ_03445,Sentinel_Agro,Milho,629.97,Gotejamento,Argiloso,Outono,25.16,160.63,90.25,3929.39,17.53,82.41,0.704,1
FAZ_03446,AgroSat_BR,Milho,241.22,Aspersao,Organico,Outono,10.64,15.72,50.5,3862.94,34.4,,0.705,0
FAZ_03447,Gaia_Vision,Tomate,335.41,Gotejamento,Argiloso,Primavera,10.27,154.66,47.04,3583.55,34.84,54.91,0.635,0
FAZ_03448,TerraScan_X,Cenoura,351.36,Aspersao,Arenoso,Primavera,7.44,35.84,56.17,5020.52,33.25,57.87,0.763,0
FAZ_03449,Gaia_Vision,Cana_de_Acucar,468.29,Aspersao,Calcario,Inverno,14.08,103.08,63.93,4769.05,14.85,87.87,0.825,0
FAZ_03450,AgroSat_BR,Arroz,454.3,Sequeiro,Arenoso,Primavera,9.17,142.19,48.6,2188.03,34.21,48.89,0.505,0
FAZ_03451,Sentinel_Agro,Algodao,926.72,Aspersao,Calcario,Inverno,20.09,206.05,51.46,11064.34,25.95,66.05,0.558,1
FAZ_03452,AgroSat_BR,Arroz,408.4,Inundacao,Calcario,Primavera,13.66,43.13,48.91,10577.26,24.01,52.31,0.697,0
FAZ_03453,OrbSat_Field,Algodao,341.18,Manual,Siltoso,Outono,11.83,99.18,45.22,2948.8,18.82,78.93,0.786,0
FAZ_03454,OrbSat_Field,Cenoura,393.67,Inundacao,Franco,Verao,6.08,52.48,43.17,7780.47,29.33,61.04,0.655,1
FAZ_03455,TerraScan_X,Batata,298.31,Sequeiro,Franco,Verao,6.1,120.54,48.8,2577.77,37.33,57.59,0.626,0
FAZ_03456,AgroSat_BR,Tomate,261.54,Inundacao,Calcario,Outono,13.2,78.18,45.75,4630.35,28.83,54.63,0.635,0
FAZ_03457,TerraScan_X,Milho,348.86,Sequeiro,Calcario,Verao,12.13,28.23,49.89,4012.54,26.19,71.57,0.747,0
FAZ_03458,TerraScan_X,Batata,711.88,Aspersao,Arenoso,Inverno,14.81,153.09,65.94,6176.31,21.26,61.94,0.567,1
FAZ_03459,OrbSat_Field,Arroz,545.05,Inundacao,Organico,Inverno,8.53,82.9,56.03,9817.6,13.76,63.89,0.749,0
FAZ_03460,TerraScan_X,Arroz,412.64,Inundacao,Argiloso,Outono,12.16,44.01,60.56,9079.96,25.22,58.75,0.589,0
FAZ_03461,OrbSat_Field,Milho,520.61,Sequeiro,Calcario,Outono,14.65,113.96,52.6,3554.56,14.61,70.42,0.74,0
FAZ_03462,Sentinel_Agro,Tomate,339.43,Gotejamento,Calcario,Outono,11.61,130.89,49.46,2591.44,21.62,78.94,0.732,0
FAZ_03463,AgroSat_BR,Algodao,209.66,Gotejamento,Argiloso,Outono,5.63,120.69,48.78,2019.76,33.43,64.59,0.728,0
FAZ_03464,TerraScan_X,Batata,761.7,Inundacao,Argiloso,Verao,20.86,318.64,34.36,11677.93,41.45,29.41,0.233,1
FAZ_03465,OrbSat_Field,Tomate,356.99,Gotejamento,Organico,Verao,8.03,122.88,54.12,4263.7,27.75,65.94,0.546,0
FAZ_03466,Gaia_Vision,Soja,802.98,Inundacao,Organico,Verao,23.95,82.97,93.38,13864.47,33.65,63.1,0.737,1
FAZ_03467,TerraScan_X,Trigo,261.31,Sequeiro,Argiloso,Inverno,6.65,80.17,37.47,4871.65,41.67,42.18,0.566,1
FAZ_03468,Sentinel_Agro,Algodao,164.11,Sequeiro,Calcario,Primavera,2.99,96.84,24.07,1653.55,38.11,38.45,0.503,0
FAZ_03469,Sentinel_Agro,Soja,295.58,Gotejamento,Calcario,Inverno,5.05,21.74,45.92,2489.96,18.66,67.86,0.742,0
FAZ_03470,Gaia_Vision,Algodao,317.67,Gotejamento,Argiloso,Primavera,7.85,81.34,60.94,3940.27,17.82,76.14,0.76,0
FAZ_03471,OrbSat_Field,Algodao,348.86,Inundacao,Calcario,Outono,8.12,66.67,49.42,6595.46,25.05,66.24,0.676,0
FAZ_03472,TerraScan_X,Algodao,378.49,Inundacao,Organico,Outono,14.11,127.3,67.25,9389.03,38.63,64.53,0.735,1
FAZ_03473,OrbSat_Field,Tomate,344.18,Inundacao,Argiloso,Verao,7.99,168.86,51.95,6076.27,23.68,54.39,0.534,1
FAZ_03474,Sentinel_Agro,Tomate,583.42,Manual,Organico,Verao,25.35,206.5,75.12,6524.82,17.74,65.66,0.628,1
FAZ_03475,OrbSat_Field,Soja,343.3,Inundacao,Calcario,Primavera,8.43,78.15,51.39,8324.5,28.9,,0.83,0
FAZ_03476,Sentinel_Agro,Arroz,497.77,Gotejamento,Calcario,Primavera,8.82,88.01,58.11,7098.18,26.33,68.8,0.729,0
FAZ_03477,OrbSat_Field,Milho,368.89,Manual,Siltoso,Verao,14.41,76.91,59.21,3544.86,31.36,75.51,0.761,0
FAZ_03478,Gaia_Vision,Batata,369.78,Gotejamento,Arenoso,Outono,5.04,115.58,56.46,5603.99,24.86,69.91,0.704,0
FAZ_03479,AgroSat_BR,Batata,435.2,Gotejamento,Arenoso,Verao,7.69,166.03,55.37,4044.75,29.18,72.17,0.57,0
FAZ_03480,Gaia_Vision,Cana_de_Acucar,236.25,Manual,Organico,Outono,15.92,66.32,40.13,3771.8,17.69,63.08,0.72,0
FAZ_03481,Gaia_Vision,Cenoura,372.29,Inundacao,Argiloso,Outono,5.99,116.32,41.66,6198.48,27.7,28.05,0.524,1
FAZ_03482,AgroSat_BR,Cenoura,184.53,Inundacao,Arenoso,Inverno,0.2,44.97,41.8,8248.28,21.23,65.91,0.811,0
FAZ_03483,AgroSat_BR,Soja,454.78,Aspersao,Calcario,Inverno,13.4,105.99,57.52,4080.28,33.93,50.44,0.769,0
FAZ_03484,TerraScan_X,Algodao,241.98,Gotejamento,Franco,Primavera,6.12,105.15,33.1,1835.1,23.4,61.01,0.58,0
FAZ_03485,TerraScan_X,Algodao,440.91,Aspersao,Argiloso,Outono,10.88,133.96,54.53,6113.98,25.83,72.82,0.65,0
FAZ_03486,Gaia_Vision,Trigo,363.74,Inundacao,Organico,Verao,7.16,69.17,52.24,7188.09,20.52,65.96,0.761,0
FAZ_03487,Gaia_Vision,Arroz,557.56,Gotejamento,Calcario,Outono,8.65,128.37,63.66,6682.01,17.92,79.42,0.738,1
FAZ_03488,Sentinel_Agro,Cana_de_Acucar,540.38,Inundacao,Calcario,Primavera,24.25,153.83,60.34,10961.09,29.1,42.4,0.479,1
FAZ_03489,Sentinel_Agro,Tomate,329.07,Manual,Franco,Outono,10.55,109.94,37.3,3084.14,37.71,43.24,0.528,0
FAZ_03490,TerraScan_X,Algodao,508.69,Aspersao,Organico,Outono,8.25,239.18,71.23,6718.52,26.76,81.14,0.751,0
FAZ_03491,TerraScan_X,Cana_de_Acucar,187.63,Sequeiro,Argiloso,Primavera,10.95,73.11,31.77,2262.13,23.37,52.6,0.7,0
FAZ_03492,Sentinel_Agro,Batata,554.11,Sequeiro,Calcario,Outono,10.07,174.76,61.07,5975.48,14.42,64.67,0.672,1
FAZ_03493,Sentinel_Agro,Trigo,187.64,Sequeiro,Siltoso,Inverno,6.09,46.07,41.06,1199.54,21.98,73.85,0.779,0
FAZ_03494,OrbSat_Field,Tomate,464.18,Inundacao,Calcario,Primavera,21.33,103.03,67.73,9141.53,33.05,54.69,0.601,1
FAZ_03495,OrbSat_Field,Cana_de_Acucar,416.32,Aspersao,Siltoso,Inverno,13.4,60.76,62.02,2669.63,17.06,78.74,0.834,0
FAZ_03496,Sentinel_Agro,Soja,106.16,Aspersao,Siltoso,Primavera,3.19,27.39,41.38,1679.79,21.08,76.26,0.823,0
FAZ_03497,OrbSat_Field,Tomate,391.03,Manual,Argiloso,Outono,15.5,175.04,56.21,3697.28,18.78,59.39,0.526,1
FAZ_03498,AgroSat_BR,Cenoura,645.24,Gotejamento,Argiloso,Inverno,18.67,144.45,50.25,8854.22,26.9,56.31,0.634,1
FAZ_03499,TerraScan_X,Tomate,416.99,Manual,Franco,Inverno,14.55,112.2,52.42,921.96,21.22,52.03,0.674,0
FAZ_03500,TerraScan_X,Trigo,365.95,Inundacao,Calcario,Verao,9.31,34.17,63.4,4764.01,27.83,71.65,0.676,0
FAZ_03501,Sentinel_Agro,Tomate,654.13,Gotejamento,Argiloso,Inverno,22.69,195.6,57.68,4342.15,25.19,55.39,0.58,1
FAZ_03502,Gaia_Vision,Milho,412.31,Inundacao,Argiloso,Inverno,16.69,40.34,60.92,7414.56,16.81,71.23,0.854,1
FAZ_03503,Sentinel_Agro,Arroz,430.06,Gotejamento,Franco,Outono,5.95,62.64,48.91,3946.81,17.67,72.9,0.783,0
FAZ_03504,OrbSat_Field,Trigo,319.99,Gotejamento,Franco,Inverno,9.08,53.05,58.9,2645.93,22.57,82.46,0.862,0
FAZ_03505,Gaia_Vision,Soja,359.93,Sequeiro,Calcario,Inverno,10.65,71.44,39.41,2282.63,19.7,67.66,0.646,0
FAZ_03506,OrbSat_Field,Trigo,271.75,Aspersao,Organico,Inverno,5.92,47.08,50.38,2412.49,21.41,62.07,0.735,0
FAZ_03507,AgroSat_BR,Batata,332.84,Inundacao,Arenoso,Outono,6.87,97.52,43.09,6847.04,33.86,54.42,0.544,1
FAZ_03508,OrbSat_Field,Soja,320.5,Aspersao,Calcario,Primavera,8.64,72.19,51.81,3581.58,28.63,68.44,0.794,0
FAZ_03509,AgroSat_BR,Cenoura,247.48,Inundacao,Arenoso,Outono,8.5,76.67,41.49,5889.57,17.89,,0.604,1
FAZ_03510,AgroSat_BR,Tomate,402.63,Gotejamento,Organico,Inverno,12.09,122.2,58.57,2822.56,20.59,71.78,0.693,0
FAZ_03511,OrbSat_Field,Tomate,1015.86,Manual,Siltoso,Primavera,35.0,154.81,73.65,10611.48,22.56,72.8,0.686,1
FAZ_03512,OrbSat_Field,Batata,434.14,Manual,Calcario,Outono,11.83,145.96,67.9,3973.05,22.91,75.99,0.677,0
FAZ_03513,AgroSat_BR,Cana_de_Acucar,519.43,Sequeiro,Argiloso,Outono,15.01,19.94,59.67,4743.95,17.77,70.0,0.766,0
FAZ_03514,Gaia_Vision,Batata,469.63,Gotejamento,Franco,Primavera,5.34,101.41,53.34,2554.29,22.85,83.94,0.747,0
FAZ_03515,AgroSat_BR,Milho,313.62,Inundacao,Calcario,Verao,10.15,49.88,61.78,7057.16,25.45,64.13,0.701,0
FAZ_03516,TerraScan_X,Algodao,571.68,Manual,Franco,Inverno,19.62,120.08,59.26,6993.95,18.49,,0.736,1
FAZ_03517,AgroSat_BR,Cana_de_Acucar,326.61,Gotejamento,Siltoso,Verao,11.07,76.03,45.03,1554.97,30.1,65.65,0.778,0
FAZ_03518,Gaia_Vision,Algodao,682.34,Gotejamento,Franco,Inverno,15.9,146.6,86.15,7947.89,19.0,68.91,0.696,1
FAZ_03519,TerraScan_X,Cenoura,412.57,Manual,Siltoso,Inverno,6.53,105.51,56.02,4750.53,10.9,72.62,0.829,0
FAZ_03520,Sentinel_Agro,Arroz,410.86,Manual,Organico,Verao,13.15,92.02,43.86,2696.61,26.81,67.86,0.74,0
FAZ_03521,Sentinel_Agro,Arroz,369.24,Aspersao,Siltoso,Verao,7.66,82.08,57.6,5004.72,26.32,48.58,0.639,0
FAZ_03522,Gaia_Vision,Tomate,441.83,Gotejamento,Arenoso,Inverno,21.06,143.77,61.16,3011.21,24.9,66.05,0.641,0
FAZ_03523,AgroSat_BR,Arroz,634.67,Aspersao,Calcario,Primavera,16.12,201.8,65.78,6995.31,26.93,68.01,0.576,1
FAZ_03524,OrbSat_Field,Batata,359.2,Aspersao,Siltoso,Primavera,11.95,146.07,58.03,2178.99,29.15,72.71,0.647,0
FAZ_03525,Gaia_Vision,Cana_de_Acucar,510.7,Aspersao,Calcario,Verao,18.05,73.72,75.48,5678.47,31.54,60.15,0.658,0
FAZ_03526,TerraScan_X,Tomate,289.34,Aspersao,Organico,Verao,9.09,99.23,44.85,2959.01,30.55,70.47,0.693,0
FAZ_03527,TerraScan_X,Tomate,479.98,Inundacao,Siltoso,Outono,15.89,164.63,66.63,8733.73,24.77,63.48,0.646,1
FAZ_03528,Sentinel_Agro,Cana_de_Acucar,427.82,Manual,Organico,Primavera,20.09,142.96,40.6,4923.0,31.71,42.52,0.613,1
FAZ_03529,TerraScan_X,Cenoura,288.62,Manual,Arenoso,Primavera,6.25,50.05,47.71,2522.35,33.63,47.63,0.564,1
FAZ_03530,Gaia_Vision,Cenoura,501.16,Inundacao,Argiloso,Inverno,8.45,30.69,64.89,7700.08,23.41,62.75,0.692,0
FAZ_03531,TerraScan_X,Tomate,411.83,Gotejamento,Organico,Outono,15.49,119.62,54.26,5519.55,28.45,68.33,0.628,0
FAZ_03532,Gaia_Vision,Cenoura,388.88,Aspersao,Argiloso,Inverno,13.63,78.85,61.12,3392.72,14.03,77.98,0.805,0
FAZ_03533,OrbSat_Field,Milho,209.86,Gotejamento,Organico,Outono,8.21,56.35,46.85,2109.57,23.26,65.32,0.729,0
FAZ_03534,Sentinel_Agro,Milho,363.33,Aspersao,Siltoso,Primavera,13.51,52.19,50.13,5128.87,24.08,75.87,0.906,0
FAZ_03535,TerraScan_X,Algodao,697.3,Sequeiro,Argiloso,Inverno,10.77,199.38,49.84,6352.21,17.89,66.93,0.586,1
FAZ_03536,Gaia_Vision,Trigo,549.9,Inundacao,Organico,Outono,17.89,120.78,73.87,9831.53,35.62,52.82,0.687,1
FAZ_03537,AgroSat_BR,Soja,408.85,Gotejamento,Calcario,Inverno,5.7,74.6,51.52,3085.1,22.36,77.51,0.656,0
FAZ_03538,Sentinel_Agro,Arroz,907.57,Aspersao,Organico,Outono,21.38,89.31,95.0,11020.1,23.93,83.52,0.709,1
FAZ_03539,OrbSat_Field,Cenoura,720.08,Gotejamento,Argiloso,Verao,16.77,196.31,76.01,4197.87,21.97,76.85,0.739,0
FAZ_03540,Gaia_Vision,Milho,932.03,Gotejamento,Calcario,Inverno,33.47,220.82,95.0,8976.96,25.18,74.87,0.646,1
FAZ_03541,OrbSat_Field,Batata,282.16,Aspersao,Organico,Verao,3.35,112.4,53.51,1911.26,33.04,64.62,0.665,0
FAZ_03542,OrbSat_Field,Cana_de_Acucar,341.02,Aspersao,Argiloso,Outono,10.39,14.95,54.91,4475.21,20.77,75.12,0.79,0
FAZ_03543,TerraScan_X,Trigo,186.33,Gotejamento,Arenoso,Inverno,4.54,62.88,39.3,897.08,17.91,66.94,0.734,0
FAZ_03544,TerraScan_X,Algodao,228.4,Gotejamento,Franco,Outono,7.29,119.45,44.59,2192.49,21.46,69.93,0.756,0
FAZ_03545,Gaia_Vision,Soja,256.73,Inundacao,Arenoso,Outono,7.45,25.32,42.87,6161.74,26.56,48.73,0.723,1
FAZ_03546,AgroSat_BR,Milho,629.56,Inundacao,Argiloso,Verao,12.16,155.85,45.45,9696.83,27.53,51.07,0.6,1
FAZ_03547,Gaia_Vision,Algodao,634.86,Manual,Siltoso,Inverno,9.03,135.45,60.64,6391.56,14.45,69.11,0.74,1
FAZ_03548,AgroSat_BR,Trigo,488.94,Gotejamento,Siltoso,Primavera,16.08,54.55,58.35,3872.83,36.35,63.46,0.642,0
FAZ_03549,OrbSat_Field,Cana_de_Acucar,120.84,Manual,Franco,Outono,8.71,21.64,36.71,881.29,26.3,56.8,0.646,0
FAZ_03550,Sentinel_Agro,Arroz,296.81,Inundacao,Argiloso,Verao,5.82,45.4,47.36,8722.66,22.33,57.02,0.722,1
FAZ_03551,Gaia_Vision,Milho,276.84,Aspersao,Calcario,Primavera,11.76,54.98,49.96,2199.33,17.38,74.2,0.832,0
FAZ_03552,Gaia_Vision,Cana_de_Acucar,230.01,Aspersao,Organico,Verao,10.21,18.35,53.79,1518.94,34.41,71.0,0.875,0
FAZ_03553,AgroSat_BR,Soja,644.4,Aspersao,Arenoso,Verao,22.78,208.8,55.11,6369.81,23.67,59.82,0.434,1
FAZ_03554,OrbSat_Field,Cenoura,410.3,Aspersao,Calcario,Verao,5.57,54.04,54.62,5110.79,25.99,73.05,0.748,0
FAZ_03555,OrbSat_Field,Trigo,245.97,Gotejamento,Arenoso,Outono,7.17,66.4,45.98,1458.22,17.34,83.11,0.748,0
FAZ_03556,AgroSat_BR,Soja,405.09,Manual,Franco,Primavera,12.39,71.67,62.5,3589.98,20.7,74.91,0.726,0
FAZ_03557,OrbSat_Field,Arroz,433.23,Gotejamento,Franco,Outono,15.5,29.28,52.34,4032.27,29.37,58.0,0.607,0
FAZ_03558,TerraScan_X,Cana_de_Acucar,468.61,Aspersao,Franco,Outono,22.39,68.8,50.43,4451.31,24.86,61.38,0.729,0
FAZ_03559,Sentinel_Agro,Arroz,394.71,Aspersao,Calcario,Inverno,7.72,71.96,54.02,2902.34,17.17,69.45,0.631,0
FAZ_03560,Gaia_Vision,Tomate,370.51,Aspersao,Calcario,Primavera,21.55,166.81,63.04,4300.79,15.28,84.63,0.781,1
FAZ_03561,Sentinel_Agro,Milho,224.99,Sequeiro,Franco,Inverno,9.74,56.82,45.93,1772.55,13.81,74.31,0.828,0
FAZ_03562,Gaia_Vision,Cenoura,365.64,Sequeiro,Calcario,Verao,9.71,100.15,46.96,4204.72,26.96,50.21,0.661,0
FAZ_03563,TerraScan_X,Trigo,375.27,Gotejamento,Franco,Primavera,12.45,78.76,52.15,5906.27,25.11,59.64,0.704,0
FAZ_03564,OrbSat_Field,Batata,316.27,Aspersao,Calcario,Primavera,6.42,140.89,53.05,3091.84,27.79,60.44,0.656,0
FAZ_03565,AgroSat_BR,Cana_de_Acucar,308.73,Manual,Franco,Outono,11.56,53.94,51.83,1917.38,17.77,64.74,0.638,0
FAZ_03566,TerraScan_X,Batata,323.99,Aspersao,Organico,Verao,12.01,90.63,46.18,2668.86,32.32,54.95,0.587,1
FAZ_03567,Sentinel_Agro,Milho,410.19,Inundacao,Organico,Outono,9.73,50.57,49.09,8181.42,26.66,59.48,0.685,0
FAZ_03568,AgroSat_BR,Milho,217.67,Sequeiro,Arenoso,Inverno,11.85,12.08,41.82,3133.67,22.36,63.64,0.619,0
FAZ_03569,OrbSat_Field,Trigo,269.36,Inundacao,Arenoso,Verao,8.12,54.77,35.95,7556.36,17.96,57.53,0.561,1
FAZ_03570,TerraScan_X,Milho,432.88,Gotejamento,Franco,Outono,12.8,92.72,63.27,3587.22,25.61,63.96,0.658,0
FAZ_03571,AgroSat_BR,Batata,460.55,Manual,Arenoso,Outono,14.43,186.08,56.9,4555.86,22.8,72.56,0.613,1
FAZ_03572,TerraScan_X,Batata,600.98,Sequeiro,,Outono,13.1,189.85,59.28,5633.1,23.7,66.55,0.669,0
FAZ_03573,TerraScan_X,Arroz,998.6,Manual,Franco,Verao,28.19,186.09,83.31,6180.87,40.5,37.42,0.368,1
FAZ_03574,OrbSat_Field,Soja,486.45,Aspersao,Organico,Inverno,10.66,42.65,71.89,4226.26,11.0,90.83,0.905,0
FAZ_03575,Gaia_Vision,Algodao,242.09,Sequeiro,Siltoso,Primavera,4.25,75.8,32.38,2749.44,36.84,58.61,0.629,1
FAZ_03576,AgroSat_BR,Soja,603.36,Sequeiro,Organico,Outono,23.13,134.52,59.0,7804.18,9.83,77.14,0.74,1
FAZ_03577,OrbSat_Field,Soja,294.18,Sequeiro,Argiloso,Verao,8.47,65.07,51.16,3278.95,28.1,69.89,0.812,0
FAZ_03578,TerraScan_X,Cenoura,284.95,Aspersao,Organico,Primavera,6.37,62.33,52.2,2161.77,28.23,73.79,0.748,0
FAZ_03579,OrbSat_Field,Milho,220.81,Manual,Argiloso,Outono,12.74,63.72,36.53,3720.16,18.25,74.22,0.801,0
FAZ_03580,Gaia_Vision,Arroz,499.95,Inundacao,Arenoso,Verao,9.52,125.42,48.43,10235.47,31.65,49.08,0.585,1
FAZ_03581,AgroSat_BR,Cenoura,380.29,Gotejamento,Organico,Inverno,11.13,79.59,43.67,4962.61,16.52,63.7,0.717,0
FAZ_03582,Gaia_Vision,Cenoura,596.1,Inundacao,Siltoso,Outono,21.08,79.62,71.2,13283.67,26.41,48.77,0.643,1
FAZ_03583,Sentinel_Agro,Algodao,275.56,Manual,Calcario,Verao,7.23,57.65,37.14,3620.18,29.02,44.04,0.491,1
FAZ_03584,AgroSat_BR,Cana_de_Acucar,214.25,Sequeiro,Organico,Outono,13.77,16.75,44.87,1798.88,23.97,69.72,0.796,0
FAZ_03585,Gaia_Vision,Batata,611.57,Sequeiro,Calcario,Verao,15.77,197.34,45.55,3953.2,38.93,43.21,0.399,1
FAZ_03586,TerraScan_X,Milho,646.76,Gotejamento,Organico,Inverno,11.55,129.55,69.38,4850.11,27.07,65.7,0.719,0
FAZ_03587,AgroSat_BR,Cenoura,292.34,Aspersao,Organico,Inverno,1.78,27.63,73.16,2734.3,17.38,92.41,0.902,0
FAZ_03588,AgroSat_BR,Arroz,320.7,Aspersao,Calcario,Verao,10.23,86.54,42.41,1404.65,33.83,46.5,0.531,1
FAZ_03589,OrbSat_Field,Cana_de_Acucar,465.47,Sequeiro,Calcario,Primavera,12.37,166.88,60.1,7593.4,25.99,65.07,0.704,0
FAZ_03590,TerraScan_X,Algodao,255.64,Gotejamento,Franco,Inverno,7.59,92.02,43.81,1343.13,16.05,76.88,0.817,0
FAZ_03591,Sentinel_Agro,Tomate,190.93,Manual,Organico,Outono,6.65,81.82,34.01,2174.66,22.85,46.96,0.572,0
FAZ_03592,Gaia_Vision,Milho,348.13,Inundacao,Organico,Inverno,15.79,52.46,60.14,4979.32,26.32,62.42,0.749,0
FAZ_03593,OrbSat_Field,Tomate,376.56,Sequeiro,Siltoso,Outono,6.77,149.83,51.03,3096.87,19.45,57.73,0.471,0
FAZ_03594,Gaia_Vision,Soja,499.8,Aspersao,Calcario,Inverno,14.89,146.1,56.57,4552.61,18.7,57.67,0.624,1
FAZ_03595,Sentinel_Agro,Cenoura,454.53,Inundacao,Calcario,Inverno,16.16,117.73,60.15,7825.38,26.29,41.01,0.582,1
FAZ_03596,Sentinel_Agro,Trigo,446.16,Sequeiro,Argiloso,Outono,16.12,128.76,44.95,6212.99,30.9,47.46,0.579,1
FAZ_03597,AgroSat_BR,Milho,378.83,Manual,Argiloso,Inverno,13.46,49.14,50.8,3762.71,21.98,,0.774,0
FAZ_03598,Sentinel_Agro,Batata,216.47,Gotejamento,Calcario,Outono,3.31,94.27,51.6,2242.53,20.58,72.62,0.656,0
FAZ_03599,Gaia_Vision,Cana_de_Acucar,335.4,Gotejamento,Siltoso,Outono,15.33,56.28,49.34,2993.19,28.0,46.85,0.665,0
FAZ_03600,TerraScan_X,Arroz,479.4,Manual,Arenoso,Inverno,10.07,64.32,55.32,4012.69,10.62,71.26,0.743,0
FAZ_03601,TerraScan_X,Milho,403.85,Aspersao,Organico,Inverno,16.97,75.53,58.2,4771.79,14.48,85.02,0.773,0
FAZ_03602,AgroSat_BR,Batata,1138.72,Manual,Arenoso,Outono,35.0,207.12,95.0,13189.93,33.0,55.41,0.602,1
FAZ_03603,Gaia_Vision,Tomate,492.02,Inundacao,Siltoso,Verao,12.92,131.41,42.97,10428.44,37.54,37.1,0.626,1
FAZ_03604,Gaia_Vision,Cana_de_Acucar,257.63,Sequeiro,Arenoso,Inverno,6.35,54.68,48.69,2429.55,16.4,83.71,0.858,0
FAZ_03605,Sentinel_Agro,Algodao,466.41,Aspersao,Argiloso,Primavera,15.25,131.52,63.14,4047.65,17.0,64.82,0.599,1
FAZ_03606,Gaia_Vision,Cenoura,620.85,Manual,Franco,Inverno,20.41,171.1,77.24,5827.06,13.18,58.59,0.642,1
FAZ_03607,OrbSat_Field,Milho,199.9,Gotejamento,Arenoso,Verao,8.79,19.58,48.16,800.0,25.89,69.52,0.741,0
FAZ_03608,Sentinel_Agro,Trigo,750.82,Aspersao,Franco,Verao,29.32,156.16,77.73,4156.09,30.98,54.58,0.588,1
FAZ_03609,OrbSat_Field,Tomate,602.3,Gotejamento,Arenoso,Inverno,27.65,233.64,69.44,5908.43,15.83,84.72,0.653,1
FAZ_03610,AgroSat_BR,Tomate,727.17,Manual,Siltoso,Inverno,26.17,181.74,71.59,6943.06,18.78,59.32,0.561,1
FAZ_03611,TerraScan_X,Milho,688.02,Manual,Franco,Primavera,27.26,86.49,65.09,5441.81,22.92,68.5,0.689,0
FAZ_03612,AgroSat_BR,Soja,403.88,Gotejamento,Arenoso,Inverno,11.95,13.52,64.33,4866.62,25.67,82.23,0.851,0
FAZ_03613,TerraScan_X,Tomate,288.0,Aspersao,Siltoso,Verao,10.15,153.17,43.81,3259.97,24.8,77.32,,0
FAZ_03614,AgroSat_BR,Batata,493.69,Manual,Calcario,Primavera,9.26,51.57,60.43,3680.55,24.6,57.02,0.742,0
FAZ_03615,Gaia_Vision,Arroz,361.85,Manual,Argiloso,Inverno,9.73,127.58,34.26,3763.03,33.87,46.44,0.585,1
FAZ_03616,OrbSat_Field,Cenoura,277.9,Inundacao,Organico,Primavera,9.44,26.04,46.88,6628.81,24.57,56.34,0.572,1
FAZ_03617,TerraScan_X,Tomate,273.86,Sequeiro,Siltoso,Primavera,10.5,102.48,49.55,3364.14,24.28,66.02,0.69,0
FAZ_03618,Sentinel_Agro,Batata,693.97,Sequeiro,Siltoso,Verao,24.22,157.29,49.03,4862.1,28.05,53.41,0.588,1
FAZ_03619,OrbSat_Field,Cana_de_Acucar,338.25,Aspersao,Argiloso,Verao,13.9,63.76,50.91,1799.08,30.36,55.02,0.681,0
FAZ_03620,Sentinel_Agro,Cana_de_Acucar,317.12,Aspersao,Franco,Outono,8.39,59.69,43.82,4412.66,25.04,70.66,0.696,0
FAZ_03621,OrbSat_Field,Cenoura,331.27,Inundacao,Arenoso,Verao,7.32,86.57,50.69,4291.05,32.26,63.3,0.582,0
FAZ_03622,OrbSat_Field,Soja,526.38,Manual,Franco,Outono,20.05,107.62,61.85,5603.99,34.01,54.22,0.723,0
FAZ_03623,AgroSat_BR,Trigo,777.64,Aspersao,Siltoso,Verao,17.24,202.26,80.24,8761.97,27.25,78.54,0.63,1
FAZ_03624,TerraScan_X,Cenoura,90.2,Manual,Calcario,Verao,2.06,15.58,34.33,1439.41,27.63,57.16,0.676,0
FAZ_03625,TerraScan_X,Algodao,272.02,Gotejamento,Arenoso,Outono,4.23,169.1,33.68,2390.43,34.51,58.35,0.572,1
FAZ_03626,OrbSat_Field,Soja,702.98,Sequeiro,Organico,Outono,13.11,212.15,64.65,6149.74,22.06,66.6,0.492,1
FAZ_03627,Gaia_Vision,Tomate,514.43,Manual,Organico,Outono,21.49,122.57,51.16,2728.13,23.52,71.88,0.682,0
FAZ_03628,Gaia_Vision,Cenoura,268.84,Aspersao,Arenoso,Primavera,7.19,69.3,49.52,4297.79,25.39,70.68,0.726,0
FAZ_03629,Sentinel_Agro,Cana_de_Acucar,492.66,Aspersao,Siltoso,Outono,22.04,113.76,53.41,5406.28,21.93,62.42,,0
FAZ_03630,Sentinel_Agro,Batata,358.1,Gotejamento,Calcario,Primavera,4.44,171.22,41.76,9262.03,26.13,86.62,0.699,0
FAZ_03631,AgroSat_BR,Cenoura,769.45,Manual,Argiloso,Primavera,22.12,229.01,79.8,9827.54,17.97,82.79,0.713,1
FAZ_03632,OrbSat_Field,Soja,273.14,Manual,Calcario,Outono,5.93,77.09,41.93,2889.95,14.13,78.87,0.75,0
FAZ_03633,Sentinel_Agro,Algodao,512.94,Inundacao,Franco,Outono,17.07,168.11,64.6,8253.14,16.74,64.53,0.629,1
FAZ_03634,Sentinel_Agro,Batata,212.04,Gotejamento,Calcario,Outono,8.08,137.42,37.93,2275.51,31.97,58.08,0.597,1
FAZ_03635,OrbSat_Field,Arroz,375.65,Aspersao,Calcario,Verao,12.08,102.24,30.82,4687.58,42.14,56.29,0.579,0
FAZ_03636,AgroSat_BR,Algodao,698.67,Aspersao,Franco,Verao,10.98,156.82,55.22,4055.17,20.27,67.47,0.666,0
FAZ_03637,Sentinel_Agro,Tomate,720.1,Aspersao,Argiloso,Outono,19.78,93.22,69.61,9127.31,25.54,66.15,0.667,0
FAZ_03638,AgroSat_BR,Cenoura,256.36,Aspersao,Argiloso,Inverno,5.7,60.03,48.39,1662.13,25.28,62.88,0.731,0
FAZ_03639,TerraScan_X,Cenoura,188.76,Gotejamento,Organico,Outono,6.13,12.81,45.58,1788.63,19.45,76.62,0.885,0
FAZ_03640,AgroSat_BR,Milho,356.86,Aspersao,Argiloso,Inverno,15.88,51.25,50.99,5105.32,24.59,73.66,0.789,0
FAZ_03641,Gaia_Vision,Cana_de_Acucar,506.32,Inundacao,Arenoso,Verao,17.55,78.96,69.18,10414.2,33.81,58.69,0.64,1
FAZ_03642,Gaia_Vision,Tomate,299.91,Sequeiro,Organico,Verao,12.45,93.17,37.22,1880.58,30.54,45.05,0.515,0
FAZ_03643,AgroSat_BR,Cenoura,298.34,Aspersao,Siltoso,Inverno,8.06,114.61,52.19,6781.53,26.51,62.74,0.677,0
FAZ_03644,Gaia_Vision,Arroz,539.61,Inundacao,Organico,Verao,19.3,89.03,47.36,10686.95,29.55,50.35,0.655,1
FAZ_03645,TerraScan_X,Batata,222.82,Gotejamento,Calcario,Outono,9.89,132.51,41.48,1048.48,31.6,56.3,0.666,1
FAZ_03646,OrbSat_Field,Tomate,387.74,Inundacao,Calcario,Inverno,17.55,134.68,48.94,6046.16,22.64,64.98,0.605,1
FAZ_03647,Gaia_Vision,Soja,481.51,Sequeiro,Organico,Inverno,13.53,159.9,51.97,3195.08,25.03,55.93,0.576,1
FAZ_03648,Gaia_Vision,Arroz,283.26,Gotejamento,Franco,Primavera,7.45,63.28,44.96,1990.16,34.75,48.09,0.503,0
FAZ_03649,AgroSat_BR,Batata,282.09,Aspersao,Argiloso,Verao,8.77,110.42,49.71,4957.43,27.9,68.15,0.782,0
FAZ_03650,TerraScan_X,Trigo,846.17,Gotejamento,Calcario,Inverno,15.23,234.73,61.69,8344.33,17.14,58.38,0.518,1
FAZ_03651,OrbSat_Field,Cana_de_Acucar,613.46,Inundacao,Calcario,Inverno,22.0,57.98,57.78,8401.69,21.78,60.16,0.598,1
FAZ_03652,AgroSat_BR,Tomate,292.13,Inundacao,Arenoso,Inverno,15.28,116.51,53.04,5551.41,14.82,82.52,0.726,0
FAZ_03653,AgroSat_BR,Algodao,223.11,Gotejamento,Argiloso,Verao,2.36,78.37,54.64,3653.31,18.38,89.13,0.839,0
FAZ_03654,TerraScan_X,Batata,308.81,Gotejamento,,Inverno,9.05,136.75,57.12,2578.99,10.67,90.81,0.915,0
FAZ_03655,OrbSat_Field,Soja,482.8,Sequeiro,Franco,Inverno,14.1,126.36,68.8,5195.42,26.07,56.85,0.715,1
FAZ_03656,TerraScan_X,Cenoura,378.93,Aspersao,Calcario,Outono,,51.08,66.31,4458.08,21.53,79.57,0.853,0
FAZ_03657,OrbSat_Field,Algodao,261.92,Aspersao,Argiloso,Outono,5.63,125.19,50.28,1432.72,15.05,98.0,0.871,0
FAZ_03658,TerraScan_X,Arroz,500.46,Sequeiro,Arenoso,Primavera,13.18,142.34,56.98,5493.33,21.6,68.53,0.592,0
FAZ_03659,AgroSat_BR,Cana_de_Acucar,231.64,Aspersao,Argiloso,Inverno,11.02,70.37,56.42,2465.6,15.66,87.33,0.885,0
FAZ_03660,AgroSat_BR,Algodao,456.75,Sequeiro,Franco,Verao,12.57,133.19,52.97,5540.85,23.45,81.36,0.748,0
FAZ_03661,Sentinel_Agro,Soja,864.87,Sequeiro,Arenoso,Primavera,13.22,184.6,91.95,9946.84,22.36,70.31,0.622,1
FAZ_03662,Gaia_Vision,Batata,421.55,Aspersao,Argiloso,Primavera,5.91,144.07,53.3,2432.12,31.51,55.91,0.636,0
FAZ_03663,TerraScan_X,Trigo,430.57,Aspersao,Franco,Primavera,13.97,88.15,58.54,2889.48,27.66,50.3,0.654,0
FAZ_03664,Sentinel_Agro,Cenoura,269.21,Inundacao,Franco,Inverno,10.61,64.73,47.98,5907.41,19.25,74.4,0.794,1
FAZ_03665,Gaia_Vision,Cana_de_Acucar,356.67,Sequeiro,Organico,Primavera,15.18,56.74,44.74,3342.21,26.87,52.13,0.633,1
FAZ_03666,TerraScan_X,Algodao,314.29,Aspersao,Calcario,Verao,,88.96,51.15,1660.03,34.08,63.85,0.746,0
FAZ_03667,OrbSat_Field,Cana_de_Acucar,428.7,Manual,Arenoso,Outono,16.24,23.01,57.09,3415.95,27.31,48.54,0.66,0
FAZ_03668,Gaia_Vision,Cana_de_Acucar,306.77,Sequeiro,Arenoso,Outono,18.18,32.0,43.41,3609.74,27.27,,0.665,1
FAZ_03669,AgroSat_BR,Cana_de_Acucar,318.17,Manual,Calcario,Inverno,11.65,76.42,58.61,4961.35,19.0,75.44,0.798,0
FAZ_03670,Sentinel_Agro,Batata,597.36,Sequeiro,Argiloso,Verao,11.25,156.51,60.85,6452.21,41.32,25.31,0.496,1
FAZ_03671,Gaia_Vision,Cana_de_Acucar,398.92,Manual,Organico,Verao,14.34,113.16,68.42,4685.63,29.07,78.14,0.703,0
FAZ_03672,Gaia_Vision,Trigo,525.67,Sequeiro,Arenoso,Verao,11.17,110.24,45.25,5941.69,32.41,41.39,0.503,1
FAZ_03673,AgroSat_BR,Arroz,924.86,Gotejamento,Franco,Inverno,28.61,231.98,67.43,7220.41,17.11,73.39,0.686,1
FAZ_03674,TerraScan_X,Soja,443.4,Manual,Arenoso,Verao,12.37,59.51,55.5,5265.2,34.16,49.23,0.491,0
FAZ_03675,OrbSat_Field,Trigo,826.48,Manual,Organico,Outono,28.71,224.43,72.99,8956.84,31.17,52.21,0.61,1
FAZ_03676,AgroSat_BR,Soja,405.56,Aspersao,Calcario,Verao,6.82,70.5,50.7,5097.55,32.83,53.49,0.682,0
FAZ_03677,OrbSat_Field,Arroz,522.0,Gotejamento,Siltoso,Verao,14.09,132.44,54.83,4304.1,35.74,,0.717,0
FAZ_03678,TerraScan_X,Tomate,605.75,Inundacao,Calcario,Inverno,24.41,242.92,44.38,12215.95,27.17,53.97,0.574,1
FAZ_03679,Gaia_Vision,Arroz,350.43,Gotejamento,Franco,Primavera,6.81,46.29,60.66,5190.18,30.6,72.8,0.721,0
FAZ_03680,OrbSat_Field,Algodao,486.5,Aspersao,Arenoso,Primavera,13.63,192.48,51.42,2650.6,24.52,61.05,0.657,0
FAZ_03681,Sentinel_Agro,Trigo,342.91,Aspersao,Calcario,Inverno,13.92,49.45,46.29,2937.47,24.64,56.37,0.676,0
FAZ_03682,Sentinel_Agro,Algodao,468.92,Sequeiro,Franco,Inverno,10.63,99.98,53.16,5261.4,19.33,74.85,0.721,0
FAZ_03683,AgroSat_BR,Algodao,295.09,Aspersao,Argiloso,Inverno,6.34,149.33,54.25,4546.47,21.59,84.48,0.769,0
FAZ_03684,TerraScan_X,Algodao,248.22,Manual,Franco,Inverno,5.55,85.61,59.22,4202.73,18.27,70.07,0.92,0
FAZ_03685,AgroSat_BR,Cana_de_Acucar,285.31,Gotejamento,Arenoso,Verao,16.53,64.77,60.88,2775.21,21.56,95.0,0.95,0
FAZ_03686,AgroSat_BR,Cenoura,359.29,Inundacao,Argiloso,Verao,12.56,88.89,40.19,5869.23,34.36,49.41,0.676,1
FAZ_03687,AgroSat_BR,Algodao,408.17,Inundacao,Argiloso,Primavera,13.89,79.11,52.75,7354.98,20.61,68.66,0.743,0
FAZ_03688,Sentinel_Agro,Trigo,600.97,Inundacao,Argiloso,Inverno,14.72,103.5,48.94,9624.33,24.62,56.47,0.55,1
FAZ_03689,Sentinel_Agro,Cenoura,826.58,Manual,Siltoso,Inverno,21.88,115.54,67.52,7060.3,26.27,55.97,0.684,1
FAZ_03690,AgroSat_BR,Cenoura,323.35,Manual,Siltoso,Verao,5.48,62.26,53.71,3267.01,28.85,68.08,0.633,0
FAZ_03691,Sentinel_Agro,Algodao,252.74,Manual,Argiloso,Inverno,4.69,92.67,37.16,2407.78,28.01,72.89,0.677,0
FAZ_03692,TerraScan_X,Batata,674.92,Aspersao,Calcario,Outono,14.83,203.83,90.04,7776.66,22.73,81.91,0.727,1
FAZ_03693,AgroSat_BR,Algodao,575.59,Manual,Calcario,Verao,8.16,77.12,53.66,3878.83,27.66,51.22,0.628,0
FAZ_03694,Sentinel_Agro,Batata,352.36,Aspersao,Calcario,Outono,4.93,126.4,57.94,4088.88,22.75,68.46,0.709,0
FAZ_03695,OrbSat_Field,Algodao,407.14,Gotejamento,Arenoso,Verao,13.52,149.99,44.2,5217.33,28.39,51.41,0.476,1
FAZ_03696,AgroSat_BR,Trigo,301.9,Sequeiro,Argiloso,Verao,12.53,42.12,51.91,2841.03,28.28,72.37,0.828,0
FAZ_03697,AgroSat_BR,Batata,679.03,Sequeiro,Calcario,Verao,14.24,244.06,59.06,3996.78,28.85,69.49,0.551,1
FAZ_03698,TerraScan_X,Cana_de_Acucar,446.83,Aspersao,Argiloso,Primavera,10.0,69.96,61.01,2891.79,40.24,56.89,0.561,0
FAZ_03699,Gaia_Vision,Cenoura,327.54,Sequeiro,Franco,Primavera,11.78,61.01,43.3,2479.91,19.63,73.44,0.865,0
FAZ_03700,Gaia_Vision,Algodao,462.51,Manual,,Verao,15.04,100.15,44.92,4436.09,37.64,53.37,0.539,1
FAZ_03701,TerraScan_X,Cenoura,472.05,Aspersao,Franco,Verao,14.45,54.0,65.63,3973.56,29.32,56.98,0.717,0
FAZ_03702,TerraScan_X,Algodao,722.46,Aspersao,Franco,Verao,14.89,217.53,87.9,9948.22,27.97,56.89,0.567,1
FAZ_03703,TerraScan_X,Milho,579.7,Sequeiro,Calcario,Verao,13.45,105.53,62.88,6597.15,33.85,53.84,0.598,1
FAZ_03704,Gaia_Vision,Algodao,213.72,Manual,Organico,Inverno,9.55,95.53,39.58,2888.78,24.36,68.59,0.65,0
FAZ_03705,TerraScan_X,Milho,623.88,Aspersao,Franco,Inverno,28.89,78.81,89.57,5568.01,16.71,78.13,0.833,0
FAZ_03706,Sentinel_Agro,Arroz,300.76,Inundacao,Calcario,Inverno,9.65,70.05,44.47,6981.12,30.53,59.26,0.749,1
FAZ_03707,AgroSat_BR,Arroz,645.86,Inundacao,Franco,Primavera,23.86,198.3,82.45,13174.59,18.8,76.02,0.69,1
FAZ_03708,AgroSat_BR,Cenoura,188.93,Inundacao,Arenoso,Outono,4.19,32.87,46.33,4046.46,26.92,68.05,0.75,0
FAZ_03709,OrbSat_Field,Batata,609.83,Inundacao,Siltoso,Verao,8.82,150.7,53.15,10883.62,24.98,52.2,0.6,1
FAZ_03710,OrbSat_Field,Algodao,460.66,Inundacao,Siltoso,Inverno,8.63,223.12,49.59,8525.87,16.07,51.43,0.478,1
FAZ_03711,AgroSat_BR,Soja,180.53,Inundacao,Siltoso,Inverno,2.01,61.8,39.68,4993.72,27.18,49.13,0.639,0
FAZ_03712,Sentinel_Agro,Algodao,518.18,Sequeiro,Organico,Inverno,17.63,119.5,42.94,5776.36,19.87,71.12,0.683,0
FAZ_03713,Gaia_Vision,Algodao,609.71,Sequeiro,Argiloso,Verao,20.13,163.52,44.02,6467.28,34.23,32.58,0.518,1
FAZ_03714,Gaia_Vision,Soja,379.69,Manual,Franco,Verao,6.86,119.6,53.99,2932.51,25.61,61.79,0.689,0
FAZ_03715,Sentinel_Agro,Arroz,320.05,Sequeiro,Arenoso,Outono,9.07,87.56,53.72,3258.85,14.82,81.03,0.842,0
FAZ_03716,Gaia_Vision,Milho,406.44,Sequeiro,Organico,Primavera,13.56,132.62,34.01,2341.94,28.25,58.16,0.702,0
FAZ_03717,TerraScan_X,Cenoura,294.27,Aspersao,Siltoso,Outono,4.96,79.97,52.27,1798.36,27.86,72.68,0.738,0
FAZ_03718,AgroSat_BR,Arroz,397.93,Sequeiro,Organico,Verao,12.84,109.23,35.34,3297.11,27.17,54.52,0.607,0
FAZ_03719,AgroSat_BR,Soja,286.37,Gotejamento,Arenoso,Outono,7.58,81.45,44.53,3530.11,27.57,69.52,0.554,0
FAZ_03720,Sentinel_Agro,Algodao,511.33,Aspersao,Calcario,Inverno,12.44,156.34,60.59,3519.75,18.71,75.72,0.641,0
FAZ_03721,Gaia_Vision,Arroz,380.39,Inundacao,Organico,Outono,5.88,62.24,44.56,8821.41,34.09,44.13,0.647,1
FAZ_03722,OrbSat_Field,Trigo,595.0,Inundacao,,Inverno,16.31,123.98,58.23,9188.77,27.94,,0.556,1
FAZ_03723,OrbSat_Field,Algodao,294.86,Inundacao,Argiloso,Outono,8.56,59.94,49.28,6005.12,21.95,51.09,0.585,1
FAZ_03724,Gaia_Vision,Tomate,313.32,Manual,Siltoso,Inverno,12.02,135.39,42.71,2532.95,20.59,75.01,0.707,0
FAZ_03725,OrbSat_Field,Soja,593.19,Gotejamento,Siltoso,Outono,10.48,49.22,51.64,4590.53,35.51,61.63,0.658,0
FAZ_03726,Sentinel_Agro,Cana_de_Acucar,263.42,Sequeiro,Siltoso,Primavera,9.01,8.35,44.3,904.42,27.69,50.21,0.686,0
FAZ_03727,Sentinel_Agro,Batata,227.06,Aspersao,Organico,Outono,8.98,104.95,38.68,3082.61,26.66,57.91,0.559,0
FAZ_03728,Gaia_Vision,Cana_de_Acucar,313.66,Sequeiro,Arenoso,Verao,8.42,72.65,36.67,3514.73,33.74,,0.546,0
FAZ_03729,OrbSat_Field,Arroz,515.85,Aspersao,Siltoso,Verao,9.54,31.09,56.81,5785.89,38.84,56.9,0.772,0
FAZ_03730,Sentinel_Agro,Algodao,380.43,Inundacao,Calcario,Inverno,7.0,112.55,70.99,6430.05,17.45,64.88,0.745,0
FAZ_03731,Sentinel_Agro,Batata,636.3,Aspersao,Organico,Verao,24.39,189.88,64.56,7597.18,35.87,52.05,0.573,1
FAZ_03732,TerraScan_X,Batata,473.51,Inundacao,Arenoso,Inverno,9.8,171.42,50.31,8030.96,21.13,65.47,0.577,1
FAZ_03733,TerraScan_X,Cenoura,659.83,Gotejamento,Argiloso,Primavera,10.35,154.43,73.28,8051.88,30.84,62.55,0.534,1
FAZ_03734,Sentinel_Agro,Cana_de_Acucar,500.52,Aspersao,Siltoso,Verao,20.06,159.67,64.61,4290.96,26.95,61.71,0.542,1
FAZ_03735,Gaia_Vision,Algodao,168.16,Gotejamento,Franco,Verao,5.99,135.17,32.1,2017.52,36.13,58.05,0.662,1
FAZ_03736,AgroSat_BR,Cenoura,427.75,Inundacao,Organico,Inverno,10.71,47.52,68.66,8568.96,14.85,50.77,0.69,1
FAZ_03737,AgroSat_BR,Milho,285.93,Sequeiro,Calcario,Primavera,14.36,78.51,58.02,2636.97,15.49,75.33,0.827,0
FAZ_03738,Sentinel_Agro,Cana_de_Acucar,430.22,Gotejamento,Argiloso,Primavera,11.53,103.97,64.25,3983.02,28.2,73.04,0.666,0
FAZ_03739,Sentinel_Agro,Cenoura,209.87,Inundacao,Argiloso,Outono,1.49,87.98,46.45,5368.96,30.6,52.21,0.612,1
FAZ_03740,Sentinel_Agro,Milho,921.11,Manual,Argiloso,Inverno,23.27,143.86,95.0,6308.13,22.17,77.79,0.732,1
FAZ_03741,Gaia_Vision,Trigo,247.41,Gotejamento,Organico,Inverno,7.03,51.64,51.8,4049.65,32.4,55.01,0.645,0
FAZ_03742,TerraScan_X,Trigo,536.02,Aspersao,Arenoso,Primavera,6.34,30.82,82.16,6201.07,23.22,72.64,0.798,0
FAZ_03743,Sentinel_Agro,Tomate,396.83,Gotejamento,Franco,Inverno,8.8,175.61,37.09,6245.86,28.79,56.61,0.537,1
FAZ_03744,Sentinel_Agro,Soja,249.05,Aspersao,Calcario,Verao,9.97,79.66,45.98,2780.66,24.34,,0.763,0
FAZ_03745,OrbSat_Field,Soja,390.5,Gotejamento,,Verao,8.02,18.44,55.13,4696.0,31.16,60.62,0.73,0
FAZ_03746,Gaia_Vision,Tomate,673.11,Aspersao,Siltoso,Verao,15.26,257.89,64.88,3636.38,36.39,46.08,0.457,1
FAZ_03747,Sentinel_Agro,Cenoura,343.09,Aspersao,Franco,Inverno,10.7,73.85,44.8,1620.93,29.38,68.82,0.705,0
FAZ_03748,OrbSat_Field,Soja,462.17,Manual,Arenoso,Outono,6.79,72.96,54.12,3548.57,21.25,68.85,0.681,0
FAZ_03749,AgroSat_BR,Soja,639.35,Manual,Siltoso,Outono,10.41,156.1,72.85,6470.05,16.95,68.46,0.736,0
FAZ_03750,Sentinel_Agro,Cana_de_Acucar,482.53,Manual,Franco,Primavera,20.84,56.15,65.44,4766.46,25.42,51.0,0.671,0
FAZ_03751,Sentinel_Agro,Cana_de_Acucar,491.62,Inundacao,Organico,Inverno,12.67,89.76,52.34,9932.78,25.95,67.05,0.653,0
FAZ_03752,OrbSat_Field,Tomate,217.33,Aspersao,Calcario,Primavera,10.87,90.32,51.53,2428.31,16.78,81.29,0.722,0
FAZ_03753,Gaia_Vision,Algodao,460.92,Aspersao,Calcario,Inverno,14.25,163.81,72.14,6321.76,25.84,86.22,0.82,1
FAZ_03754,Sentinel_Agro,Milho,415.37,Aspersao,Siltoso,Outono,14.09,84.51,44.1,2424.02,39.19,43.78,0.622,0
FAZ_03755,AgroSat_BR,Cenoura,709.33,Inundacao,Arenoso,Verao,14.39,74.28,82.92,9382.77,20.23,67.3,0.626,1
FAZ_03756,Sentinel_Agro,Cana_de_Acucar,985.49,Sequeiro,Franco,Inverno,29.53,180.36,95.0,12798.26,5.33,98.0,0.8,1
FAZ_03757,AgroSat_BR,Cana_de_Acucar,447.97,Aspersao,Siltoso,Outono,20.42,115.41,49.87,5789.56,14.83,88.89,0.784,0
FAZ_03758,TerraScan_X,Trigo,892.23,Aspersao,Siltoso,Outono,21.99,209.77,85.98,9899.35,34.06,61.18,0.673,1
FAZ_03759,TerraScan_X,Milho,344.21,Inundacao,Organico,Outono,5.24,16.48,55.7,5121.24,21.79,55.7,0.697,0
FAZ_03760,AgroSat_BR,Trigo,666.27,Manual,Siltoso,Verao,12.98,162.8,61.84,7735.43,25.62,68.14,0.679,0
FAZ_03761,Gaia_Vision,Algodao,965.59,Aspersao,Franco,Outono,20.26,237.8,64.01,10923.53,21.13,69.72,0.713,1
FAZ_03762,Sentinel_Agro,Milho,432.44,Aspersao,Argiloso,Primavera,22.01,103.97,43.69,5284.01,27.95,62.57,0.656,0
FAZ_03763,Sentinel_Agro,Soja,501.62,Sequeiro,Franco,Outono,8.63,119.23,45.97,6343.97,31.95,69.42,0.653,1
FAZ_03764,TerraScan_X,Trigo,463.89,Gotejamento,Franco,Outono,16.85,110.35,42.78,4101.52,31.98,72.98,0.684,0
FAZ_03765,AgroSat_BR,Cenoura,283.87,Inundacao,Organico,Inverno,6.96,55.44,41.04,4722.7,26.93,61.02,0.659,0
FAZ_03766,Sentinel_Agro,Soja,507.6,Sequeiro,Organico,Inverno,8.17,166.71,66.26,4257.32,19.9,64.85,0.67,0
FAZ_03767,Sentinel_Agro,Milho,664.58,Sequeiro,Calcario,Inverno,20.24,153.63,45.94,7738.37,20.61,50.17,0.544,1
FAZ_03768,Gaia_Vision,Algodao,474.72,Gotejamento,Calcario,Outono,11.29,120.35,51.16,6251.74,18.72,80.8,0.73,0
FAZ_03769,OrbSat_Field,Cana_de_Acucar,655.59,Aspersao,Siltoso,Outono,22.65,111.51,72.15,7240.83,33.55,60.23,0.672,0
FAZ_03770,TerraScan_X,Tomate,424.77,Aspersao,Calcario,Primavera,19.21,134.4,57.95,2737.17,28.36,71.44,0.713,0
FAZ_03771,TerraScan_X,Batata,441.2,Inundacao,Organico,Verao,15.75,155.52,38.1,9222.58,30.67,31.25,0.53,1
FAZ_03772,OrbSat_Field,Algodao,184.99,Inundacao,Siltoso,Outono,3.08,78.55,32.75,6579.33,18.13,59.81,0.677,1
FAZ_03773,Sentinel_Agro,Soja,214.15,Sequeiro,Argiloso,Verao,3.04,68.29,33.84,1960.93,16.38,65.77,0.705,0
FAZ_03774,Gaia_Vision,Trigo,729.01,Aspersao,Arenoso,Outono,23.38,81.7,76.56,6710.52,17.66,78.49,0.782,1
FAZ_03775,Gaia_Vision,Arroz,520.64,Inundacao,Organico,Verao,17.37,76.47,84.85,8555.16,33.14,,0.808,0
FAZ_03776,TerraScan_X,Algodao,249.35,Aspersao,Organico,Inverno,6.33,112.75,54.97,2408.32,16.91,73.06,0.737,0
FAZ_03777,Gaia_Vision,Batata,266.71,Gotejamento,Argiloso,Outono,8.56,78.81,39.3,1869.46,34.02,60.82,0.673,0
FAZ_03778,OrbSat_Field,Cana_de_Acucar,249.99,Aspersao,Organico,Primavera,9.2,40.65,51.03,2875.64,17.55,92.16,0.95,0
FAZ_03779,Sentinel_Agro,Trigo,410.82,Aspersao,Calcario,Verao,8.43,72.75,43.74,2961.85,29.92,66.21,0.673,0
FAZ_03780,OrbSat_Field,Cenoura,540.5,Manual,Calcario,Inverno,18.79,75.27,68.22,4203.39,22.8,70.04,0.742,0
FAZ_03781,AgroSat_BR,Arroz,332.64,Inundacao,Calcario,Primavera,6.02,109.21,52.64,8452.44,12.36,75.4,0.689,0
FAZ_03782,TerraScan_X,Batata,403.38,Aspersao,Argiloso,Inverno,10.94,168.43,52.76,3369.12,26.86,65.74,0.637,0
FAZ_03783,Gaia_Vision,Cenoura,409.8,Aspersao,Siltoso,Outono,10.87,82.61,53.72,5415.72,23.14,68.77,0.774,0
FAZ_03784,AgroSat_BR,Algodao,320.38,Gotejamento,Organico,Primavera,5.71,127.75,47.88,1270.28,7.09,89.72,0.739,0
FAZ_03785,Gaia_Vision,Tomate,489.14,Gotejamento,Organico,Verao,17.56,117.62,62.93,4627.85,27.85,77.21,0.833,0
FAZ_03786,Sentinel_Agro,Batata,409.14,Sequeiro,Calcario,Verao,12.56,145.37,40.33,4165.55,36.43,59.77,0.627,1
FAZ_03787,Sentinel_Agro,Milho,490.21,Sequeiro,Siltoso,Primavera,11.85,62.22,71.87,4956.2,19.14,76.42,0.732,0
FAZ_03788,Sentinel_Agro,Soja,542.5,Gotejamento,Organico,Verao,12.38,89.86,70.65,4427.56,20.52,76.08,0.747,0
FAZ_03789,Gaia_Vision,Milho,158.06,Manual,Franco,Inverno,4.1,11.11,53.83,1218.17,11.41,83.46,0.837,0
FAZ_03790,AgroSat_BR,Tomate,464.6,Aspersao,Argiloso,Primavera,21.43,96.68,65.45,1991.37,22.57,68.29,0.694,0
FAZ_03791,Sentinel_Agro,Cenoura,420.51,Aspersao,Arenoso,Verao,13.94,111.05,62.97,5416.62,34.73,69.3,0.499,0
FAZ_03792,AgroSat_BR,Milho,499.17,Inundacao,Franco,Inverno,12.27,100.88,63.75,9085.56,23.01,74.15,0.623,1
FAZ_03793,Gaia_Vision,Cana_de_Acucar,675.93,Aspersao,Arenoso,Verao,24.22,199.08,55.81,8806.76,17.79,76.72,0.57,1
FAZ_03794,AgroSat_BR,Batata,412.53,Gotejamento,Franco,Inverno,6.38,191.05,50.41,1977.78,16.98,71.16,0.626,0
FAZ_03795,Gaia_Vision,Cana_de_Acucar,174.54,Gotejamento,Franco,Outono,9.12,50.85,46.98,1655.51,28.96,60.44,0.817,0
FAZ_03796,Gaia_Vision,Arroz,298.59,Gotejamento,Franco,Inverno,7.28,68.86,47.56,2002.43,14.33,68.69,0.724,0
FAZ_03797,TerraScan_X,Tomate,922.52,Gotejamento,Argiloso,Verao,15.14,274.26,87.67,8473.07,27.32,62.86,0.518,1
FAZ_03798,Gaia_Vision,Arroz,332.4,Aspersao,Arenoso,Inverno,10.8,85.84,43.8,2231.53,11.5,71.26,0.62,0
FAZ_03799,Gaia_Vision,Arroz,326.22,Aspersao,Siltoso,Verao,10.51,100.45,40.76,2502.7,29.26,56.05,0.655,0
FAZ_03800,OrbSat_Field,Arroz,284.48,Manual,,Primavera,5.1,30.24,56.15,2788.63,26.37,63.88,0.7,0
FAZ_03801,Sentinel_Agro,Algodao,307.09,Aspersao,Calcario,Primavera,4.66,91.07,50.96,2375.82,35.36,52.79,0.713,0
FAZ_03802,TerraScan_X,Algodao,385.12,Gotejamento,Organico,Outono,13.95,125.5,48.75,4796.98,25.47,58.3,0.615,0
FAZ_03803,TerraScan_X,Tomate,129.11,Gotejamento,Argiloso,Inverno,8.3,94.16,40.88,800.0,22.7,72.47,0.719,0
FAZ_03804,TerraScan_X,Trigo,377.53,Sequeiro,Calcario,Outono,4.73,86.47,42.71,3926.1,25.99,61.46,0.713,0
FAZ_03805,OrbSat_Field,Milho,291.82,Gotejamento,Calcario,Primavera,11.31,86.69,56.52,3403.5,22.12,57.6,0.658,0
FAZ_03806,Gaia_Vision,Algodao,317.55,Sequeiro,Argiloso,Inverno,5.34,187.37,44.19,5462.43,21.57,69.48,0.547,0
FAZ_03807,Sentinel_Agro,Cana_de_Acucar,455.94,Aspersao,Argiloso,Inverno,19.51,73.0,54.82,3925.51,31.46,66.67,0.722,0
FAZ_03808,AgroSat_BR,Algodao,312.73,Sequeiro,Franco,Outono,5.61,110.73,47.5,4720.85,22.72,49.88,0.628,0
FAZ_03809,Gaia_Vision,Cenoura,481.84,Aspersao,Argiloso,Outono,11.52,95.86,74.68,4785.2,17.89,94.98,0.86,0
FAZ_03810,OrbSat_Field,Arroz,308.64,Gotejamento,Siltoso,Inverno,10.44,35.6,50.18,3222.9,24.1,87.39,0.894,0
FAZ_03811,Gaia_Vision,Algodao,531.98,Inundacao,Argiloso,Inverno,15.95,173.28,78.83,9992.29,13.73,86.83,0.803,1
FAZ_03812,Gaia_Vision,Tomate,157.17,Inundacao,Franco,Inverno,10.19,85.68,38.91,4973.39,26.31,,0.642,0
FAZ_03813,OrbSat_Field,Cana_de_Acucar,366.12,Inundacao,Arenoso,Outono,13.59,78.16,61.18,6914.71,17.16,54.62,0.697,0
FAZ_03814,TerraScan_X,Cana_de_Acucar,302.69,Aspersao,Calcario,Verao,13.71,103.9,46.1,3523.14,40.35,43.12,0.621,0
FAZ_03815,TerraScan_X,Trigo,352.13,Gotejamento,Argiloso,Primavera,15.72,63.72,43.3,2996.58,26.58,76.71,0.731,0
FAZ_03816,Sentinel_Agro,Soja,413.76,Inundacao,Calcario,Primavera,8.45,62.36,59.44,7669.55,21.89,65.24,0.766,0
FAZ_03817,Sentinel_Agro,Soja,368.78,Sequeiro,Arenoso,Outono,11.88,14.69,53.96,3670.56,28.29,66.13,0.709,0
FAZ_03818,TerraScan_X,Milho,250.67,Sequeiro,Organico,Inverno,11.09,93.66,36.31,2311.5,23.93,68.16,0.677,0
FAZ_03819,AgroSat_BR,Batata,244.41,Inundacao,Franco,Primavera,4.43,147.86,52.61,5929.48,27.66,79.75,0.785,0
FAZ_03820,Gaia_Vision,Tomate,236.72,Gotejamento,Calcario,Primavera,11.3,76.6,54.66,800.0,24.94,86.21,0.823,0
FAZ_03821,AgroSat_BR,Cenoura,410.28,Gotejamento,Argiloso,Primavera,9.16,96.45,68.26,2985.35,23.35,71.74,,0
FAZ_03822,Gaia_Vision,Algodao,505.21,Manual,Organico,Primavera,18.72,163.18,50.25,4340.8,33.25,57.67,0.62,1
FAZ_03823,TerraScan_X,Tomate,263.48,Manual,Organico,Inverno,13.38,153.16,45.18,3492.54,19.44,57.04,0.679,0
FAZ_03824,Sentinel_Agro,Soja,697.47,Sequeiro,Arenoso,Outono,11.36,178.32,58.07,7149.82,22.45,54.37,0.47,1
FAZ_03825,Sentinel_Agro,Tomate,273.01,Inundacao,Calcario,Inverno,13.96,97.17,59.79,5669.31,23.54,78.95,0.892,0
FAZ_03826,AgroSat_BR,Algodao,502.91,Sequeiro,Calcario,Inverno,17.86,182.39,50.39,4124.97,22.82,58.47,0.547,1
FAZ_03827,Sentinel_Agro,Trigo,243.72,Manual,Siltoso,Primavera,5.38,22.84,50.59,2276.37,18.43,77.1,0.81,0
FAZ_03828,TerraScan_X,Milho,463.85,Inundacao,Siltoso,Primavera,17.74,48.09,47.63,7186.62,34.52,39.78,0.633,1
FAZ_03829,AgroSat_BR,Trigo,652.66,Manual,Siltoso,Inverno,22.0,91.72,78.41,8002.85,13.0,64.65,0.667,0
FAZ_03830,Gaia_Vision,Soja,294.06,Gotejamento,Calcario,Inverno,12.19,39.81,58.48,3755.04,12.84,,0.95,0
FAZ_03831,Sentinel_Agro,Arroz,376.67,Inundacao,Calcario,Inverno,8.86,111.08,63.28,10131.06,31.69,54.53,0.593,1
FAZ_03832,OrbSat_Field,Soja,475.02,Sequeiro,Siltoso,Verao,,70.67,43.84,3572.59,29.6,55.59,0.675,0
FAZ_03833,Sentinel_Agro,Milho,484.01,Gotejamento,Franco,Primavera,15.6,87.03,57.23,4375.24,26.35,83.02,0.848,0
FAZ_03834,Gaia_Vision,Algodao,639.74,Manual,Argiloso,Outono,13.65,182.8,49.05,4697.07,21.56,,0.625,0
FAZ_03835,AgroSat_BR,Batata,201.62,Aspersao,Argiloso,Outono,3.16,63.88,53.06,3471.0,23.23,70.73,0.746,0
FAZ_03836,Gaia_Vision,Trigo,377.88,Manual,Franco,Outono,10.66,77.31,54.89,4303.23,31.62,56.32,0.612,0
FAZ_03837,OrbSat_Field,Soja,251.68,Inundacao,Arenoso,Verao,4.59,32.82,37.73,7561.4,33.62,53.01,0.594,1
FAZ_03838,TerraScan_X,Trigo,297.49,Sequeiro,Argiloso,Verao,6.05,43.73,51.15,4179.56,33.18,52.8,0.58,0
FAZ_03839,Sentinel_Agro,Soja,277.06,Manual,Calcario,Outono,6.92,33.78,36.68,2903.82,17.86,84.72,0.669,0
FAZ_03840,AgroSat_BR,Milho,386.36,Aspersao,Organico,Outono,11.18,56.33,72.91,2918.56,23.82,85.78,0.933,0
FAZ_03841,TerraScan_X,Trigo,290.65,Gotejamento,Calcario,Outono,2.72,34.76,41.6,2809.08,29.15,60.69,0.709,0
FAZ_03842,Gaia_Vision,Soja,335.91,Manual,Argiloso,Inverno,6.49,75.13,46.27,3080.26,9.31,70.92,0.733,0
FAZ_03843,AgroSat_BR,Algodao,357.07,Aspersao,Franco,Primavera,,158.16,51.86,3471.76,19.68,56.22,0.697,1
FAZ_03844,TerraScan_X,Milho,447.73,Inundacao,Arenoso,Verao,8.02,117.39,40.59,5963.33,34.61,46.26,0.477,1
FAZ_03845,AgroSat_BR,Batata,473.7,Gotejamento,Argiloso,Verao,16.59,84.06,53.86,3911.05,23.37,,0.652,0
FAZ_03846,OrbSat_Field,Tomate,415.8,Sequeiro,Franco,Inverno,10.26,165.59,56.91,2484.06,17.22,81.75,0.741,0
FAZ_03847,OrbSat_Field,Arroz,371.01,Aspersao,Organico,Verao,9.93,149.73,33.69,3251.42,36.23,60.85,0.589,0
FAZ_03848,Sentinel_Agro,Algodao,604.93,Sequeiro,Siltoso,Outono,18.84,155.11,59.98,4697.83,27.95,65.79,0.553,0
FAZ_03849,Sentinel_Agro,Milho,270.61,Manual,Organico,Verao,10.98,72.23,34.83,4300.87,34.48,51.95,0.606,0
FAZ_03850,OrbSat_Field,Trigo,548.53,Gotejamento,Organico,Inverno,13.83,45.14,52.08,6503.7,23.81,65.85,0.626,0
FAZ_03851,AgroSat_BR,Algodao,187.75,Inundacao,Arenoso,Primavera,6.68,97.44,40.26,5615.26,27.92,48.75,0.628,0
FAZ_03852,OrbSat_Field,Milho,339.44,Sequeiro,Argiloso,Outono,,34.77,45.1,3713.31,25.47,51.96,0.661,0
FAZ_03853,Sentinel_Agro,Milho,476.44,Manual,Siltoso,Verao,,73.21,44.66,4868.51,22.33,61.57,0.589,0
FAZ_03854,OrbSat_Field,Trigo,329.91,Aspersao,Franco,Outono,5.93,90.5,53.22,3569.64,22.69,72.53,0.753,0
FAZ_03855,OrbSat_Field,Milho,558.55,Sequeiro,Siltoso,Primavera,11.3,120.44,42.38,5712.72,23.57,72.26,0.779,0
FAZ_03856,AgroSat_BR,Cenoura,432.36,Aspersao,Argiloso,Verao,8.69,72.58,71.32,4734.7,20.74,67.47,0.775,0
FAZ_03857,TerraScan_X,Algodao,478.03,Aspersao,Arenoso,Outono,16.12,169.68,54.71,3193.71,21.66,70.69,0.679,0
FAZ_03858,Sentinel_Agro,Soja,548.22,Manual,Argiloso,Inverno,20.55,146.87,60.68,7406.43,18.79,77.63,0.694,1
FAZ_03859,AgroSat_BR,Soja,474.11,Gotejamento,Franco,Inverno,6.82,227.79,62.93,7906.3,29.58,62.57,,0
FAZ_03860,OrbSat_Field,Algodao,777.96,Aspersao,Siltoso,Primavera,17.54,173.42,63.4,5403.55,14.1,85.7,0.733,1
FAZ_03861,OrbSat_Field,Arroz,328.31,Manual,Organico,Primavera,5.27,32.48,60.49,4233.44,25.55,74.53,0.855,0
FAZ_03862,TerraScan_X,Algodao,317.58,Inundacao,Argiloso,Primavera,10.06,139.79,47.61,8347.58,27.14,65.62,0.64,1
FAZ_03863,Sentinel_Agro,Cana_de_Acucar,563.7,Gotejamento,Calcario,Verao,24.63,174.81,64.93,4060.4,34.3,55.75,0.617,1
FAZ_03864,Sentinel_Agro,Milho,240.95,Inundacao,Arenoso,Primavera,9.98,54.25,45.04,8062.37,31.46,58.63,0.629,1
FAZ_03865,Gaia_Vision,Tomate,347.34,Inundacao,Arenoso,Verao,16.86,114.31,50.16,6217.22,22.79,70.47,0.658,0
FAZ_03866,Sentinel_Agro,Trigo,188.85,Inundacao,Siltoso,Outono,3.86,11.78,42.16,6506.32,22.33,65.36,0.753,1
FAZ_03867,TerraScan_X,Cenoura,792.17,Manual,Organico,Inverno,11.21,137.66,70.4,9348.8,24.88,70.95,0.687,1
FAZ_03868,Gaia_Vision,Tomate,403.21,Gotejamento,Franco,Outono,11.18,188.47,49.65,4891.68,22.76,83.06,0.685,0
FAZ_03869,Gaia_Vision,Soja,206.74,Manual,Organico,Inverno,3.11,43.95,47.35,2277.19,21.94,65.8,0.794,0
FAZ_03870,OrbSat_Field,Trigo,729.39,Manual,Siltoso,Primavera,11.66,106.99,95.0,8337.7,31.92,67.24,0.689,0
FAZ_03871,OrbSat_Field,Trigo,922.83,Manual,Organico,Outono,22.51,145.0,83.42,12501.53,30.66,45.69,0.509,1
FAZ_03872,Sentinel_Agro,Trigo,391.9,Aspersao,Siltoso,Outono,11.35,128.19,59.37,5116.81,28.17,65.99,0.724,0
FAZ_03873,Gaia_Vision,Cenoura,303.55,Aspersao,Organico,Primavera,4.89,50.49,47.45,2993.45,32.3,52.19,0.639,0
FAZ_03874,OrbSat_Field,Milho,426.76,Aspersao,Argiloso,Outono,8.15,98.65,58.58,4715.34,20.33,71.77,0.755,0
FAZ_03875,TerraScan_X,Cana_de_Acucar,462.85,Manual,Arenoso,Verao,9.51,36.55,71.52,5114.15,28.62,71.61,0.666,0
FAZ_03876,OrbSat_Field,Batata,212.65,Aspersao,Siltoso,Inverno,7.1,130.46,44.2,2217.48,21.38,64.08,0.719,0
FAZ_03877,OrbSat_Field,Cenoura,287.22,Aspersao,Siltoso,Primavera,2.19,75.98,45.27,3454.6,19.56,68.76,0.672,0
FAZ_03878,Gaia_Vision,Tomate,358.9,Inundacao,Arenoso,Verao,7.83,163.97,57.82,8238.9,37.7,63.25,0.606,1
FAZ_03879,Gaia_Vision,Milho,328.41,Manual,Calcario,Verao,8.76,84.38,48.02,1644.21,33.56,47.47,0.651,0
FAZ_03880,AgroSat_BR,Algodao,744.62,Gotejamento,Calcario,Primavera,11.2,179.11,69.18,7933.4,27.64,81.37,0.724,1
FAZ_03881,TerraScan_X,Soja,378.11,Sequeiro,Franco,Outono,9.09,96.32,51.92,4118.78,16.75,68.17,0.661,0
FAZ_03882,Gaia_Vision,Cana_de_Acucar,172.82,Gotejamento,Siltoso,Inverno,8.39,20.66,46.85,1544.99,14.17,87.33,0.81,0
FAZ_03883,Sentinel_Agro,Milho,453.43,Aspersao,Argiloso,Verao,12.04,86.51,55.47,5926.25,23.5,63.63,0.691,0
FAZ_03884,TerraScan_X,Algodao,393.7,Inundacao,Organico,Outono,12.22,94.47,59.88,7385.51,10.32,79.84,0.822,0
FAZ_03885,TerraScan_X,Cana_de_Acucar,359.93,Gotejamento,Argiloso,Primavera,15.91,75.82,41.03,2808.07,25.74,47.48,0.587,1
FAZ_03886,Gaia_Vision,Algodao,183.55,Sequeiro,Siltoso,Primavera,6.36,46.17,45.35,2417.87,10.67,77.49,0.719,0
FAZ_03887,TerraScan_X,Cenoura,353.6,Aspersao,,Inverno,,65.79,64.9,1898.66,19.59,68.02,0.808,0
FAZ_03888,Gaia_Vision,Algodao,431.2,Gotejamento,Siltoso,Primavera,13.84,138.79,47.55,4952.75,33.42,,0.542,1
FAZ_03889,OrbSat_Field,Cana_de_Acucar,767.97,Manual,Franco,Inverno,30.46,132.52,93.14,9902.3,22.14,63.27,0.611,1
FAZ_03890,AgroSat_BR,Algodao,314.69,Inundacao,Arenoso,Primavera,7.61,175.84,38.76,7952.13,20.91,48.18,0.476,1
FAZ_03891,OrbSat_Field,Tomate,551.58,Sequeiro,Organico,Primavera,23.85,223.01,56.42,5603.08,23.95,62.44,0.629,0
FAZ_03892,Gaia_Vision,Milho,344.28,Aspersao,Argiloso,Verao,15.65,79.31,51.75,3263.78,35.53,69.14,0.747,0
FAZ_03893,Gaia_Vision,Cana_de_Acucar,425.53,Aspersao,Franco,Outono,18.92,101.37,47.9,2622.12,26.56,59.11,0.656,1
FAZ_03894,OrbSat_Field,Tomate,490.39,Gotejamento,Argiloso,Verao,21.65,125.63,64.8,5555.44,24.39,,0.731,0
FAZ_03895,Sentinel_Agro,Algodao,959.19,Manual,Arenoso,Inverno,18.74,300.37,95.0,8274.02,21.38,62.54,0.463,1
FAZ_03896,Sentinel_Agro,Algodao,639.38,Inundacao,Siltoso,Verao,12.95,115.66,84.13,9185.38,29.64,66.09,0.676,0
FAZ_03897,Sentinel_Agro,Trigo,261.91,Sequeiro,Franco,Primavera,8.89,83.31,52.76,2943.78,17.34,72.18,0.788,0
FAZ_03898,Gaia_Vision,Cana_de_Acucar,446.49,Manual,Organico,Primavera,14.73,127.9,60.89,4753.35,31.19,50.78,,1
FAZ_03899,TerraScan_X,Cenoura,422.61,Sequeiro,Franco,Outono,15.38,114.51,56.54,1789.18,9.64,74.03,0.688,0
FAZ_03900,Gaia_Vision,Algodao,474.53,Sequeiro,Calcario,Inverno,17.28,78.79,47.73,3606.68,21.26,67.59,0.772,0
FAZ_03901,TerraScan_X,Soja,204.3,Aspersao,Siltoso,Primavera,3.99,13.19,60.3,1886.23,23.76,76.11,0.895,0
FAZ_03902,OrbSat_Field,Batata,387.18,Gotejamento,Siltoso,Outono,6.31,115.38,56.3,3525.2,20.68,78.94,0.772,0
FAZ_03903,AgroSat_BR,Cenoura,284.8,Gotejamento,Organico,Outono,4.05,70.8,52.92,3427.45,19.63,84.45,0.859,0
FAZ_03904,TerraScan_X,Milho,266.27,Aspersao,Organico,Primavera,12.91,27.5,36.69,2769.26,39.11,62.63,0.77,0
FAZ_03905,Sentinel_Agro,Arroz,549.06,Aspersao,Arenoso,Primavera,13.35,122.61,55.67,5968.4,21.01,68.6,0.54,0
FAZ_03906,Gaia_Vision,Soja,715.13,Gotejamento,Argiloso,Inverno,15.55,208.38,88.81,5276.32,18.32,93.37,0.75,0
FAZ_03907,OrbSat_Field,Arroz,563.15,Aspersao,Franco,Outono,10.44,84.86,77.76,4651.82,26.45,81.54,0.789,0
FAZ_03908,Sentinel_Agro,Algodao,765.44,Aspersao,Arenoso,Outono,23.9,88.52,81.31,6941.38,22.11,86.26,0.755,0
FAZ_03909,OrbSat_Field,Milho,348.19,Gotejamento,Argiloso,Outono,15.49,111.15,67.49,3865.79,20.31,95.64,0.919,0
FAZ_03910,AgroSat_BR,Tomate,1139.18,Aspersao,Arenoso,Inverno,21.03,433.39,67.92,27497.0,16.41,86.7,0.552,1
FAZ_03911,Gaia_Vision,Algodao,131.99,Gotejamento,Calcario,Outono,1.15,74.76,41.41,1279.07,22.86,86.87,0.846,0
FAZ_03912,Gaia_Vision,Arroz,811.59,Aspersao,Organico,Verao,25.28,204.67,72.35,7351.34,36.26,48.96,0.449,1
FAZ_03913,AgroSat_BR,Algodao,411.6,Gotejamento,Organico,Verao,10.19,169.44,62.66,2470.89,30.33,68.63,0.702,0
FAZ_03914,Gaia_Vision,Batata,415.1,Manual,Siltoso,Outono,13.41,119.86,52.25,3397.74,34.42,47.63,0.533,1
FAZ_03915,TerraScan_X,Trigo,148.11,Gotejamento,Franco,Verao,2.96,39.51,37.44,2257.78,37.04,56.39,0.783,0
FAZ_03916,OrbSat_Field,Batata,368.46,Sequeiro,Franco,Verao,12.15,187.37,53.23,5238.88,36.66,59.58,0.679,0
FAZ_03917,Sentinel_Agro,Milho,286.46,Inundacao,Franco,Inverno,11.17,64.99,39.81,7415.93,22.73,41.45,0.605,1
FAZ_03918,AgroSat_BR,Tomate,209.36,Aspersao,Arenoso,Outono,9.07,80.73,35.0,800.0,26.19,67.62,0.709,0
FAZ_03919,TerraScan_X,Batata,474.87,Inundacao,Arenoso,Inverno,9.46,128.33,62.74,7840.84,25.08,55.02,0.547,1
FAZ_03920,Sentinel_Agro,Cana_de_Acucar,607.7,Aspersao,Franco,Outono,28.39,83.81,86.99,5686.23,30.71,,0.701,0
FAZ_03921,Sentinel_Agro,Tomate,349.96,Gotejamento,Siltoso,Primavera,12.13,159.27,42.27,2505.73,17.49,61.96,0.546,1
FAZ_03922,AgroSat_BR,Arroz,291.4,Manual,Argiloso,Verao,6.54,44.94,37.41,2939.23,33.15,43.08,0.524,1
FAZ_03923,TerraScan_X,Batata,416.23,Sequeiro,Calcario,Inverno,14.26,107.69,51.3,5114.88,18.67,70.06,0.654,0
FAZ_03924,Sentinel_Agro,Trigo,301.85,Sequeiro,Arenoso,Inverno,4.56,61.08,52.74,1752.72,19.81,53.86,0.685,0
FAZ_03925,Sentinel_Agro,Tomate,518.65,Inundacao,Franco,Primavera,24.35,225.17,62.34,11044.62,26.8,71.34,0.603,1
FAZ_03926,TerraScan_X,Algodao,298.28,Aspersao,Organico,Primavera,9.13,106.01,53.89,2489.01,15.06,74.5,0.801,0
FAZ_03927,Gaia_Vision,Trigo,571.06,Aspersao,Arenoso,Verao,6.77,34.07,52.76,5343.14,39.54,50.89,0.619,0
FAZ_03928,Sentinel_Agro,Algodao,166.57,Inundacao,Argiloso,Verao,3.55,124.55,44.57,5000.23,27.83,78.68,0.748,0
FAZ_03929,OrbSat_Field,Batata,386.21,Manual,Arenoso,Outono,12.74,114.7,38.67,2888.64,21.53,50.23,0.533,0
FAZ_03930,TerraScan_X,Soja,225.67,Aspersao,Argiloso,Outono,6.98,23.75,50.68,2606.02,28.3,82.83,0.876,0
FAZ_03931,Sentinel_Agro,Soja,354.43,Sequeiro,Argiloso,Primavera,7.04,47.74,56.33,3121.85,27.42,63.77,0.729,0
FAZ_03932,AgroSat_BR,Arroz,339.76,Aspersao,Arenoso,Verao,7.42,14.56,51.25,4867.37,22.96,75.43,0.762,0
FAZ_03933,OrbSat_Field,Trigo,830.24,Inundacao,Argiloso,Verao,14.02,168.18,71.01,15619.37,39.38,41.88,0.544,1
FAZ_03934,Sentinel_Agro,Algodao,312.85,Sequeiro,Arenoso,Primavera,10.83,102.62,44.37,3831.49,18.15,81.53,0.733,0
FAZ_03935,OrbSat_Field,Cenoura,356.78,Sequeiro,Arenoso,Primavera,6.83,79.22,52.27,3144.16,23.85,62.26,0.611,0
FAZ_03936,OrbSat_Field,Trigo,586.64,Inundacao,Siltoso,Inverno,12.32,86.81,73.8,10988.15,10.98,,0.788,0
FAZ_03937,Gaia_Vision,Cana_de_Acucar,199.42,Aspersao,Organico,Primavera,10.99,54.8,44.1,2116.81,38.03,58.09,0.726,0
FAZ_03938,OrbSat_Field,Arroz,188.09,Gotejamento,Calcario,Inverno,6.45,45.14,37.69,1422.63,24.36,52.0,0.508,0
FAZ_03939,Gaia_Vision,Algodao,247.04,Gotejamento,Argiloso,Outono,2.14,120.57,54.72,3050.24,22.54,80.92,0.681,0
FAZ_03940,TerraScan_X,Soja,137.99,Manual,Arenoso,Primavera,2.9,10.83,42.16,1523.61,24.48,76.16,0.835,0
FAZ_03941,Gaia_Vision,Tomate,256.78,Aspersao,Argiloso,Primavera,9.56,123.52,50.06,2340.79,18.29,69.73,0.742,0
FAZ_03942,AgroSat_BR,Cana_de_Acucar,462.04,Inundacao,Arenoso,Primavera,20.61,132.89,59.0,11190.36,30.37,57.96,0.546,1
FAZ_03943,Sentinel_Agro,Algodao,259.38,Aspersao,Calcario,Inverno,9.21,110.2,49.18,1823.61,11.62,92.81,0.884,0
FAZ_03944,TerraScan_X,Algodao,631.66,Aspersao,Arenoso,Primavera,15.29,236.82,62.66,7538.05,28.97,74.41,0.58,1
FAZ_03945,TerraScan_X,Batata,330.58,Inundacao,Arenoso,Primavera,5.99,125.03,36.24,5507.48,19.14,53.7,0.533,0
FAZ_03946,AgroSat_BR,Soja,427.89,Sequeiro,Organico,Verao,6.56,47.04,45.36,5501.82,38.34,55.34,0.693,0
FAZ_03947,Gaia_Vision,Trigo,527.85,Gotejamento,Argiloso,Verao,19.72,166.14,71.52,4063.68,25.93,62.64,0.592,1
FAZ_03948,Sentinel_Agro,Tomate,326.06,Manual,Organico,Verao,9.8,121.94,41.65,3507.52,30.53,51.9,0.573,0
FAZ_03949,Gaia_Vision,Batata,511.5,Aspersao,Organico,Primavera,9.53,82.57,50.38,4160.59,34.82,70.79,0.694,0
FAZ_03950,OrbSat_Field,Tomate,540.94,Manual,Organico,Verao,,121.07,79.12,7219.67,32.57,70.37,0.722,1
FAZ_03951,Gaia_Vision,Arroz,880.66,Sequeiro,Organico,Outono,13.47,208.77,84.69,7828.84,28.44,59.49,0.575,1
FAZ_03952,TerraScan_X,Soja,367.6,Aspersao,Siltoso,Verao,8.39,120.15,59.09,4597.42,29.77,69.83,0.684,0
FAZ_03953,Sentinel_Agro,Algodao,148.27,Gotejamento,Argiloso,Primavera,5.58,61.1,51.08,800.0,22.49,80.89,0.817,0
FAZ_03954,Gaia_Vision,Cenoura,359.83,Gotejamento,,Verao,11.9,93.05,43.55,4480.62,31.81,61.18,0.636,0
FAZ_03955,Sentinel_Agro,Milho,132.5,Gotejamento,Arenoso,Verao,8.19,36.73,38.6,2436.4,30.6,77.05,0.737,0
FAZ_03956,Sentinel_Agro,Milho,209.02,Manual,Argiloso,Verao,12.07,71.42,34.79,3054.23,33.55,59.49,0.68,0
FAZ_03957,OrbSat_Field,Cenoura,113.83,Gotejamento,Calcario,Outono,2.14,15.09,42.08,1803.66,33.56,50.41,0.75,0
FAZ_03958,OrbSat_Field,Milho,568.24,Gotejamento,Organico,Outono,19.59,86.08,66.55,6226.15,23.55,75.08,0.728,1
FAZ_03959,TerraScan_X,Batata,399.25,Inundacao,Franco,Inverno,5.09,116.99,57.29,6518.02,17.9,72.24,0.71,0
FAZ_03960,AgroSat_BR,Arroz,942.64,Inundacao,Argiloso,Primavera,34.42,175.74,95.0,12458.77,19.93,59.04,0.619,1
FAZ_03961,Sentinel_Agro,Milho,470.73,Aspersao,Franco,Outono,17.69,107.55,50.1,3921.9,26.49,79.8,0.789,0
FAZ_03962,AgroSat_BR,Arroz,284.34,Inundacao,Calcario,Outono,12.45,60.5,43.45,6293.82,30.34,41.75,0.574,1
FAZ_03963,TerraScan_X,Algodao,365.66,Manual,Siltoso,Outono,9.09,165.99,50.67,4792.42,22.9,71.11,0.626,0
FAZ_03964,Sentinel_Agro,Arroz,372.87,Gotejamento,Arenoso,Primavera,11.02,35.28,63.32,3279.72,27.47,87.59,0.838,0
FAZ_03965,Sentinel_Agro,Batata,233.22,Inundacao,Arenoso,Inverno,8.71,99.27,43.32,5289.94,17.95,62.96,0.702,0
FAZ_03966,AgroSat_BR,Cenoura,405.95,Manual,Arenoso,Primavera,7.59,82.68,57.61,4864.86,27.88,63.3,0.674,0
FAZ_03967,Gaia_Vision,Arroz,170.73,Aspersao,Siltoso,Verao,6.82,21.7,38.23,1549.49,25.97,71.91,0.675,0
FAZ_03968,OrbSat_Field,Tomate,581.53,Manual,Organico,Inverno,21.67,151.35,80.15,5311.88,23.84,66.47,0.695,1
FAZ_03969,Gaia_Vision,Trigo,394.65,Manual,Franco,Verao,8.35,79.16,58.09,1468.27,28.08,,0.85,0
FAZ_03970,AgroSat_BR,Milho,616.2,Manual,Argiloso,Outono,17.48,188.64,48.94,8335.9,12.29,69.57,0.597,1
FAZ_03971,OrbSat_Field,Cenoura,254.37,Inundacao,Organico,Primavera,8.72,52.68,46.87,7760.56,26.21,47.22,0.702,1
FAZ_03972,Gaia_Vision,Cana_de_Acucar,155.54,Manual,Arenoso,Verao,13.15,40.73,43.31,1473.65,32.19,61.76,0.666,0
FAZ_03973,OrbSat_Field,Algodao,279.1,Manual,Arenoso,Inverno,7.6,139.01,42.14,4058.64,18.44,60.99,0.634,0
FAZ_03974,Sentinel_Agro,Trigo,359.62,Manual,Organico,Verao,6.64,51.81,54.86,5287.93,19.58,62.58,0.768,0
FAZ_03975,Gaia_Vision,Tomate,460.46,Aspersao,Franco,Verao,8.79,89.66,38.52,4557.04,33.07,49.9,0.633,0
FAZ_03976,OrbSat_Field,Soja,666.13,Gotejamento,Organico,Outono,12.24,215.59,63.84,4134.95,23.95,72.81,0.724,0
FAZ_03977,OrbSat_Field,Batata,415.37,Aspersao,Siltoso,Verao,9.12,120.43,56.89,4258.07,29.13,86.05,0.816,0
FAZ_03978,OrbSat_Field,Trigo,411.93,Gotejamento,Arenoso,Verao,13.13,42.81,50.47,2784.4,30.77,67.91,0.724,0
FAZ_03979,Gaia_Vision,Cenoura,461.27,Aspersao,Franco,Outono,8.95,92.62,69.8,5828.03,30.65,60.64,0.611,0
FAZ_03980,TerraScan_X,Cenoura,220.5,Aspersao,Argiloso,Inverno,4.94,50.65,54.89,2001.81,14.91,77.26,0.751,0
FAZ_03981,Gaia_Vision,Cenoura,261.99,Sequeiro,,Outono,6.21,32.77,52.02,2886.32,19.06,65.74,0.836,0
FAZ_03982,AgroSat_BR,Algodao,387.06,Sequeiro,Organico,Verao,4.63,146.24,42.68,5874.72,34.62,46.73,0.447,1
FAZ_03983,Gaia_Vision,Arroz,205.39,Manual,Franco,Primavera,6.2,50.96,47.43,2531.53,33.61,59.33,0.705,0
FAZ_03984,OrbSat_Field,Milho,541.3,Sequeiro,Arenoso,Outono,16.25,45.53,54.29,3586.76,31.13,58.24,0.627,0
FAZ_03985,Sentinel_Agro,Soja,211.77,Sequeiro,Argiloso,Outono,3.93,30.47,41.17,1277.89,23.89,59.47,0.757,0
FAZ_03986,Gaia_Vision,Cenoura,141.85,Sequeiro,Argiloso,Verao,5.76,30.29,36.97,2410.1,26.02,57.55,0.74,0
FAZ_03987,Gaia_Vision,Cana_de_Acucar,742.48,Gotejamento,Calcario,Primavera,17.7,218.64,45.8,8532.84,32.41,56.38,0.512,1
FAZ_03988,OrbSat_Field,Algodao,267.67,Aspersao,Organico,Inverno,9.23,90.13,53.22,3226.85,28.85,58.99,0.671,0
FAZ_03989,Sentinel_Agro,Cenoura,594.84,Inundacao,Siltoso,Primavera,20.89,175.6,46.87,8715.93,22.56,51.56,0.453,1
FAZ_03990,Sentinel_Agro,Cana_de_Acucar,521.51,Gotejamento,Organico,Outono,20.66,121.42,73.61,6036.06,30.5,60.1,0.739,1
FAZ_03991,AgroSat_BR,Soja,526.0,Manual,Franco,Primavera,14.92,121.45,59.79,5131.21,31.66,42.48,0.532,0
FAZ_03992,Gaia_Vision,Soja,580.91,Gotejamento,Organico,Inverno,14.42,102.08,85.54,4233.75,13.76,73.87,,0
FAZ_03993,Sentinel_Agro,Milho,232.09,Aspersao,Franco,Primavera,14.91,17.23,46.38,2796.97,17.99,88.04,0.837,0
FAZ_03994,Sentinel_Agro,Tomate,789.15,Gotejamento,Calcario,Primavera,30.12,213.68,90.84,7126.33,24.77,71.22,0.669,1
FAZ_03995,TerraScan_X,Milho,381.94,Inundacao,Calcario,Primavera,17.56,88.86,63.26,7430.77,15.58,74.83,0.743,1
FAZ_03996,TerraScan_X,Arroz,422.19,Inundacao,Calcario,Outono,10.19,121.16,47.43,7263.44,21.76,57.79,0.661,0
FAZ_03997,Sentinel_Agro,Batata,435.67,Manual,Siltoso,Verao,6.07,130.17,60.58,4639.75,30.07,56.0,0.581,1
FAZ_03998,AgroSat_BR,Soja,243.74,Aspersao,Calcario,Verao,5.93,89.6,42.53,2448.27,28.51,,0.674,0
FAZ_03999,Sentinel_Agro,Batata,293.17,Inundacao,Organico,Primavera,4.11,108.02,41.99,5121.84,14.22,78.96,0.783,0
FAZ_04000,OrbSat_Field,Algodao,426.62,Manual,Argiloso,Outono,10.18,141.1,58.84,3226.53,28.56,59.48,0.55,0
FAZ_04001,Gaia_Vision,Trigo,710.95,Manual,Franco,Outono,13.53,159.82,71.2,8757.91,22.23,64.55,0.75,1
FAZ_04002,AgroSat_BR,Cenoura,237.35,Aspersao,Franco,Outono,9.49,55.44,48.63,2774.94,14.25,73.87,0.765,0
FAZ_04003,OrbSat_Field,Algodao,346.25,Gotejamento,Argiloso,Verao,10.87,128.86,42.17,5109.07,32.16,55.09,0.618,1
FAZ_04004,AgroSat_BR,Soja,389.1,Gotejamento,Organico,Outono,5.95,56.03,44.74,1620.17,25.54,62.9,0.805,0
FAZ_04005,OrbSat_Field,Cana_de_Acucar,422.33,Manual,Siltoso,Primavera,12.54,83.95,60.71,1496.92,29.5,47.24,0.691,0
FAZ_04006,Gaia_Vision,Batata,663.54,Aspersao,Arenoso,Verao,18.61,289.59,75.01,7550.81,29.77,68.17,0.53,1
FAZ_04007,Gaia_Vision,Milho,226.83,Gotejamento,Organico,Outono,10.14,36.73,49.01,3230.81,25.43,,0.762,0
FAZ_04008,TerraScan_X,Trigo,420.1,Gotejamento,Calcario,Primavera,12.18,88.33,60.3,3935.7,26.89,64.74,0.649,0
FAZ_04009,OrbSat_Field,Tomate,506.54,Manual,Organico,Verao,21.92,130.93,59.29,4087.48,25.9,62.1,0.796,1
FAZ_04010,TerraScan_X,Algodao,598.4,Inundacao,Franco,Outono,17.45,172.93,76.56,10377.5,25.57,52.32,0.603,1
FAZ_04011,OrbSat_Field,Tomate,418.53,Aspersao,Franco,Inverno,11.77,126.8,37.24,4741.99,25.87,59.96,0.517,1
FAZ_04012,TerraScan_X,Batata,305.54,Inundacao,Siltoso,Primavera,6.98,83.92,36.68,8883.51,32.13,45.14,0.631,1
FAZ_04013,Gaia_Vision,Batata,258.98,Gotejamento,Calcario,Inverno,6.59,96.83,46.22,3321.19,31.95,67.64,0.68,0
FAZ_04014,AgroSat_BR,Cenoura,374.33,Aspersao,Siltoso,Verao,13.28,90.73,56.37,5658.83,33.99,67.87,0.611,0
FAZ_04015,TerraScan_X,Cana_de_Acucar,192.35,Aspersao,Siltoso,Outono,7.53,50.7,45.53,2189.96,18.56,74.25,0.782,0
FAZ_04016,OrbSat_Field,Cana_de_Acucar,467.1,Aspersao,Argiloso,Primavera,14.86,122.14,63.59,4511.88,29.18,76.16,0.691,0
FAZ_04017,OrbSat_Field,Arroz,533.84,Sequeiro,Arenoso,Primavera,9.46,123.72,64.45,2962.51,23.92,65.46,0.648,0
FAZ_04018,Gaia_Vision,Milho,710.28,Inundacao,Arenoso,Primavera,30.05,104.6,49.11,12483.44,33.88,48.15,0.483,1
FAZ_04019,OrbSat_Field,Soja,333.82,Manual,Calcario,Inverno,9.09,45.83,55.37,2533.61,15.02,74.9,0.779,0
FAZ_04020,Sentinel_Agro,Soja,498.73,Gotejamento,Siltoso,Outono,,97.29,48.52,6206.03,32.9,70.29,0.835,0
FAZ_04021,AgroSat_BR,Batata,629.62,Aspersao,Franco,Outono,22.6,221.3,48.64,7701.06,34.56,65.49,0.592,1
FAZ_04022,TerraScan_X,Algodao,451.89,Gotejamento,Arenoso,Outono,17.34,87.86,49.75,5661.25,28.15,59.63,0.674,0
FAZ_04023,AgroSat_BR,Soja,484.22,Inundacao,Organico,Inverno,12.18,64.51,67.53,9422.52,30.45,54.58,0.661,1
FAZ_04024,Gaia_Vision,Soja,484.76,Aspersao,Argiloso,Verao,7.4,84.94,64.3,5016.64,37.92,52.21,0.574,0
FAZ_04025,TerraScan_X,Algodao,276.1,Aspersao,Franco,Inverno,9.05,146.18,32.87,3727.7,21.15,59.51,0.46,0
FAZ_04026,TerraScan_X,Milho,478.31,Manual,Argiloso,Verao,14.36,96.72,60.85,5609.98,21.84,55.82,0.678,0
FAZ_04027,Sentinel_Agro,Trigo,342.01,Sequeiro,Organico,Inverno,10.81,62.9,52.59,3601.6,16.17,78.05,0.793,0
FAZ_04028,Gaia_Vision,Cana_de_Acucar,771.2,Gotejamento,Arenoso,Outono,19.21,235.75,78.18,8915.51,16.6,79.4,0.661,1
FAZ_04029,OrbSat_Field,Cenoura,202.7,Gotejamento,Argiloso,Outono,4.55,41.03,40.98,1167.75,29.88,62.9,0.735,0
FAZ_04030,Sentinel_Agro,Cenoura,698.55,Gotejamento,Calcario,Outono,19.06,187.16,64.48,8296.32,20.91,76.28,0.799,1
FAZ_04031,Sentinel_Agro,Cenoura,402.6,Manual,Argiloso,Inverno,6.12,39.6,51.07,2935.52,18.51,70.55,,0
FAZ_04032,AgroSat_BR,Algodao,358.3,Gotejamento,Argiloso,Primavera,12.99,134.59,44.78,4900.16,28.0,72.01,0.721,0
FAZ_04033,AgroSat_BR,Cenoura,492.42,Inundacao,Organico,Inverno,13.72,43.45,53.58,10139.3,23.62,71.67,0.785,0
FAZ_04034,AgroSat_BR,Batata,209.47,Inundacao,Franco,Verao,5.42,101.61,35.65,6307.58,27.07,54.34,0.666,1
FAZ_04035,Sentinel_Agro,Arroz,293.7,Aspersao,Franco,Inverno,5.55,61.66,51.31,4337.4,23.98,,0.713,0
FAZ_04036,OrbSat_Field,Algodao,270.48,Gotejamento,Organico,Verao,10.38,89.13,36.49,3996.34,40.26,47.71,0.56,0
FAZ_04037,TerraScan_X,Algodao,319.61,Aspersao,Argiloso,Inverno,11.22,113.59,45.07,3656.8,27.32,54.12,0.567,1
FAZ_04038,AgroSat_BR,Cana_de_Acucar,797.84,Gotejamento,Argiloso,Primavera,29.98,228.54,84.54,8522.0,24.29,76.6,0.704,1
FAZ_04039,OrbSat_Field,Cenoura,180.99,Gotejamento,Siltoso,Primavera,4.35,16.2,54.84,2654.75,30.31,58.78,0.856,0
FAZ_04040,Gaia_Vision,Tomate,602.84,Inundacao,Calcario,Outono,14.63,208.14,53.8,6811.09,17.06,67.49,0.56,1
FAZ_04041,AgroSat_BR,Trigo,263.14,Inundacao,Arenoso,Primavera,3.62,22.92,46.2,7666.46,23.63,57.12,0.676,1
FAZ_04042,TerraScan_X,Arroz,376.74,Gotejamento,Arenoso,Inverno,11.85,77.46,55.61,3981.84,19.9,74.3,0.727,0
FAZ_04043,Gaia_Vision,Algodao,458.04,Inundacao,Franco,Primavera,16.13,105.76,52.76,10003.18,27.89,48.56,0.524,1
FAZ_04044,Gaia_Vision,Arroz,206.14,Aspersao,Organico,Outono,6.17,42.58,47.58,1661.41,15.22,87.64,0.917,0
FAZ_04045,TerraScan_X,Algodao,251.69,Inundacao,Argiloso,Inverno,3.79,91.49,48.6,9023.3,24.98,68.51,0.729,0
FAZ_04046,AgroSat_BR,Milho,332.9,Manual,Calcario,Verao,15.83,64.0,60.07,3777.65,18.56,72.3,0.689,0
FAZ_04047,Sentinel_Agro,Cana_de_Acucar,296.58,Manual,Arenoso,Inverno,15.66,41.89,41.81,2467.08,38.13,51.12,0.6,1
FAZ_04048,TerraScan_X,Batata,568.25,Aspersao,Organico,Outono,6.53,212.2,70.44,5122.74,15.6,81.89,0.75,0
FAZ_04049,TerraScan_X,Milho,471.33,Inundacao,Organico,Primavera,9.35,107.5,66.09,7975.21,23.2,56.12,0.681,1
FAZ_04050,TerraScan_X,Cenoura,192.34,Manual,Argiloso,Primavera,2.46,37.31,46.55,2208.27,37.25,44.67,0.663,0
FAZ_04051,Gaia_Vision,Trigo,313.47,Gotejamento,Calcario,Inverno,1.91,88.94,58.24,2201.3,26.44,77.95,0.807,0
FAZ_04052,OrbSat_Field,Tomate,375.41,Inundacao,Organico,Verao,8.85,66.09,40.84,5804.27,39.95,29.86,0.434,0
FAZ_04053,Sentinel_Agro,Batata,442.24,Manual,Arenoso,Verao,5.87,174.1,47.72,3469.84,31.27,53.76,0.555,1
FAZ_04054,AgroSat_BR,Milho,354.72,Aspersao,Siltoso,Verao,15.44,69.52,53.13,4423.9,39.66,55.85,0.784,0
FAZ_04055,AgroSat_BR,Arroz,477.23,Aspersao,Arenoso,Verao,6.85,75.73,45.57,3649.12,36.3,51.45,0.512,1
FAZ_04056,OrbSat_Field,Arroz,301.04,Inundacao,Calcario,Inverno,6.89,39.78,46.81,7998.38,26.4,62.86,0.762,0
FAZ_04057,TerraScan_X,Trigo,493.61,Gotejamento,Siltoso,Primavera,10.45,75.01,59.51,4265.84,22.03,66.41,0.763,0
FAZ_04058,Sentinel_Agro,Algodao,622.09,Aspersao,Organico,Verao,13.12,194.11,46.78,5405.17,31.65,57.92,0.585,1
FAZ_04059,AgroSat_BR,Arroz,600.27,Aspersao,Arenoso,Inverno,22.85,208.79,77.68,4367.71,19.24,82.62,0.716,0
FAZ_04060,AgroSat_BR,Cenoura,438.48,Gotejamento,Argiloso,Inverno,13.9,114.22,55.0,6101.4,23.05,71.52,0.796,0
FAZ_04061,TerraScan_X,Tomate,388.58,Gotejamento,Calcario,Inverno,11.24,202.07,61.4,3846.56,10.74,84.1,0.85,0
FAZ_04062,OrbSat_Field,Cana_de_Acucar,501.57,Aspersao,Organico,Verao,16.65,51.1,59.46,5110.79,34.74,66.31,0.778,0
FAZ_04063,Sentinel_Agro,Cenoura,412.15,Gotejamento,Argiloso,Verao,5.99,56.33,41.4,3476.32,35.7,56.02,0.635,0
FAZ_04064,OrbSat_Field,Tomate,435.71,Inundacao,Siltoso,Inverno,17.37,64.11,60.17,7690.74,22.11,74.83,0.805,0
FAZ_04065,OrbSat_Field,Trigo,446.89,Aspersao,Franco,Inverno,5.84,137.14,60.25,5612.06,22.27,81.2,0.708,0
FAZ_04066,Sentinel_Agro,Cenoura,676.44,Gotejamento,Franco,Inverno,12.3,225.86,63.37,6394.09,22.73,70.19,0.645,0
FAZ_04067,Sentinel_Agro,Cana_de_Acucar,317.75,Aspersao,Siltoso,Primavera,13.19,65.01,57.43,2579.76,25.2,,0.665,0
FAZ_04068,AgroSat_BR,Cana_de_Acucar,893.52,Gotejamento,Franco,Primavera,21.61,156.29,71.0,7982.21,33.16,65.13,0.57,1
FAZ_04069,AgroSat_BR,Soja,339.91,Aspersao,Calcario,Outono,11.73,48.24,69.2,4008.98,24.41,80.16,0.832,0
FAZ_04070,Sentinel_Agro,Algodao,234.04,Aspersao,Organico,Outono,3.58,94.35,42.53,1548.67,31.56,59.87,0.559,0
FAZ_04071,Gaia_Vision,Trigo,442.77,Inundacao,Organico,Verao,6.75,78.45,66.07,6353.37,31.12,70.1,0.816,0
FAZ_04072,AgroSat_BR,Cenoura,232.04,Aspersao,Calcario,Primavera,6.76,70.21,56.3,2159.25,24.18,74.45,0.783,0
FAZ_04073,Gaia_Vision,Batata,518.09,Aspersao,Arenoso,Outono,15.11,132.63,47.59,4655.12,38.76,53.73,0.618,1
FAZ_04074,Sentinel_Agro,Batata,315.93,Manual,Organico,Inverno,4.02,128.64,51.58,4101.56,15.48,61.23,0.703,0
FAZ_04075,AgroSat_BR,Trigo,594.34,Aspersao,Franco,Inverno,10.6,147.75,70.63,3247.72,16.77,70.51,0.732,0
FAZ_04076,OrbSat_Field,Cenoura,280.86,Inundacao,,Verao,2.21,63.9,43.59,5628.59,31.28,55.02,0.685,0
FAZ_04077,Sentinel_Agro,Milho,343.64,Manual,Argiloso,Verao,15.7,65.74,49.71,4709.1,22.08,75.47,0.776,0
FAZ_04078,TerraScan_X,Milho,696.16,Gotejamento,Arenoso,Outono,21.62,181.1,55.76,10363.9,16.81,70.81,0.697,0
FAZ_04079,Gaia_Vision,Algodao,641.45,Sequeiro,Argiloso,Inverno,16.02,209.37,67.72,3398.45,26.79,63.42,0.54,0
FAZ_04080,Sentinel_Agro,Cenoura,402.53,Sequeiro,Franco,Verao,6.7,103.5,30.32,4883.18,37.07,38.4,0.533,1
FAZ_04081,Sentinel_Agro,Cana_de_Acucar,345.51,Aspersao,Argiloso,Verao,14.05,79.71,48.78,1114.85,26.07,80.33,0.778,0
FAZ_04082,AgroSat_BR,Arroz,230.23,Sequeiro,Franco,Primavera,4.74,33.7,29.93,3453.45,17.93,55.56,0.718,0
FAZ_04083,AgroSat_BR,Batata,174.66,Manual,Organico,Outono,3.67,75.28,44.18,1531.46,26.13,50.19,0.646,0
FAZ_04084,AgroSat_BR,Cenoura,240.33,Sequeiro,Arenoso,Verao,6.0,61.42,44.98,3224.32,28.96,61.12,0.646,0
FAZ_04085,TerraScan_X,Cenoura,682.97,Inundacao,Siltoso,Outono,22.66,123.44,74.49,13908.9,17.51,70.34,0.795,1
FAZ_04086,AgroSat_BR,Arroz,450.5,Inundacao,Franco,Inverno,13.91,80.49,69.82,7312.22,26.18,66.75,0.799,1
FAZ_04087,Sentinel_Agro,Arroz,254.04,Gotejamento,Calcario,Outono,4.0,88.31,48.39,2570.16,23.21,62.69,0.798,0
FAZ_04088,AgroSat_BR,Tomate,510.23,Aspersao,Calcario,Verao,,132.1,40.99,6839.43,33.12,58.08,0.548,1
FAZ_04089,OrbSat_Field,Soja,253.24,Gotejamento,Organico,Primavera,2.21,66.15,51.07,1545.01,23.52,79.38,0.834,0
FAZ_04090,AgroSat_BR,Algodao,581.13,Aspersao,Calcario,Outono,12.31,172.25,74.2,5790.47,24.64,71.34,0.646,0
FAZ_04091,TerraScan_X,Batata,323.4,Sequeiro,Argiloso,Outono,2.14,124.24,28.54,5409.18,15.34,62.76,0.597,0
FAZ_04092,OrbSat_Field,Arroz,551.55,Gotejamento,Organico,Inverno,17.42,95.83,56.87,3237.72,32.69,61.5,0.725,0
FAZ_04093,Sentinel_Agro,Milho,172.23,Manual,Calcario,Primavera,10.11,23.34,44.92,800.0,26.56,61.75,,0
FAZ_04094,Sentinel_Agro,Trigo,216.43,Gotejamento,Argiloso,Outono,3.05,2.71,47.77,1125.12,25.49,68.8,0.728,0
FAZ_04095,Gaia_Vision,Milho,548.39,Gotejamento,Argiloso,Primavera,9.64,58.28,75.07,4830.37,26.87,83.8,0.821,0
FAZ_04096,OrbSat_Field,Tomate,565.37,Aspersao,Argiloso,Verao,13.34,86.76,65.14,6431.71,19.14,79.66,0.695,0
FAZ_04097,Gaia_Vision,Tomate,709.0,Gotejamento,Calcario,Primavera,28.97,188.67,58.2,7065.59,25.86,78.51,0.713,1
FAZ_04098,OrbSat_Field,Arroz,457.05,Sequeiro,Argiloso,Verao,15.34,88.77,67.76,3783.91,21.4,77.22,0.73,0
FAZ_04099,OrbSat_Field,Tomate,320.04,Gotejamento,Arenoso,Inverno,9.3,84.78,54.82,1644.6,18.28,68.36,0.701,0
FAZ_04100,TerraScan_X,Cana_de_Acucar,347.74,Gotejamento,Calcario,Inverno,16.27,27.16,65.19,4868.12,18.34,71.89,0.876,0
FAZ_04101,Gaia_Vision,Cenoura,451.55,Gotejamento,Argiloso,Inverno,5.13,94.82,60.41,4462.7,23.88,77.46,0.818,0
FAZ_04102,TerraScan_X,Cenoura,190.94,Aspersao,Arenoso,Verao,6.42,30.47,40.61,2134.99,28.94,67.31,0.779,0
FAZ_04103,OrbSat_Field,Arroz,163.8,Gotejamento,Siltoso,Outono,3.86,24.85,50.08,1454.61,17.89,84.29,0.86,0
FAZ_04104,Sentinel_Agro,Tomate,575.48,Aspersao,Arenoso,Verao,18.09,101.73,46.18,5787.04,38.84,48.96,0.601,1
FAZ_04105,OrbSat_Field,Trigo,661.33,Aspersao,Calcario,Primavera,13.97,78.15,54.4,7267.35,18.0,75.75,0.638,0
FAZ_04106,TerraScan_X,Cana_de_Acucar,438.97,Gotejamento,Calcario,Primavera,12.79,125.24,66.79,1881.95,28.23,63.5,0.703,0
FAZ_04107,Gaia_Vision,Algodao,312.84,Aspersao,Argiloso,Verao,10.86,96.12,55.31,3460.37,34.0,58.47,0.724,0
FAZ_04108,Gaia_Vision,Tomate,299.98,Manual,Calcario,Inverno,14.12,145.72,57.05,3973.93,22.31,59.64,0.594,0
FAZ_04109,TerraScan_X,Cana_de_Acucar,370.13,Aspersao,Siltoso,Inverno,15.88,58.4,55.56,5063.03,21.79,72.86,0.758,0
FAZ_04110,Gaia_Vision,Soja,366.72,Aspersao,Organico,Primavera,13.9,112.3,51.08,3034.67,29.0,,0.808,0
FAZ_04111,AgroSat_BR,Algodao,363.49,Inundacao,Arenoso,Primavera,10.64,155.84,54.43,8741.86,23.35,84.98,0.597,1
FAZ_04112,Sentinel_Agro,Cenoura,450.83,Manual,Organico,Outono,7.79,46.76,53.72,3691.77,30.56,66.42,0.684,0
FAZ_04113,Sentinel_Agro,Soja,260.14,Manual,Siltoso,Outono,10.34,36.79,41.75,1831.21,23.02,57.74,0.566,1
FAZ_04114,Sentinel_Agro,Arroz,451.19,Manual,,Outono,13.66,90.99,55.68,4610.32,29.61,46.43,0.575,1
FAZ_04115,Gaia_Vision,Batata,238.05,Gotejamento,Argiloso,Primavera,4.38,91.04,58.19,2636.25,27.88,86.87,0.894,0
FAZ_04116,Gaia_Vision,Arroz,436.92,Gotejamento,Arenoso,Outono,15.0,68.0,63.21,3901.65,26.4,55.71,0.596,1
FAZ_04117,OrbSat_Field,Trigo,171.85,Aspersao,Argiloso,Primavera,4.83,55.42,53.38,2127.42,14.97,79.55,0.838,0
FAZ_04118,OrbSat_Field,Cana_de_Acucar,255.59,Sequeiro,Franco,Primavera,8.04,39.62,49.14,2861.62,27.89,69.24,0.792,0
FAZ_04119,Sentinel_Agro,Batata,615.94,Gotejamento,Arenoso,Verao,12.39,203.59,64.14,4935.96,26.01,64.76,0.591,1
FAZ_04120,AgroSat_BR,Algodao,491.68,Inundacao,Arenoso,Outono,11.02,156.55,65.41,8983.06,27.04,62.15,0.663,1
FAZ_04121,OrbSat_Field,Algodao,515.19,Manual,Organico,Verao,12.84,137.29,55.71,6198.08,34.51,47.68,0.599,1
FAZ_04122,OrbSat_Field,Soja,860.51,Aspersao,Organico,Verao,21.42,115.86,75.07,6546.85,28.24,59.91,0.561,1
FAZ_04123,Gaia_Vision,Trigo,371.03,Aspersao,Siltoso,Outono,3.92,92.53,65.54,3817.43,15.75,89.14,0.874,0
FAZ_04124,AgroSat_BR,Cenoura,479.94,Aspersao,Argiloso,Primavera,11.18,110.08,62.16,5021.45,27.71,53.37,0.727,0
FAZ_04125,Sentinel_Agro,Tomate,319.38,Gotejamento,Calcario,Primavera,15.16,118.24,40.26,1266.14,22.04,68.62,0.622,1
FAZ_04126,OrbSat_Field,Tomate,386.73,Aspersao,Organico,Primavera,15.74,126.07,43.13,2916.52,33.32,57.16,0.583,1
FAZ_04127,AgroSat_BR,Batata,441.65,Gotejamento,Siltoso,Outono,11.53,91.53,45.52,3969.38,16.42,89.56,0.761,0
FAZ_04128,AgroSat_BR,Trigo,202.85,Manual,Argiloso,Primavera,3.76,20.72,37.97,2081.7,27.37,55.35,0.663,0
FAZ_04129,Sentinel_Agro,Trigo,132.11,Sequeiro,Argiloso,Verao,3.98,22.8,23.73,800.0,29.1,50.81,0.849,0
FAZ_04130,AgroSat_BR,Algodao,581.19,Inundacao,Argiloso,Inverno,18.94,124.3,72.86,8610.52,20.33,,0.678,1
FAZ_04131,AgroSat_BR,Cenoura,417.64,Inundacao,Franco,Outono,,68.23,38.92,9134.57,30.58,46.54,0.528,1
FAZ_04132,AgroSat_BR,Cana_de_Acucar,308.39,Aspersao,Argiloso,Inverno,10.62,86.67,63.4,4274.9,22.64,85.34,0.728,0
FAZ_04133,OrbSat_Field,Cenoura,214.6,Gotejamento,Siltoso,Verao,6.57,15.27,36.93,2852.61,30.3,,0.644,0
FAZ_04134,Sentinel_Agro,Milho,510.81,Gotejamento,Argiloso,Inverno,20.46,147.49,78.85,1454.33,18.65,76.77,0.748,0
FAZ_04135,AgroSat_BR,Trigo,382.66,Aspersao,Calcario,Verao,10.42,51.75,69.01,2712.63,30.09,66.86,0.781,0
FAZ_04136,AgroSat_BR,Arroz,413.19,Manual,Calcario,Inverno,11.05,41.38,58.74,3974.69,10.4,78.8,0.753,0
FAZ_04137,OrbSat_Field,Trigo,260.91,Sequeiro,Argiloso,Inverno,7.62,51.1,44.47,2613.82,19.37,63.83,,0
FAZ_04138,Sentinel_Agro,Batata,393.04,Aspersao,Siltoso,Primavera,8.11,93.59,46.56,2311.17,22.09,60.53,0.719,0
FAZ_04139,Gaia_Vision,Arroz,502.05,Aspersao,Arenoso,Inverno,5.97,32.41,83.99,4023.1,21.08,77.65,0.844,0
FAZ_04140,OrbSat_Field,Batata,256.36,Aspersao,Argiloso,Verao,9.56,178.47,45.16,2564.66,30.45,62.22,0.571,1
FAZ_04141,Sentinel_Agro,Soja,229.37,Aspersao,Siltoso,Verao,6.38,83.02,57.84,1364.26,29.59,63.69,0.78,0
FAZ_04142,AgroSat_BR,Algodao,791.43,Inundacao,Organico,Verao,15.29,175.57,94.31,14249.72,31.31,55.38,0.587,1
FAZ_04143,Sentinel_Agro,Trigo,252.99,Manual,Siltoso,Outono,2.97,60.92,54.23,3284.88,22.86,73.68,0.715,0
FAZ_04144,Sentinel_Agro,Algodao,384.5,Manual,Franco,Verao,11.46,162.98,42.36,4977.93,17.31,,0.601,1
FAZ_04145,Sentinel_Agro,Tomate,361.74,Inundacao,Organico,Outono,18.49,165.51,42.93,6700.87,11.37,69.25,0.65,1
FAZ_04146,Gaia_Vision,Batata,206.01,Aspersao,Calcario,Verao,5.6,149.94,39.02,1662.81,28.59,72.02,0.667,1
FAZ_04147,Sentinel_Agro,Milho,529.64,Sequeiro,Calcario,Outono,23.05,128.68,71.76,3405.79,14.58,78.27,0.733,0
FAZ_04148,Gaia_Vision,Milho,540.78,Manual,Arenoso,Inverno,17.43,134.97,48.17,7653.2,38.99,42.48,0.564,1
FAZ_04149,AgroSat_BR,Tomate,512.94,Aspersao,Arenoso,Inverno,22.5,152.27,75.68,5015.08,20.16,72.47,0.674,0
FAZ_04150,Gaia_Vision,Soja,352.78,Aspersao,Siltoso,Verao,12.99,86.28,60.53,2071.17,42.13,37.41,0.605,0
FAZ_04151,AgroSat_BR,Milho,432.51,Manual,,Outono,21.45,84.68,64.99,2696.65,16.59,73.15,0.716,0
FAZ_04152,AgroSat_BR,Batata,278.49,Aspersao,Argiloso,Primavera,4.71,138.4,43.72,1085.25,29.86,81.6,0.643,0
FAZ_04153,Gaia_Vision,Milho,413.2,Aspersao,Argiloso,Primavera,13.26,110.53,69.06,2220.02,23.46,71.6,0.77,0
FAZ_04154,OrbSat_Field,Tomate,520.57,Aspersao,Calcario,Primavera,19.89,156.09,58.21,5928.86,15.55,87.84,0.793,1
FAZ_04155,TerraScan_X,Arroz,554.83,Manual,Franco,Inverno,12.27,129.31,56.6,3630.44,20.95,70.89,0.64,0
FAZ_04156,Sentinel_Agro,Algodao,444.12,Inundacao,Argiloso,Inverno,14.52,163.84,43.43,8520.55,15.58,67.89,0.64,1
FAZ_04157,TerraScan_X,Cana_de_Acucar,514.54,Inundacao,Calcario,Outono,20.8,46.79,53.49,9230.94,30.78,49.41,0.715,1
FAZ_04158,Sentinel_Agro,Batata,459.43,Sequeiro,Siltoso,Verao,17.36,156.62,42.85,5593.53,26.98,65.07,0.609,1
FAZ_04159,Sentinel_Agro,Algodao,551.34,Sequeiro,Siltoso,Inverno,12.07,189.57,37.72,5339.87,14.56,66.69,0.57,1
FAZ_04160,AgroSat_BR,Cenoura,360.72,Manual,Argiloso,Verao,5.3,75.69,45.06,4205.92,35.16,60.43,0.698,0
FAZ_04161,Sentinel_Agro,Milho,245.75,Gotejamento,Franco,Primavera,12.29,62.4,44.62,1799.37,35.88,61.74,0.671,0
FAZ_04162,Sentinel_Agro,Milho,272.42,Aspersao,Calcario,Primavera,10.86,38.31,41.99,3363.4,23.92,71.44,0.771,0
FAZ_04163,Gaia_Vision,Soja,290.15,Aspersao,Siltoso,Verao,3.82,41.13,49.18,4287.09,29.92,59.38,0.791,0
FAZ_04164,TerraScan_X,Algodao,793.86,Gotejamento,Calcario,Outono,15.56,261.7,82.64,8462.02,22.81,73.27,0.541,1
FAZ_04165,Gaia_Vision,Cenoura,470.95,Sequeiro,Franco,Primavera,10.69,37.75,45.42,5443.23,19.15,70.42,0.691,0
FAZ_04166,Sentinel_Agro,Milho,494.32,Sequeiro,Siltoso,Outono,9.88,44.84,50.97,6639.12,24.88,53.94,0.615,1
FAZ_04167,AgroSat_BR,Soja,609.74,Aspersao,Calcario,Primavera,20.61,148.6,69.37,6084.88,26.2,69.84,0.732,1
FAZ_04168,Gaia_Vision,Algodao,207.81,Gotejamento,Franco,Inverno,5.15,100.04,46.88,3421.05,11.22,95.75,0.835,0
FAZ_04169,Gaia_Vision,Soja,433.91,Gotejamento,Franco,Primavera,11.42,123.5,62.48,5356.85,15.47,77.69,0.78,0
FAZ_04170,OrbSat_Field,Algodao,352.05,Aspersao,Franco,Outono,9.39,90.04,40.91,3480.33,18.86,74.33,0.702,0
FAZ_04171,Sentinel_Agro,Trigo,626.36,Gotejamento,Argiloso,Inverno,11.55,152.34,52.4,5602.85,14.81,73.89,0.663,0
FAZ_04172,AgroSat_BR,Trigo,537.7,Inundacao,Arenoso,Primavera,20.36,113.87,72.11,8095.28,20.41,73.12,0.609,1
FAZ_04173,Gaia_Vision,Tomate,451.45,Inundacao,Calcario,Inverno,14.38,127.85,46.85,9032.87,32.51,45.37,0.591,1
FAZ_04174,Gaia_Vision,Batata,294.14,Sequeiro,Franco,Inverno,8.1,77.47,48.81,3321.15,23.32,46.3,0.723,0
FAZ_04175,AgroSat_BR,Soja,475.81,Gotejamento,Calcario,Primavera,7.85,99.53,53.47,3170.28,23.76,67.84,0.743,0
FAZ_04176,Sentinel_Agro,Tomate,446.82,Aspersao,Franco,Verao,22.28,146.55,58.28,6080.08,30.52,58.72,0.598,1
FAZ_04177,OrbSat_Field,Soja,410.77,Sequeiro,Calcario,Verao,14.77,80.36,58.25,3271.9,29.75,64.45,0.794,0
FAZ_04178,Gaia_Vision,Milho,474.76,Aspersao,Siltoso,Outono,10.78,124.98,79.83,4995.34,22.99,78.31,0.737,0
FAZ_04179,OrbSat_Field,Cana_de_Acucar,788.8,Gotejamento,Calcario,Outono,31.72,197.85,56.32,8647.55,24.45,65.4,0.604,1
FAZ_04180,TerraScan_X,Soja,508.19,Gotejamento,Arenoso,Primavera,13.98,138.91,54.97,5590.91,21.18,64.92,0.676,0
FAZ_04181,Sentinel_Agro,Milho,337.88,Manual,Siltoso,Inverno,16.83,102.33,54.53,4117.39,18.23,57.33,0.685,0
FAZ_04182,TerraScan_X,Cenoura,282.57,Manual,Siltoso,Inverno,7.16,75.63,40.75,1757.45,19.98,,0.607,0
FAZ_04183,TerraScan_X,Trigo,78.55,Sequeiro,Franco,Verao,1.22,28.53,22.47,800.0,30.55,51.84,0.693,0
FAZ_04184,TerraScan_X,Tomate,267.6,Gotejamento,Organico,Verao,14.24,72.47,42.43,2142.13,29.15,72.03,0.721,0
FAZ_04185,Sentinel_Agro,Cana_de_Acucar,479.44,Manual,Arenoso,Inverno,14.22,65.48,64.46,6597.25,15.28,76.33,0.708,0
FAZ_04186,Sentinel_Agro,Trigo,272.18,Inundacao,Siltoso,Inverno,8.49,15.38,52.36,8333.22,27.01,56.97,0.735,0
FAZ_04187,AgroSat_BR,Tomate,482.42,Gotejamento,Organico,Outono,16.25,139.14,59.49,2662.06,22.91,73.32,0.766,0
FAZ_04188,OrbSat_Field,Cana_de_Acucar,261.38,Sequeiro,Organico,Inverno,8.29,30.09,53.3,800.0,15.63,90.45,0.846,0
FAZ_04189,OrbSat_Field,Arroz,262.02,Inundacao,Siltoso,Inverno,7.75,19.35,43.4,7383.01,36.44,42.86,0.694,1
FAZ_04190,AgroSat_BR,Milho,464.34,Sequeiro,Franco,Primavera,15.73,91.53,57.11,5493.1,10.82,71.15,0.64,0
FAZ_04191,AgroSat_BR,Arroz,298.57,Sequeiro,Argiloso,Inverno,9.73,16.6,41.97,2707.33,21.42,,0.61,0
FAZ_04192,TerraScan_X,Milho,349.94,Aspersao,Siltoso,Verao,11.83,94.46,48.4,4042.2,28.02,63.06,0.724,0
FAZ_04193,AgroSat_BR,Algodao,702.73,Inundacao,Franco,Verao,14.44,263.92,74.62,10477.47,38.65,47.67,0.457,1
FAZ_04194,Gaia_Vision,Batata,257.48,Aspersao,Arenoso,Outono,7.8,113.3,37.9,2695.63,32.88,64.72,0.725,0
FAZ_04195,OrbSat_Field,Cana_de_Acucar,474.23,Manual,Franco,Outono,15.65,54.56,53.79,6262.89,27.67,53.51,0.654,1
FAZ_04196,AgroSat_BR,Arroz,222.03,Inundacao,,Primavera,8.28,64.2,46.17,6234.11,25.74,63.07,0.755,0
FAZ_04197,Gaia_Vision,Batata,396.12,Manual,Arenoso,Outono,5.11,161.54,47.73,2479.9,18.96,47.08,0.614,1
FAZ_04198,Gaia_Vision,Cana_de_Acucar,376.96,Gotejamento,Arenoso,Inverno,12.83,93.56,48.0,2701.1,27.92,54.35,0.635,0
FAZ_04199,Gaia_Vision,Tomate,379.25,Inundacao,Argiloso,Inverno,13.72,92.86,60.95,6716.0,19.28,72.19,0.701,0
FAZ_04200,Gaia_Vision,Algodao,445.88,Aspersao,Argiloso,Primavera,4.33,104.77,63.43,4115.37,32.84,66.14,0.79,0
FAZ_04201,TerraScan_X,Tomate,969.14,Gotejamento,Siltoso,Verao,30.95,110.9,95.0,11719.16,31.05,77.38,0.857,0
FAZ_04202,Gaia_Vision,Milho,377.66,Manual,Franco,Inverno,17.76,153.77,46.09,7713.56,17.9,64.19,0.676,0
FAZ_04203,TerraScan_X,Batata,508.8,Gotejamento,Siltoso,Inverno,5.71,129.46,68.6,3951.24,24.91,67.99,0.753,0
FAZ_04204,TerraScan_X,Cana_de_Acucar,343.17,Gotejamento,Argiloso,Primavera,13.02,35.28,62.35,4400.26,23.93,67.84,0.855,0
FAZ_04205,Gaia_Vision,Soja,268.49,Gotejamento,Organico,Verao,5.12,47.77,56.6,800.0,27.81,71.42,,0
FAZ_04206,OrbSat_Field,Batata,256.74,Aspersao,Argiloso,Outono,7.79,110.48,45.79,940.44,24.24,63.5,0.669,0
FAZ_04207,Gaia_Vision,Cenoura,802.81,Aspersao,Franco,Inverno,15.69,175.51,77.94,7410.2,24.81,72.41,0.663,1
FAZ_04208,Gaia_Vision,Arroz,551.84,Manual,Organico,Verao,10.36,138.24,68.03,7912.43,32.59,61.43,0.634,1
FAZ_04209,Gaia_Vision,Cana_de_Acucar,299.74,Inundacao,Siltoso,Primavera,8.65,57.49,44.07,7516.74,19.28,76.58,0.733,0
FAZ_04210,OrbSat_Field,Trigo,188.56,Aspersao,Siltoso,Primavera,8.08,38.76,41.79,1455.13,32.73,76.77,0.758,0
FAZ_04211,Sentinel_Agro,Trigo,632.13,Aspersao,Argiloso,Verao,16.16,122.75,57.57,5515.38,23.38,59.29,0.627,0
FAZ_04212,Sentinel_Agro,Milho,384.78,Gotejamento,Argiloso,Primavera,9.01,78.39,57.81,5489.09,24.52,74.06,0.818,0
FAZ_04213,TerraScan_X,Batata,506.94,Inundacao,Calcario,Outono,7.45,178.35,73.81,8563.66,21.79,57.06,0.69,1
FAZ_04214,TerraScan_X,Batata,300.13,Aspersao,Siltoso,Verao,5.08,120.48,38.11,3290.52,33.84,45.16,0.602,1
FAZ_04215,OrbSat_Field,Trigo,352.75,Gotejamento,Siltoso,Outono,6.79,81.78,42.94,2304.43,22.12,57.68,0.668,0
FAZ_04216,AgroSat_BR,Batata,297.29,Gotejamento,Arenoso,Primavera,9.84,109.4,44.85,4621.59,31.72,,0.615,0
FAZ_04217,Sentinel_Agro,Batata,420.39,Aspersao,Franco,Outono,11.66,177.34,32.75,4039.14,30.57,58.45,0.507,1
FAZ_04218,TerraScan_X,Milho,559.96,Manual,Arenoso,Outono,24.61,130.08,51.74,5917.83,20.98,58.53,0.629,1
FAZ_04219,Sentinel_Agro,Arroz,486.8,Gotejamento,Arenoso,Outono,6.5,41.16,75.39,5930.23,30.52,72.66,0.765,0
FAZ_04220,OrbSat_Field,Cenoura,526.36,Aspersao,Siltoso,Outono,7.58,34.3,72.38,4485.65,33.44,56.98,0.773,0
FAZ_04221,OrbSat_Field,Arroz,825.73,Gotejamento,Calcario,Verao,17.37,97.5,80.57,7846.79,32.39,63.22,0.69,0
FAZ_04222,AgroSat_BR,Cenoura,504.36,Sequeiro,Franco,Primavera,12.28,162.6,37.04,4892.61,26.94,44.71,0.508,1
FAZ_04223,AgroSat_BR,Soja,302.73,Manual,Siltoso,Primavera,2.88,51.74,45.02,2576.18,25.85,63.18,0.704,0
FAZ_04224,OrbSat_Field,Arroz,294.88,Gotejamento,Arenoso,Inverno,7.47,45.13,56.67,3009.01,24.1,72.03,0.685,0
FAZ_04225,TerraScan_X,Algodao,557.36,Gotejamento,Arenoso,Outono,9.94,180.31,59.08,3758.52,23.49,77.19,0.567,0
FAZ_04226,Sentinel_Agro,Soja,522.53,Sequeiro,Siltoso,Outono,9.12,35.81,54.54,3924.75,20.76,61.99,0.785,0
FAZ_04227,Gaia_Vision,Cenoura,760.74,Gotejamento,Argiloso,Inverno,18.89,78.22,79.0,8500.89,26.06,72.4,0.758,1
FAZ_04228,AgroSat_BR,Cenoura,295.77,Sequeiro,Argiloso,Inverno,4.5,52.36,44.96,3037.97,25.27,53.36,0.764,0
FAZ_04229,Gaia_Vision,Soja,458.03,Aspersao,Siltoso,Outono,15.65,132.18,61.99,4289.06,23.85,72.26,0.727,0
FAZ_04230,TerraScan_X,Cenoura,361.44,Gotejamento,Organico,Primavera,11.73,118.16,44.86,3322.31,24.98,85.09,0.693,0
FAZ_04231,AgroSat_BR,Cana_de_Acucar,198.63,Inundacao,Organico,Inverno,7.33,15.72,41.35,5795.32,21.99,56.27,0.71,0
FAZ_04232,Gaia_Vision,Algodao,268.7,Inundacao,Argiloso,Outono,11.97,144.11,42.29,4445.43,34.33,47.47,0.528,1
FAZ_04233,TerraScan_X,Cana_de_Acucar,351.48,Sequeiro,Franco,Primavera,9.15,14.08,43.45,4001.05,18.13,71.67,0.751,0
FAZ_04234,Sentinel_Agro,Cenoura,233.11,Manual,Calcario,Verao,7.9,69.2,38.8,2783.81,31.76,50.54,0.531,0
FAZ_04235,TerraScan_X,Arroz,305.12,Aspersao,Arenoso,Inverno,9.82,38.52,43.05,3342.55,22.42,73.64,0.664,0
FAZ_04236,AgroSat_BR,Cana_de_Acucar,687.47,Inundacao,Franco,Inverno,27.45,134.55,95.0,13813.95,26.63,54.02,0.716,1
FAZ_04237,OrbSat_Field,Arroz,615.8,Manual,Argiloso,Primavera,,147.8,54.1,6179.27,22.58,64.01,0.588,1
FAZ_04238,Sentinel_Agro,Soja,336.84,Aspersao,Siltoso,Verao,7.97,71.54,42.94,3546.5,28.47,61.63,0.705,0
FAZ_04239,Gaia_Vision,Batata,300.73,Aspersao,Organico,Primavera,8.15,93.92,53.42,3693.23,30.33,67.26,0.667,0
FAZ_04240,AgroSat_BR,Tomate,98.46,Gotejamento,Argiloso,Inverno,4.2,96.59,38.12,1931.01,16.35,71.01,0.624,0
FAZ_04241,OrbSat_Field,Cenoura,199.38,Aspersao,Franco,Verao,6.94,53.67,37.26,2574.9,35.84,51.17,0.638,0
FAZ_04242,TerraScan_X,Tomate,387.96,Manual,Franco,Outono,17.35,103.47,43.84,2532.84,21.36,54.45,0.671,1
FAZ_04243,OrbSat_Field,Algodao,405.83,Aspersao,Calcario,Inverno,15.08,169.78,55.28,3682.27,17.35,83.19,0.707,0
FAZ_04244,AgroSat_BR,Arroz,145.53,Aspersao,Argiloso,Primavera,4.02,49.48,49.66,2578.39,27.22,79.99,0.95,0
FAZ_04245,AgroSat_BR,Cana_de_Acucar,380.23,Manual,Arenoso,Primavera,12.4,33.32,50.64,3920.19,24.03,71.34,0.672,0
FAZ_04246,OrbSat_Field,Tomate,564.6,Gotejamento,Franco,Primavera,21.35,229.52,75.82,3360.19,26.49,77.8,0.665,0
FAZ_04247,TerraScan_X,Milho,438.59,Inundacao,Arenoso,Primavera,17.43,51.02,40.04,6536.99,29.11,59.27,0.553,1
FAZ_04248,OrbSat_Field,Cenoura,443.39,Sequeiro,Arenoso,Primavera,,80.13,47.29,3540.58,32.28,56.61,0.629,0
FAZ_04249,AgroSat_BR,Tomate,384.34,Aspersao,Siltoso,Inverno,13.17,132.47,64.05,4589.1,15.8,77.6,0.817,0
FAZ_04250,AgroSat_BR,Cana_de_Acucar,447.62,Aspersao,Argiloso,Verao,14.06,131.27,67.59,4099.35,29.6,65.83,0.705,0
FAZ_04251,Gaia_Vision,Cana_de_Acucar,649.54,Aspersao,Argiloso,Primavera,22.42,133.37,64.43,7481.55,25.45,70.22,0.544,1
FAZ_04252,Gaia_Vision,Algodao,474.89,Manual,Arenoso,Primavera,11.45,130.22,48.16,5853.52,30.85,46.2,0.551,0
FAZ_04253,Sentinel_Agro,Trigo,260.14,Aspersao,Siltoso,Outono,7.41,46.88,50.25,2569.78,24.64,71.32,0.727,0
FAZ_04254,AgroSat_BR,Milho,549.85,Gotejamento,Franco,Outono,18.32,144.84,74.91,6383.5,18.95,57.63,0.562,1
FAZ_04255,Gaia_Vision,Tomate,348.41,Gotejamento,Franco,Verao,11.01,100.28,59.15,2628.13,28.43,57.81,0.685,0
FAZ_04256,OrbSat_Field,Milho,289.04,Manual,Argiloso,Inverno,11.2,4.84,58.42,1661.21,16.09,82.13,0.912,0
FAZ_04257,TerraScan_X,Trigo,988.05,Aspersao,Arenoso,Inverno,28.47,246.71,95.0,8918.85,18.93,74.49,0.58,1
FAZ_04258,OrbSat_Field,Tomate,381.71,Manual,Siltoso,Verao,15.87,118.1,51.06,3613.51,26.69,69.55,0.713,0
FAZ_04259,TerraScan_X,Milho,269.97,Inundacao,Siltoso,Verao,,48.33,46.81,8045.42,26.53,61.37,0.783,1
FAZ_04260,Gaia_Vision,Arroz,327.75,Inundacao,Franco,Verao,8.01,79.54,47.02,5519.97,34.04,33.09,0.609,0
FAZ_04261,Sentinel_Agro,Cana_de_Acucar,348.73,Sequeiro,Franco,Primavera,20.45,33.16,56.99,4888.23,17.44,80.38,0.837,0
FAZ_04262,OrbSat_Field,Batata,503.33,Gotejamento,Organico,Inverno,8.1,107.22,75.22,5802.76,24.87,70.2,0.774,0
FAZ_04263,OrbSat_Field,Soja,461.42,Gotejamento,Organico,Verao,10.26,91.78,66.92,4148.41,38.5,55.61,0.693,0
FAZ_04264,OrbSat_Field,Cenoura,527.88,Inundacao,Arenoso,Outono,13.55,143.49,53.16,10204.35,29.04,44.81,0.65,1
FAZ_04265,TerraScan_X,Batata,624.72,Gotejamento,Organico,Primavera,13.18,204.47,46.84,4037.06,23.66,76.2,0.611,0
FAZ_04266,Gaia_Vision,Tomate,695.17,Inundacao,Siltoso,Primavera,19.88,175.52,57.14,8952.18,29.35,66.23,0.733,1
FAZ_04267,OrbSat_Field,Tomate,669.44,Sequeiro,Organico,Primavera,24.23,171.81,47.49,9227.5,17.92,79.92,0.703,1
FAZ_04268,OrbSat_Field,Milho,168.16,Sequeiro,Argiloso,Primavera,11.81,32.51,42.11,1068.14,23.44,65.1,0.894,0
FAZ_04269,Sentinel_Agro,Cana_de_Acucar,806.6,Inundacao,Argiloso,Verao,13.28,239.49,63.38,8890.59,26.07,76.75,0.635,0
FAZ_04270,Sentinel_Agro,Trigo,294.83,Sequeiro,Calcario,Primavera,3.01,66.42,46.38,4049.96,26.1,56.38,0.709,0
FAZ_04271,Gaia_Vision,Algodao,490.92,Gotejamento,Franco,Outono,8.73,111.68,52.59,3379.89,22.26,60.15,0.665,0
FAZ_04272,Gaia_Vision,Milho,499.39,Aspersao,Franco,Outono,16.01,112.4,59.08,4887.87,18.88,87.26,0.794,0
FAZ_04273,AgroSat_BR,Algodao,370.54,Aspersao,Arenoso,Verao,5.9,173.68,49.76,2689.73,25.61,72.18,0.546,0
FAZ_04274,Sentinel_Agro,Soja,296.53,Aspersao,Argiloso,Primavera,9.58,104.64,45.55,1520.72,18.68,50.8,0.61,0
FAZ_04275,AgroSat_BR,Milho,210.79,Gotejamento,Calcario,Outono,14.23,80.49,51.6,1939.47,17.9,91.79,0.849,0
FAZ_04276,TerraScan_X,Soja,403.91,Sequeiro,Arenoso,Inverno,8.05,29.61,50.37,4482.98,21.28,,0.667,0
FAZ_04277,AgroSat_BR,Cenoura,376.66,Manual,Arenoso,Primavera,6.68,93.95,52.44,5305.18,29.71,69.47,0.625,0
FAZ_04278,OrbSat_Field,Milho,238.89,Inundacao,Organico,Verao,7.29,53.51,52.56,6240.34,33.27,52.26,0.679,0
FAZ_04279,AgroSat_BR,Cana_de_Acucar,389.11,Gotejamento,Franco,Inverno,15.4,72.84,58.75,3227.89,14.2,76.45,0.781,0
FAZ_04280,Gaia_Vision,Cana_de_Acucar,479.22,Aspersao,Arenoso,Primavera,11.22,108.4,57.67,7171.22,20.24,74.41,0.718,0
FAZ_04281,TerraScan_X,Tomate,880.64,Sequeiro,Arenoso,Inverno,28.07,285.55,91.57,8117.65,15.02,76.53,0.587,1
FAZ_04282,OrbSat_Field,Cenoura,310.6,Inundacao,Franco,Primavera,9.52,94.14,53.59,6322.79,16.26,77.24,0.771,0
FAZ_04283,AgroSat_BR,Tomate,317.75,Inundacao,Franco,Primavera,17.99,93.62,44.24,8726.8,11.84,71.77,0.849,0
FAZ_04284,TerraScan_X,Algodao,623.86,Sequeiro,Argiloso,Outono,19.53,162.36,70.4,9524.11,15.16,63.4,0.613,1
FAZ_04285,TerraScan_X,Batata,412.08,Inundacao,Franco,Inverno,6.93,136.36,47.64,8350.05,22.63,64.01,0.612,1
FAZ_04286,OrbSat_Field,Trigo,193.36,Inundacao,Organico,Inverno,7.34,59.6,42.28,5030.08,19.51,61.07,0.733,0
FAZ_04287,AgroSat_BR,Cenoura,299.95,Aspersao,Argiloso,Verao,4.86,79.07,52.96,2089.39,30.98,51.29,0.654,0
FAZ_04288,TerraScan_X,Trigo,315.66,Aspersao,Calcario,Verao,6.21,107.7,57.0,3570.86,30.64,61.9,0.74,0
FAZ_04289,TerraScan_X,Trigo,439.1,Inundacao,Arenoso,Inverno,13.49,127.12,63.14,7386.09,33.2,47.48,0.512,1
FAZ_04290,Sentinel_Agro,Arroz,235.19,Aspersao,Organico,Outono,7.56,50.58,43.3,2009.09,26.81,61.29,0.675,0
FAZ_04291,TerraScan_X,Milho,211.09,Inundacao,Organico,Outono,9.86,65.18,44.53,4804.85,28.27,49.14,0.592,1
FAZ_04292,Sentinel_Agro,Cenoura,321.04,Aspersao,Argiloso,Primavera,9.13,44.98,50.19,2906.74,33.81,70.87,0.809,0
FAZ_04293,AgroSat_BR,Tomate,328.68,Gotejamento,Arenoso,Verao,16.12,117.07,33.88,1776.24,31.85,48.75,0.555,1
FAZ_04294,AgroSat_BR,Algodao,253.98,Aspersao,Argiloso,Verao,5.98,64.99,57.41,2631.76,41.12,56.09,0.747,0
FAZ_04295,AgroSat_BR,Milho,235.25,Gotejamento,Siltoso,Verao,10.46,14.84,58.64,2279.42,31.37,66.51,0.817,0
FAZ_04296,Gaia_Vision,Arroz,571.55,Sequeiro,Siltoso,Primavera,22.43,41.69,68.19,4611.99,24.71,69.1,0.729,0
FAZ_04297,AgroSat_BR,Algodao,341.01,Aspersao,Argiloso,Outono,9.61,143.74,43.97,2461.33,32.47,65.2,0.658,0
FAZ_04298,TerraScan_X,Cenoura,561.05,Inundacao,Arenoso,Verao,13.54,59.27,57.93,8232.22,29.5,50.18,0.535,0
FAZ_04299,OrbSat_Field,Batata,501.14,Aspersao,Arenoso,Primavera,18.44,165.94,66.07,1969.49,15.77,86.17,0.687,0
FAZ_04300,Sentinel_Agro,Trigo,295.04,Aspersao,Franco,Inverno,4.48,79.35,50.13,3198.49,24.98,55.39,0.585,0
FAZ_04301,Gaia_Vision,Arroz,271.37,Aspersao,Organico,Outono,4.17,85.65,49.16,3155.07,17.44,89.39,0.761,0
FAZ_04302,AgroSat_BR,Algodao,646.29,Sequeiro,Argiloso,Inverno,23.62,157.25,76.52,7181.27,14.99,79.34,0.847,1
FAZ_04303,AgroSat_BR,Tomate,504.41,Aspersao,Organico,Verao,18.25,152.36,52.09,3870.13,34.54,38.16,0.475,1
FAZ_04304,OrbSat_Field,Arroz,382.58,Manual,Organico,Primavera,3.86,53.58,39.8,5233.3,32.7,54.63,0.697,0
FAZ_04305,OrbSat_Field,Algodao,584.34,Gotejamento,Siltoso,Outono,12.05,129.11,75.36,4830.3,19.86,73.93,0.778,0
FAZ_04306,Gaia_Vision,Arroz,230.58,Gotejamento,Siltoso,Verao,3.49,55.34,43.17,946.6,32.24,65.58,0.753,0
FAZ_04307,Sentinel_Agro,Tomate,772.16,Manual,Calcario,Outono,25.12,154.29,75.33,5574.72,24.84,52.66,0.513,1
FAZ_04308,AgroSat_BR,Tomate,309.08,Inundacao,Argiloso,Primavera,9.67,102.99,54.34,8718.46,15.07,62.41,0.807,0
FAZ_04309,Gaia_Vision,Cana_de_Acucar,219.18,Aspersao,Calcario,Primavera,5.93,60.95,51.32,3051.89,23.73,75.2,0.756,0
FAZ_04310,TerraScan_X,Trigo,346.58,Aspersao,Argiloso,Verao,6.91,72.32,49.12,2309.91,36.27,67.18,0.742,0
FAZ_04311,TerraScan_X,Milho,242.87,Gotejamento,Arenoso,Outono,9.05,36.15,46.68,1888.25,23.25,67.11,0.702,0
FAZ_04312,Gaia_Vision,Milho,424.47,Aspersao,,Primavera,11.24,93.46,61.61,4316.78,18.71,71.94,0.75,0
FAZ_04313,AgroSat_BR,Cenoura,343.07,Sequeiro,Arenoso,Outono,8.23,82.66,53.61,4120.82,33.5,50.59,0.654,0
FAZ_04314,Gaia_Vision,Soja,340.59,Gotejamento,Arenoso,Outono,7.23,74.25,58.66,3243.09,15.87,71.25,0.678,0
FAZ_04315,AgroSat_BR,Cenoura,830.22,Sequeiro,Argiloso,Inverno,25.86,106.72,74.75,8552.63,13.68,54.7,0.604,1
FAZ_04316,OrbSat_Field,Soja,477.4,Aspersao,Arenoso,Verao,5.26,103.48,50.63,4731.62,31.66,59.33,0.657,0
FAZ_04317,Gaia_Vision,Arroz,286.93,Inundacao,Organico,Verao,5.84,53.73,44.76,7015.57,32.52,67.47,0.747,0
FAZ_04318,AgroSat_BR,Soja,397.17,Gotejamento,Arenoso,Outono,16.76,133.74,59.14,4785.05,20.98,60.51,0.628,0
FAZ_04319,Gaia_Vision,Cana_de_Acucar,649.09,Aspersao,Organico,Inverno,11.82,69.44,59.45,8620.03,12.57,63.9,0.745,0
FAZ_04320,Gaia_Vision,Cana_de_Acucar,334.85,Gotejamento,Organico,Outono,18.96,111.83,59.08,3047.98,30.18,79.02,0.728,0
FAZ_04321,AgroSat_BR,Trigo,405.38,Gotejamento,,Verao,6.61,57.25,58.69,3309.62,24.36,83.58,0.813,0
FAZ_04322,AgroSat_BR,Algodao,306.91,Sequeiro,Franco,Verao,5.58,160.05,30.04,3568.03,22.52,64.26,0.662,0
FAZ_04323,Sentinel_Agro,Milho,579.87,Manual,Calcario,Outono,14.64,83.12,64.29,6268.0,19.11,73.5,0.791,0
FAZ_04324,Gaia_Vision,Trigo,398.23,Manual,Franco,Outono,9.3,25.98,59.32,2345.28,24.71,62.21,0.751,0
FAZ_04325,TerraScan_X,Cana_de_Acucar,680.28,Gotejamento,Arenoso,Outono,15.41,117.84,53.91,8006.78,23.66,53.8,0.646,1
FAZ_04326,Gaia_Vision,Algodao,433.87,Sequeiro,Calcario,Verao,10.31,144.71,47.92,5027.05,26.06,65.81,0.656,0
FAZ_04327,Gaia_Vision,Cenoura,350.26,Aspersao,Calcario,Outono,12.04,42.28,64.06,2570.58,23.95,78.21,0.828,0
FAZ_04328,AgroSat_BR,Milho,366.48,Sequeiro,Calcario,Outono,14.84,38.52,47.23,2802.65,29.45,59.5,0.693,0
FAZ_04329,Gaia_Vision,Milho,782.09,Gotejamento,Argiloso,Primavera,29.92,235.97,60.61,4589.85,28.31,51.08,0.507,1
FAZ_04330,Gaia_Vision,Arroz,412.81,Aspersao,Arenoso,Verao,5.11,38.75,40.98,3190.05,38.67,26.18,0.434,1
FAZ_04331,TerraScan_X,Batata,283.64,Sequeiro,Franco,Outono,9.32,61.4,32.97,3684.25,23.04,53.99,0.586,1
FAZ_04332,AgroSat_BR,Milho,341.15,Aspersao,Calcario,Inverno,18.0,48.61,47.51,3183.31,25.55,54.33,0.658,1
FAZ_04333,Gaia_Vision,Cana_de_Acucar,762.29,Sequeiro,Calcario,Verao,21.01,110.43,86.08,9114.78,33.05,41.1,0.653,1
FAZ_04334,OrbSat_Field,Arroz,229.95,Aspersao,Siltoso,Outono,5.04,36.13,41.6,4054.86,21.92,71.45,0.752,0
FAZ_04335,Sentinel_Agro,Tomate,300.62,Inundacao,Calcario,Outono,10.77,106.96,46.48,8061.28,33.63,74.97,0.751,0
FAZ_04336,TerraScan_X,Soja,621.17,Sequeiro,Calcario,Primavera,8.33,182.63,46.91,6468.23,38.46,43.65,0.51,1
FAZ_04337,Gaia_Vision,Cenoura,517.61,Inundacao,Siltoso,Primavera,14.36,102.32,66.7,9651.97,24.3,53.84,0.582,1
FAZ_04338,OrbSat_Field,Cenoura,271.1,Manual,Arenoso,Verao,8.6,21.69,54.0,3412.99,29.18,58.45,0.642,0
FAZ_04339,Gaia_Vision,Tomate,352.12,Gotejamento,Franco,Primavera,17.04,181.49,37.59,3515.59,28.93,65.27,0.637,1
FAZ_04340,Gaia_Vision,Batata,305.25,Gotejamento,Organico,Primavera,6.49,138.34,51.81,3796.16,20.42,85.8,0.724,0
FAZ_04341,AgroSat_BR,Milho,760.64,Gotejamento,Franco,Verao,17.61,113.64,87.43,8896.42,34.36,42.22,0.487,1
FAZ_04342,AgroSat_BR,Trigo,454.44,Aspersao,Arenoso,Inverno,10.76,128.87,42.76,4244.1,31.2,51.91,0.51,1
FAZ_04343,AgroSat_BR,Arroz,355.4,Manual,Franco,Outono,4.48,16.3,49.69,2367.02,29.3,65.36,0.727,0
FAZ_04344,OrbSat_Field,Tomate,364.31,Aspersao,Siltoso,Outono,13.95,55.56,61.28,4294.19,21.84,85.75,0.775,0
FAZ_04345,Gaia_Vision,Batata,308.47,Inundacao,Calcario,Primavera,5.54,69.75,51.58,5546.15,27.6,64.11,0.766,0
FAZ_04346,Sentinel_Agro,Cenoura,615.25,Manual,Calcario,Outono,17.65,131.64,76.48,5394.26,26.4,59.27,0.732,0
FAZ_04347,TerraScan_X,Tomate,511.97,Gotejamento,Organico,Primavera,10.0,169.93,63.94,4708.34,17.24,97.91,0.778,0
FAZ_04348,AgroSat_BR,Batata,611.09,Sequeiro,Arenoso,Verao,10.81,161.42,55.23,7453.02,35.02,61.09,0.631,1
FAZ_04349,AgroSat_BR,Cenoura,365.01,Sequeiro,Calcario,Verao,6.13,113.3,47.25,4551.99,27.11,65.07,0.723,0
FAZ_04350,Gaia_Vision,Cana_de_Acucar,318.87,Gotejamento,Arenoso,Verao,11.54,83.18,51.23,2911.81,39.24,65.98,0.685,0
FAZ_04351,Gaia_Vision,Arroz,481.81,Gotejamento,Argiloso,Outono,8.83,64.89,47.53,5722.8,33.33,56.44,0.701,0
FAZ_04352,OrbSat_Field,Arroz,421.35,Gotejamento,Organico,Primavera,3.78,87.91,58.81,6502.89,33.53,65.5,0.764,0
FAZ_04353,OrbSat_Field,Soja,884.02,Manual,Arenoso,Primavera,16.53,86.25,72.97,10917.43,27.09,49.41,0.459,1
FAZ_04354,AgroSat_BR,Cenoura,357.05,Gotejamento,Franco,Outono,7.76,114.08,48.16,3120.66,29.58,75.65,0.728,0
FAZ_04355,Gaia_Vision,Tomate,320.39,Manual,Franco,Verao,13.48,100.35,44.58,3338.51,35.71,52.08,0.555,0
FAZ_04356,Sentinel_Agro,Arroz,413.29,Aspersao,Franco,Inverno,5.46,51.17,62.28,3863.63,31.11,63.01,0.72,0
FAZ_04357,TerraScan_X,Batata,277.38,Manual,Franco,Primavera,6.26,129.72,36.06,1664.25,23.2,76.99,0.732,0
FAZ_04358,Gaia_Vision,Tomate,483.38,Manual,Arenoso,Primavera,20.96,145.99,48.7,7098.58,21.39,64.7,0.548,1
FAZ_04359,Gaia_Vision,Cenoura,255.02,Sequeiro,Siltoso,Outono,6.51,26.37,51.68,2294.99,15.22,75.96,0.932,0
FAZ_04360,OrbSat_Field,Batata,458.29,Aspersao,Organico,Inverno,11.02,149.46,44.46,3505.66,19.41,,0.753,1
FAZ_04361,TerraScan_X,Milho,418.13,Gotejamento,Franco,Verao,11.81,91.86,43.75,4445.92,30.27,61.58,0.589,0
FAZ_04362,AgroSat_BR,Algodao,789.31,Gotejamento,Arenoso,Primavera,16.06,326.58,89.87,7846.76,17.4,70.37,0.55,1
FAZ_04363,Gaia_Vision,Arroz,445.87,Aspersao,Calcario,Outono,9.59,157.14,46.27,3298.76,27.54,76.25,0.705,0
FAZ_04364,AgroSat_BR,Arroz,283.82,Aspersao,Calcario,Inverno,6.0,117.4,54.78,1556.91,27.36,74.82,0.657,0
FAZ_04365,Gaia_Vision,Soja,515.0,Sequeiro,Arenoso,Outono,16.66,55.73,59.25,6180.94,20.24,74.36,0.822,0
FAZ_04366,AgroSat_BR,Cana_de_Acucar,289.76,Manual,Franco,Inverno,10.06,86.19,51.04,2002.59,23.58,48.6,0.614,0
FAZ_04367,TerraScan_X,Soja,491.59,Gotejamento,Argiloso,Outono,14.31,66.45,59.25,4881.17,23.63,68.59,0.85,0
FAZ_04368,OrbSat_Field,Cenoura,355.67,Manual,Arenoso,Inverno,12.24,83.98,49.83,3403.15,22.05,55.74,0.561,0
FAZ_04369,TerraScan_X,Soja,264.03,Gotejamento,Organico,Primavera,6.89,73.14,49.37,3594.6,28.86,57.01,0.637,0
FAZ_04370,Sentinel_Agro,Cana_de_Acucar,236.28,Gotejamento,Organico,Inverno,10.83,31.23,54.9,2116.88,18.77,76.31,0.802,0
FAZ_04371,OrbSat_Field,Cana_de_Acucar,720.74,Manual,Argiloso,Verao,31.14,74.53,64.28,5894.11,27.41,66.74,0.82,1
FAZ_04372,TerraScan_X,Algodao,222.68,Sequeiro,Calcario,Primavera,4.42,95.46,37.96,2429.26,18.83,67.36,0.694,0
FAZ_04373,Sentinel_Agro,Batata,430.62,Gotejamento,Calcario,Verao,11.56,74.98,64.89,2668.24,25.52,54.24,0.676,0
FAZ_04374,Gaia_Vision,Milho,627.91,Manual,Arenoso,Primavera,23.39,134.21,79.59,7288.35,27.77,65.96,0.749,1
FAZ_04375,Gaia_Vision,Cana_de_Acucar,285.69,Sequeiro,Argiloso,Inverno,10.47,52.81,47.08,2606.92,21.94,65.56,0.732,0
FAZ_04376,AgroSat_BR,Milho,358.08,Gotejamento,Arenoso,Primavera,12.73,126.2,62.54,3324.04,17.84,65.23,0.674,0
FAZ_04377,OrbSat_Field,Arroz,732.0,Aspersao,Arenoso,Outono,25.56,147.46,55.38,8220.81,20.17,72.23,0.568,1
FAZ_04378,Gaia_Vision,Trigo,341.04,Manual,Argiloso,Inverno,10.63,99.66,50.54,3167.55,22.06,63.88,0.587,0
FAZ_04379,OrbSat_Field,Algodao,317.29,Manual,Calcario,Outono,9.34,147.05,40.33,3916.69,34.22,57.42,0.556,1
FAZ_04380,Gaia_Vision,Cenoura,307.6,Aspersao,Siltoso,Outono,7.18,85.86,56.99,3121.03,21.23,79.55,0.857,0
FAZ_04381,AgroSat_BR,Tomate,573.12,Gotejamento,Franco,Outono,21.35,157.23,69.49,6393.26,17.75,86.8,0.689,1
FAZ_04382,TerraScan_X,Milho,443.07,Inundacao,Franco,Outono,20.51,54.41,53.65,5631.82,20.55,59.53,0.794,0
FAZ_04383,AgroSat_BR,Soja,370.91,Manual,Franco,Verao,9.28,114.46,37.67,2667.06,29.45,57.65,0.552,0
FAZ_04384,Sentinel_Agro,Cana_de_Acucar,563.96,Aspersao,Argiloso,Inverno,22.84,201.73,56.98,4380.2,14.96,81.62,0.724,0
FAZ_04385,Gaia_Vision,Milho,621.2,Gotejamento,Arenoso,Outono,15.65,195.49,50.25,6462.27,25.93,85.14,0.686,1
FAZ_04386,Sentinel_Agro,Tomate,298.83,Manual,Arenoso,Verao,10.78,77.36,39.68,2117.49,33.58,48.58,0.486,0
FAZ_04387,Sentinel_Agro,Cana_de_Acucar,254.11,Inundacao,Organico,Primavera,13.35,72.01,49.46,6884.62,24.49,63.94,0.681,0
FAZ_04388,OrbSat_Field,Cenoura,397.49,Sequeiro,Arenoso,Outono,5.37,124.97,57.69,3721.02,24.09,68.45,0.624,0
FAZ_04389,Gaia_Vision,Trigo,649.14,Sequeiro,Calcario,Outono,10.78,179.06,49.03,7912.58,30.19,50.94,0.509,1
FAZ_04390,Sentinel_Agro,Soja,372.96,Manual,Siltoso,Verao,7.09,65.73,41.14,3810.19,34.86,48.71,0.541,0
FAZ_04391,TerraScan_X,Milho,498.2,Sequeiro,Franco,Primavera,16.33,33.74,68.99,3421.16,21.28,65.34,0.806,0
FAZ_04392,Sentinel_Agro,Algodao,247.43,Sequeiro,Calcario,Primavera,9.2,93.78,36.1,2401.33,23.93,53.85,0.54,1
FAZ_04393,TerraScan_X,Milho,396.38,Inundacao,Calcario,Verao,12.05,131.55,46.33,6104.24,40.29,34.16,0.427,1
FAZ_04394,OrbSat_Field,Milho,584.11,Manual,Siltoso,Outono,14.72,156.91,60.72,4473.5,26.63,63.41,0.605,1
FAZ_04395,Sentinel_Agro,Tomate,670.22,Inundacao,Franco,Inverno,30.83,244.92,40.64,7980.08,27.58,57.45,0.539,1
FAZ_04396,AgroSat_BR,Tomate,475.39,Inundacao,Argiloso,Verao,19.4,173.14,58.24,7905.43,26.16,59.27,0.649,1
FAZ_04397,OrbSat_Field,Algodao,410.18,Gotejamento,Siltoso,Inverno,13.39,107.96,61.88,5622.83,15.21,,0.768,0
FAZ_04398,TerraScan_X,Milho,430.31,Aspersao,Calcario,Outono,14.25,37.64,47.37,6133.74,22.02,57.1,0.632,1
FAZ_04399,OrbSat_Field,Batata,549.64,Gotejamento,Arenoso,Outono,15.53,207.06,65.75,7137.37,22.8,77.4,0.559,1
FAZ_04400,Sentinel_Agro,Cenoura,473.25,Aspersao,Franco,Primavera,8.74,54.93,57.61,6962.28,26.79,70.12,0.77,0
FAZ_04401,Gaia_Vision,Tomate,261.6,Gotejamento,Organico,Outono,16.54,117.04,44.19,2012.28,28.59,53.08,0.54,1
FAZ_04402,Gaia_Vision,Tomate,232.13,Sequeiro,Siltoso,Primavera,9.98,82.52,39.23,1826.89,22.4,69.11,0.703,0
FAZ_04403,TerraScan_X,Batata,285.04,Aspersao,,Primavera,7.86,73.98,44.3,2668.76,17.75,82.51,0.755,0
FAZ_04404,TerraScan_X,Cana_de_Acucar,326.48,Gotejamento,Argiloso,Outono,11.99,55.11,52.22,2503.0,25.48,71.97,0.649,0
FAZ_04405,Gaia_Vision,Milho,770.63,Inundacao,Calcario,Primavera,33.66,123.99,79.82,9739.42,32.99,58.78,0.614,1
FAZ_04406,TerraScan_X,Algodao,658.75,Gotejamento,Organico,Outono,6.64,271.71,53.18,4888.82,35.74,51.66,0.478,0
FAZ_04407,OrbSat_Field,Tomate,382.56,Manual,Argiloso,Primavera,9.69,139.71,47.28,3477.1,13.05,69.41,0.717,0
FAZ_04408,AgroSat_BR,Algodao,436.71,Aspersao,Franco,Primavera,14.36,69.11,71.28,5573.47,28.84,74.1,0.784,0
FAZ_04409,AgroSat_BR,Algodao,345.78,Aspersao,Siltoso,Outono,11.16,161.58,42.89,3997.86,33.68,36.18,0.443,1
FAZ_04410,OrbSat_Field,Cenoura,300.45,Sequeiro,Argiloso,Inverno,4.4,52.51,50.52,3357.04,17.9,69.55,0.738,0
FAZ_04411,AgroSat_BR,Tomate,580.23,Inundacao,Organico,Verao,11.4,252.31,47.55,6979.73,30.82,56.22,0.507,1
FAZ_04412,Sentinel_Agro,Soja,223.01,Sequeiro,Calcario,Outono,3.9,37.72,28.89,1801.77,29.47,41.83,0.668,0
FAZ_04413,OrbSat_Field,Cana_de_Acucar,562.15,Aspersao,Organico,Primavera,15.35,52.79,60.62,6307.6,29.91,60.37,0.762,0
FAZ_04414,TerraScan_X,Algodao,368.48,Aspersao,Arenoso,Verao,4.39,124.6,59.64,4438.79,26.93,67.13,0.727,0
FAZ_04415,OrbSat_Field,Tomate,292.14,Aspersao,Argiloso,Inverno,15.71,65.82,43.63,2957.28,29.27,59.76,0.689,0
FAZ_04416,Gaia_Vision,Cana_de_Acucar,208.06,Gotejamento,Siltoso,Outono,10.75,36.15,50.34,2623.61,24.77,72.97,0.86,0
FAZ_04417,TerraScan_X,Soja,339.3,Gotejamento,Siltoso,Primavera,11.8,103.29,44.76,4492.27,21.27,75.49,0.738,0
FAZ_04418,Gaia_Vision,Tomate,334.83,Gotejamento,Calcario,Primavera,12.09,141.45,54.42,3106.2,18.89,76.09,0.724,0
FAZ_04419,TerraScan_X,Milho,479.68,Manual,Calcario,Outono,8.06,171.77,39.94,4233.2,29.87,47.88,0.503,1
FAZ_04420,AgroSat_BR,Algodao,480.9,Manual,Calcario,Primavera,16.94,142.21,49.65,4288.25,19.38,47.5,0.586,1
FAZ_04421,OrbSat_Field,Soja,256.67,Gotejamento,Arenoso,Verao,3.62,37.24,44.24,3317.51,37.31,67.51,0.615,0
FAZ_04422,Sentinel_Agro,Milho,384.86,Aspersao,Organico,Primavera,11.22,36.92,56.85,2967.63,30.67,42.99,0.688,0
FAZ_04423,TerraScan_X,Algodao,703.42,Sequeiro,Calcario,Verao,15.95,202.41,64.24,9134.53,20.62,51.79,0.545,1
FAZ_04424,TerraScan_X,Arroz,344.06,Gotejamento,Argiloso,Verao,8.43,70.22,50.56,2958.42,33.01,50.04,0.663,0
FAZ_04425,Gaia_Vision,Trigo,237.33,Inundacao,Calcario,Outono,1.31,64.17,55.34,6321.76,15.29,74.1,0.787,0
FAZ_04426,AgroSat_BR,Batata,968.13,Inundacao,Organico,Primavera,25.3,246.26,76.11,9044.19,19.16,65.62,0.649,1
FAZ_04427,Gaia_Vision,Algodao,249.98,Manual,Argiloso,Verao,3.95,95.22,37.55,2712.48,40.61,49.29,0.636,0
FAZ_04428,Gaia_Vision,Soja,611.32,Aspersao,Argiloso,Primavera,13.23,163.52,78.91,4192.97,24.92,84.38,0.678,0
FAZ_04429,AgroSat_BR,Soja,494.27,Sequeiro,Argiloso,Verao,20.31,128.03,52.66,6828.23,26.23,61.54,0.594,1
FAZ_04430,Sentinel_Agro,Trigo,346.5,Aspersao,Organico,Inverno,7.04,85.13,42.97,1384.24,14.28,69.97,0.728,0
FAZ_04431,Gaia_Vision,Tomate,238.94,Aspersao,Calcario,Outono,13.4,122.95,38.09,1992.93,32.7,67.79,0.635,0
FAZ_04432,Gaia_Vision,Batata,457.78,Aspersao,Organico,Outono,11.1,196.61,40.42,5000.28,32.07,70.63,0.581,1
FAZ_04433,TerraScan_X,Cana_de_Acucar,463.18,Aspersao,Organico,Outono,12.15,63.53,57.28,5294.14,26.23,62.31,0.665,0
FAZ_04434,AgroSat_BR,Algodao,515.41,Gotejamento,Franco,Verao,15.6,142.97,60.33,4383.76,31.97,64.08,0.659,0
FAZ_04435,OrbSat_Field,Tomate,346.28,Sequeiro,Organico,Inverno,10.57,92.4,47.45,5393.43,23.01,58.8,0.733,0
FAZ_04436,Sentinel_Agro,Milho,243.92,Gotejamento,Arenoso,Verao,8.34,80.11,40.02,2432.93,32.13,63.59,0.724,0
FAZ_04437,Sentinel_Agro,Cana_de_Acucar,582.55,Sequeiro,Franco,Outono,10.42,65.2,70.08,5939.9,29.88,51.22,0.683,1
FAZ_04438,AgroSat_BR,Batata,300.16,Aspersao,Argiloso,Verao,6.93,100.04,47.52,2356.31,26.44,68.89,0.694,0
FAZ_04439,TerraScan_X,Tomate,282.62,Aspersao,Calcario,Outono,11.08,95.37,45.8,2657.28,15.73,76.78,0.756,0
FAZ_04440,TerraScan_X,Cana_de_Acucar,527.01,Gotejamento,Siltoso,Primavera,22.81,127.77,60.61,4872.57,32.91,77.63,0.744,0
FAZ_04441,AgroSat_BR,Cenoura,352.68,Aspersao,Calcario,Verao,10.17,80.33,54.77,3668.54,23.3,54.26,,0
FAZ_04442,TerraScan_X,Cenoura,442.55,Inundacao,Franco,Primavera,4.57,110.77,54.79,7256.11,29.1,53.39,0.642,0
FAZ_04443,Sentinel_Agro,Algodao,483.98,Sequeiro,Franco,Verao,7.78,202.31,42.19,6213.85,32.49,69.3,0.671,1
FAZ_04444,Sentinel_Agro,Algodao,686.63,Inundacao,Argiloso,Outono,24.35,77.63,95.0,11300.82,23.45,76.76,0.743,1
FAZ_04445,OrbSat_Field,Algodao,399.12,Aspersao,Organico,Primavera,6.6,185.99,47.65,4416.86,21.11,73.41,0.506,1
FAZ_04446,AgroSat_BR,Batata,576.31,Gotejamento,Organico,Verao,8.54,172.4,45.7,6818.76,31.56,50.9,0.472,1
FAZ_04447,Gaia_Vision,Tomate,355.28,Sequeiro,Franco,Outono,15.53,100.75,54.5,3358.3,32.87,55.34,0.678,0
FAZ_04448,Gaia_Vision,Milho,664.98,Sequeiro,Organico,Verao,23.0,124.31,45.02,6320.76,22.16,61.54,0.569,1
FAZ_04449,OrbSat_Field,Arroz,786.89,Aspersao,Franco,Primavera,13.37,182.77,79.95,8819.58,24.85,73.75,0.692,1
FAZ_04450,OrbSat_Field,Soja,1078.45,Gotejamento,Calcario,Verao,15.42,305.4,95.0,8567.64,40.98,55.35,0.443,1
FAZ_04451,TerraScan_X,Milho,405.08,Manual,Siltoso,Verao,10.35,99.19,45.15,3677.33,34.83,52.0,0.693,0
FAZ_04452,OrbSat_Field,Tomate,585.19,Manual,Calcario,Primavera,11.57,140.39,72.02,3953.21,17.92,66.46,0.674,0
FAZ_04453,OrbSat_Field,Batata,473.03,Inundacao,Siltoso,Outono,9.72,185.26,50.61,8677.18,20.1,63.88,0.502,1
FAZ_04454,Gaia_Vision,Cana_de_Acucar,389.19,Aspersao,Argiloso,Verao,7.61,53.96,55.06,5458.9,35.9,65.04,0.728,0
FAZ_04455,TerraScan_X,Milho,292.45,Sequeiro,Arenoso,Verao,7.78,96.7,34.73,1959.21,22.32,54.07,0.582,1
FAZ_04456,OrbSat_Field,Cana_de_Acucar,310.41,Gotejamento,Arenoso,Inverno,17.29,85.43,64.57,3064.49,19.22,82.8,0.743,0
FAZ_04457,OrbSat_Field,Arroz,364.8,Aspersao,Calcario,Inverno,12.05,64.19,56.82,4300.33,17.04,78.46,0.741,0
FAZ_04458,TerraScan_X,Tomate,609.93,Gotejamento,Organico,Outono,26.76,172.08,50.4,7640.56,24.43,62.9,0.641,1
FAZ_04459,AgroSat_BR,Tomate,260.34,Gotejamento,Arenoso,Primavera,10.04,124.22,40.26,4446.05,30.4,74.88,0.661,0
FAZ_04460,TerraScan_X,Soja,386.12,Sequeiro,Siltoso,Outono,11.11,107.71,42.64,1219.96,24.24,47.18,0.63,1
FAZ_04461,Gaia_Vision,Batata,382.59,Inundacao,Argiloso,Outono,8.84,88.75,64.89,5449.4,22.25,61.89,0.676,0
FAZ_04462,AgroSat_BR,Soja,326.32,Manual,Siltoso,Outono,6.34,50.18,47.56,2791.59,26.13,69.82,0.772,0
FAZ_04463,Sentinel_Agro,Tomate,261.92,Aspersao,Franco,Verao,11.29,134.31,37.82,1804.05,30.1,62.62,0.629,1
FAZ_04464,TerraScan_X,Soja,387.24,Manual,Organico,Verao,13.39,58.56,56.1,3166.84,24.85,,0.702,0
FAZ_04465,Gaia_Vision,Trigo,117.02,Inundacao,Organico,Outono,3.93,42.18,44.48,3810.66,22.56,69.98,0.796,0
FAZ_04466,AgroSat_BR,Tomate,713.66,Gotejamento,Arenoso,Outono,34.24,242.14,87.69,4294.24,15.12,91.62,0.693,0
FAZ_04467,TerraScan_X,Milho,169.04,Sequeiro,Franco,Inverno,6.51,34.7,30.6,2364.16,17.71,43.89,0.614,1
FAZ_04468,OrbSat_Field,Trigo,223.25,Gotejamento,Arenoso,Primavera,6.62,93.58,42.57,2761.03,33.27,68.36,0.635,0
FAZ_04469,TerraScan_X,Milho,579.39,Aspersao,Arenoso,Outono,19.21,68.05,61.44,5496.56,28.73,67.78,0.722,0
FAZ_04470,Sentinel_Agro,Trigo,322.52,Aspersao,Arenoso,Inverno,6.7,29.73,63.08,3220.29,19.12,82.26,0.729,0
FAZ_04471,TerraScan_X,Milho,440.26,Gotejamento,Franco,Outono,19.46,83.11,47.72,4322.46,30.29,70.86,0.727,0
FAZ_04472,AgroSat_BR,Tomate,620.74,Gotejamento,Arenoso,Primavera,14.13,212.2,50.9,3690.0,33.4,41.89,0.365,1
FAZ_04473,AgroSat_BR,Algodao,235.71,Manual,Organico,Outono,4.87,90.31,49.36,2167.41,25.01,71.01,0.763,0
FAZ_04474,TerraScan_X,Cenoura,218.66,Aspersao,Arenoso,Primavera,6.12,6.79,49.78,800.0,20.27,76.17,0.723,0
FAZ_04475,AgroSat_BR,Cenoura,385.25,Aspersao,Franco,Verao,8.31,84.63,67.1,3732.76,27.87,65.9,0.719,0
FAZ_04476,OrbSat_Field,Trigo,329.93,Inundacao,Franco,Primavera,13.46,90.23,42.46,7519.22,28.11,,0.561,1
FAZ_04477,TerraScan_X,Cenoura,246.5,Aspersao,Siltoso,Outono,4.69,64.39,43.64,2456.72,31.09,52.18,0.651,1
FAZ_04478,OrbSat_Field,Cana_de_Acucar,293.68,Manual,Arenoso,Inverno,9.66,36.04,50.51,1928.91,21.33,66.05,0.691,0
FAZ_04479,OrbSat_Field,Trigo,158.13,Sequeiro,Franco,Verao,4.73,38.47,32.43,2179.85,28.67,59.34,0.675,0
FAZ_04480,Gaia_Vision,Milho,562.01,Gotejamento,Calcario,Inverno,22.09,101.5,43.8,4949.02,26.82,67.38,0.695,0
FAZ_04481,TerraScan_X,Batata,561.81,Inundacao,Arenoso,Outono,18.92,127.86,77.67,6864.57,19.14,80.24,0.644,1
FAZ_04482,AgroSat_BR,Soja,316.67,Aspersao,Argiloso,Verao,6.55,145.61,51.81,4194.88,30.11,66.46,0.691,0
FAZ_04483,OrbSat_Field,Milho,396.25,Inundacao,Organico,Inverno,16.06,84.48,61.8,10777.16,27.77,55.92,0.632,1
FAZ_04484,Gaia_Vision,Cana_de_Acucar,452.63,Aspersao,Organico,Outono,8.54,22.44,78.28,5320.95,25.64,74.65,0.866,0
FAZ_04485,TerraScan_X,Batata,428.79,Aspersao,Calcario,Inverno,5.19,118.64,47.03,4168.74,20.02,70.88,0.694,0
FAZ_04486,TerraScan_X,Cenoura,515.51,Gotejamento,Arenoso,Primavera,18.5,90.78,66.82,5263.17,17.32,58.31,0.779,0
FAZ_04487,Sentinel_Agro,Cana_de_Acucar,306.52,Inundacao,Organico,Primavera,13.34,103.45,54.3,10010.9,22.34,72.45,0.658,0
FAZ_04488,Sentinel_Agro,Trigo,600.25,Gotejamento,Organico,Outono,10.3,152.56,66.61,4723.49,25.85,53.71,0.608,1
FAZ_04489,OrbSat_Field,Arroz,579.01,Gotejamento,Argiloso,Inverno,12.07,138.8,82.22,7882.48,26.65,81.68,0.658,1
FAZ_04490,Sentinel_Agro,Arroz,346.28,Sequeiro,Organico,Outono,12.61,95.95,46.24,4038.94,17.0,64.75,0.646,0
FAZ_04491,OrbSat_Field,Cenoura,407.07,Aspersao,Organico,Inverno,5.94,113.73,57.7,5229.6,17.03,66.45,0.73,0
FAZ_04492,AgroSat_BR,Arroz,647.6,Inundacao,Franco,Verao,22.85,201.08,47.86,10978.65,28.03,57.52,0.607,1
FAZ_04493,OrbSat_Field,Arroz,420.38,Aspersao,Organico,Outono,11.58,135.5,57.75,5107.74,26.81,68.68,0.678,0
FAZ_04494,Sentinel_Agro,Milho,408.9,Sequeiro,Arenoso,Outono,15.2,113.45,43.2,4184.03,20.23,80.64,0.663,0
FAZ_04495,AgroSat_BR,Milho,333.26,Aspersao,Organico,Inverno,13.26,41.28,56.75,4285.31,17.85,84.83,0.9,0
FAZ_04496,Sentinel_Agro,Soja,482.49,Aspersao,Arenoso,Outono,12.11,65.79,58.73,5679.5,34.0,64.62,0.739,0
FAZ_04497,OrbSat_Field,Tomate,303.74,Inundacao,Organico,Verao,12.91,125.51,39.33,5922.47,31.01,50.24,0.533,1
FAZ_04498,Gaia_Vision,Cenoura,608.35,Sequeiro,Arenoso,Inverno,12.07,42.65,60.7,7430.54,18.79,81.94,0.782,0
FAZ_04499,TerraScan_X,Arroz,215.85,Manual,Organico,Inverno,6.11,25.53,54.66,3065.73,24.32,80.83,0.878,0
FAZ_04500,Sentinel_Agro,Soja,453.02,Aspersao,Calcario,Inverno,10.58,94.52,46.16,5849.1,12.24,78.41,0.769,0
FAZ_04501,OrbSat_Field,Cenoura,319.46,Manual,Arenoso,Verao,9.89,55.04,45.86,2270.25,27.61,52.54,0.584,1
FAZ_04502,AgroSat_BR,Arroz,282.94,Manual,Organico,Verao,4.69,69.77,54.4,1254.52,25.72,73.12,0.759,0
FAZ_04503,Sentinel_Agro,Algodao,696.6,Sequeiro,Argiloso,Outono,18.12,216.47,55.11,8333.98,21.05,67.71,0.564,1
FAZ_04504,Sentinel_Agro,Batata,583.36,Sequeiro,Franco,Inverno,11.15,216.94,52.39,4993.84,16.06,78.7,0.528,0
FAZ_04505,TerraScan_X,Cenoura,262.44,Inundacao,Franco,Verao,3.49,89.96,50.77,6244.2,28.98,73.41,0.696,0
FAZ_04506,OrbSat_Field,Tomate,472.54,Manual,Franco,Primavera,20.1,150.99,56.13,6051.49,23.83,80.24,0.779,1
FAZ_04507,Gaia_Vision,Batata,499.9,Inundacao,Franco,Outono,15.19,138.57,68.24,6981.03,22.01,72.03,0.626,1
FAZ_04508,AgroSat_BR,Soja,187.8,Inundacao,Argiloso,Verao,5.86,12.29,45.94,6039.8,19.77,76.08,0.845,1
FAZ_04509,OrbSat_Field,Soja,453.23,Gotejamento,Calcario,Verao,12.55,145.7,70.18,3219.76,25.29,72.98,0.725,0
FAZ_04510,AgroSat_BR,Arroz,566.7,Gotejamento,Calcario,Verao,14.65,131.79,72.56,5378.84,26.43,84.7,0.917,0
FAZ_04511,Sentinel_Agro,Batata,475.94,Gotejamento,Argiloso,Outono,15.88,125.58,67.42,3887.13,16.71,84.9,0.774,0
FAZ_04512,TerraScan_X,Arroz,277.86,Sequeiro,Organico,Verao,9.0,28.61,48.88,2240.36,38.24,48.89,0.73,0
FAZ_04513,TerraScan_X,Cenoura,568.38,Gotejamento,Argiloso,Verao,11.99,147.37,65.0,7021.99,20.67,85.18,0.781,1
FAZ_04514,Gaia_Vision,Soja,367.14,Gotejamento,Franco,Primavera,6.0,97.9,46.15,2417.31,34.59,43.85,0.468,0
FAZ_04515,TerraScan_X,Algodao,311.52,Aspersao,Calcario,Primavera,3.84,101.45,41.54,3167.44,14.23,73.23,0.685,0
FAZ_04516,Sentinel_Agro,Soja,323.68,Inundacao,Siltoso,Primavera,5.97,60.45,49.12,4950.5,17.49,67.57,0.747,0
FAZ_04517,Gaia_Vision,Milho,333.74,Sequeiro,Organico,Verao,15.86,95.4,49.4,3835.56,27.95,44.02,0.686,0
FAZ_04518,OrbSat_Field,Cana_de_Acucar,339.09,Inundacao,Arenoso,Primavera,10.84,29.24,60.37,5558.35,31.22,44.33,0.625,0
FAZ_04519,TerraScan_X,Tomate,738.31,Aspersao,Calcario,Inverno,20.44,186.73,65.5,10088.05,16.36,77.94,0.677,1
FAZ_04520,Gaia_Vision,Batata,645.15,Sequeiro,Franco,Primavera,9.87,220.27,61.0,8370.92,39.17,36.75,0.455,1
FAZ_04521,Sentinel_Agro,Arroz,445.22,Gotejamento,Calcario,Primavera,17.18,83.92,72.63,3726.84,17.27,76.27,0.727,0
FAZ_04522,AgroSat_BR,Cana_de_Acucar,269.35,Sequeiro,Franco,Verao,6.36,84.43,40.55,3469.27,32.35,52.22,0.63,0
FAZ_04523,AgroSat_BR,Cana_de_Acucar,554.34,Gotejamento,Franco,Inverno,17.65,185.32,66.75,5149.14,22.37,83.1,0.654,1
FAZ_04524,Sentinel_Agro,Trigo,255.29,Manual,Calcario,Primavera,6.6,71.0,52.52,3148.3,19.24,57.3,0.68,0
FAZ_04525,Sentinel_Agro,Tomate,894.74,Gotejamento,Calcario,Verao,13.66,169.07,95.0,6246.11,22.03,73.3,,1
FAZ_04526,AgroSat_BR,Milho,652.89,Sequeiro,Calcario,Inverno,25.94,98.68,68.62,8064.78,21.35,64.89,0.781,0
FAZ_04527,Gaia_Vision,Soja,513.92,Gotejamento,Argiloso,Primavera,7.77,179.44,75.37,6321.32,25.76,75.1,0.84,0
FAZ_04528,AgroSat_BR,Cenoura,416.89,Gotejamento,Calcario,Verao,11.05,34.8,58.34,5396.71,21.58,63.07,0.869,0
FAZ_04529,Sentinel_Agro,Soja,434.55,Sequeiro,Arenoso,Inverno,13.51,57.07,53.32,4366.49,24.43,63.49,0.606,0
FAZ_04530,TerraScan_X,Milho,376.07,Gotejamento,Organico,Primavera,16.53,66.1,63.61,4307.99,28.25,78.41,0.919,0
FAZ_04531,OrbSat_Field,Arroz,564.92,Manual,Franco,Inverno,12.89,86.84,56.07,7255.54,25.74,65.4,0.761,0
FAZ_04532,TerraScan_X,Trigo,416.85,Manual,Calcario,Inverno,10.58,69.32,54.84,4790.11,15.12,75.41,0.836,0
FAZ_04533,TerraScan_X,Soja,491.15,Inundacao,Arenoso,Verao,12.96,119.3,51.52,9700.4,44.05,26.64,0.488,1
FAZ_04534,Sentinel_Agro,Batata,737.19,Aspersao,Siltoso,Outono,26.36,135.78,90.63,6599.53,22.62,80.55,0.694,1
FAZ_04535,AgroSat_BR,Tomate,417.1,Sequeiro,Calcario,Inverno,17.12,147.11,57.64,3642.18,19.88,69.91,0.74,0
FAZ_04536,Gaia_Vision,Cana_de_Acucar,732.74,Sequeiro,Argiloso,Inverno,23.2,119.27,55.25,6097.89,14.7,62.95,0.559,1
FAZ_04537,TerraScan_X,Arroz,505.29,Aspersao,Franco,Inverno,12.09,146.28,50.47,3936.71,21.04,70.41,0.644,0
FAZ_04538,AgroSat_BR,Milho,505.69,Gotejamento,Arenoso,Inverno,17.82,62.05,71.72,4289.53,14.62,85.08,0.723,0
FAZ_04539,Gaia_Vision,Cenoura,261.21,Aspersao,Calcario,Inverno,6.62,48.09,53.83,2264.42,21.78,73.76,0.879,0
FAZ_04540,TerraScan_X,Cenoura,622.92,Gotejamento,Arenoso,Outono,12.8,76.06,71.59,4695.18,12.74,81.89,0.817,0
FAZ_04541,Gaia_Vision,Trigo,299.03,Inundacao,Franco,Verao,4.78,35.24,56.06,8285.94,33.72,,0.731,0
FAZ_04542,AgroSat_BR,Milho,362.8,Sequeiro,Arenoso,Outono,15.07,108.46,40.58,4218.48,15.26,62.22,0.624,1
FAZ_04543,OrbSat_Field,Arroz,660.65,Manual,Arenoso,Verao,21.97,148.12,54.55,8338.88,32.58,49.14,0.569,1
FAZ_04544,AgroSat_BR,Batata,334.27,Manual,Calcario,Outono,4.28,102.05,44.56,1978.77,21.13,61.66,0.715,0
FAZ_04545,Sentinel_Agro,Cana_de_Acucar,458.0,Aspersao,Calcario,Verao,14.99,121.74,56.34,6244.12,34.42,65.47,0.734,1
FAZ_04546,Gaia_Vision,Tomate,368.86,Aspersao,Organico,Primavera,21.74,158.64,56.88,5102.42,25.4,69.29,0.561,1
FAZ_04547,OrbSat_Field,Algodao,243.09,Manual,Argiloso,Inverno,6.64,47.52,32.3,1509.79,21.78,59.34,,0
FAZ_04548,Gaia_Vision,Algodao,302.48,Manual,Organico,Verao,6.46,69.47,37.72,1836.59,38.15,45.51,0.563,0
FAZ_04549,Gaia_Vision,Arroz,322.84,Inundacao,Argiloso,Verao,6.99,75.84,37.14,6167.01,25.95,63.46,0.626,0
FAZ_04550,TerraScan_X,Milho,410.48,Gotejamento,Argiloso,Inverno,10.54,86.07,69.31,4362.24,14.02,83.35,0.773,0
FAZ_04551,Sentinel_Agro,Algodao,262.17,Inundacao,Organico,Primavera,3.25,96.93,44.7,7493.73,29.41,50.83,0.642,1
FAZ_04552,Gaia_Vision,Trigo,299.23,Aspersao,Franco,Inverno,7.05,48.9,41.3,1949.96,19.67,56.37,0.592,1
FAZ_04553,AgroSat_BR,Milho,277.43,Gotejamento,Arenoso,Verao,11.78,58.1,44.88,1461.94,35.24,51.06,0.517,1
FAZ_04554,AgroSat_BR,Algodao,442.48,Inundacao,Siltoso,Verao,13.96,145.58,50.11,11164.82,24.27,,0.721,0
FAZ_04555,TerraScan_X,Batata,356.85,Aspersao,Organico,Inverno,9.65,160.2,59.19,3016.34,13.8,91.69,0.788,0
FAZ_04556,Sentinel_Agro,Cana_de_Acucar,219.65,Sequeiro,Organico,Outono,7.92,1.63,44.58,2566.34,26.93,61.76,0.711,0
FAZ_04557,Sentinel_Agro,Cenoura,305.54,Aspersao,Franco,Inverno,3.12,93.36,47.16,2280.68,15.47,74.93,0.791,0
FAZ_04558,AgroSat_BR,Milho,576.29,Inundacao,Arenoso,Verao,17.76,64.27,78.73,9569.17,24.07,65.83,,0
FAZ_04559,OrbSat_Field,Cenoura,424.48,Manual,,Verao,8.33,103.84,54.47,6479.67,33.12,62.15,0.707,0
FAZ_04560,TerraScan_X,Cenoura,226.65,Aspersao,Organico,Verao,9.8,35.91,45.03,2498.25,26.48,73.35,0.769,0
FAZ_04561,TerraScan_X,Algodao,350.07,Manual,Siltoso,Primavera,7.74,160.77,56.06,3652.25,27.1,71.8,0.689,0
FAZ_04562,AgroSat_BR,Milho,82.44,Manual,Arenoso,Inverno,10.28,24.11,35.87,1490.91,9.38,73.1,0.799,0
FAZ_04563,AgroSat_BR,Cana_de_Acucar,456.31,Sequeiro,Organico,Primavera,9.8,81.79,57.87,2935.47,16.76,62.02,0.699,0
FAZ_04564,OrbSat_Field,Batata,134.38,Aspersao,Calcario,Inverno,4.81,75.98,38.87,2622.67,21.92,84.17,0.826,0
FAZ_04565,OrbSat_Field,Soja,289.11,Gotejamento,Organico,Primavera,9.58,29.49,55.27,3931.15,22.25,79.58,0.911,0
FAZ_04566,Sentinel_Agro,Trigo,150.76,Aspersao,Calcario,Outono,6.31,2.43,51.12,1945.55,22.37,84.48,0.807,0
FAZ_04567,TerraScan_X,Cenoura,430.61,Manual,Argiloso,Verao,9.76,112.21,35.88,5359.72,22.19,68.12,0.62,0
FAZ_04568,TerraScan_X,Cana_de_Acucar,651.28,Aspersao,Argiloso,Verao,,170.23,51.59,7029.52,30.63,46.19,0.645,1
FAZ_04569,AgroSat_BR,Tomate,222.64,Aspersao,Organico,Inverno,7.54,119.28,41.47,3539.87,31.3,57.05,0.621,0
FAZ_04570,Sentinel_Agro,Tomate,549.51,Gotejamento,Franco,Verao,21.5,119.79,68.28,6490.72,30.86,62.71,0.76,0
FAZ_04571,TerraScan_X,Soja,281.02,Aspersao,Argiloso,Primavera,5.27,30.22,47.57,3385.11,24.12,63.38,0.686,0
FAZ_04572,Sentinel_Agro,Soja,458.82,Manual,Organico,Outono,16.44,89.94,52.41,6725.39,27.97,62.1,0.627,1
FAZ_04573,Sentinel_Agro,Soja,732.89,Gotejamento,Calcario,Primavera,19.27,190.68,85.77,5950.09,14.97,75.78,0.703,1
FAZ_04574,AgroSat_BR,Trigo,581.95,Aspersao,Arenoso,Primavera,16.46,82.89,43.18,6391.7,29.47,52.46,0.542,1
FAZ_04575,Sentinel_Agro,Trigo,257.04,Gotejamento,Calcario,Inverno,5.55,50.81,46.79,2186.59,33.16,69.4,0.741,0
FAZ_04576,OrbSat_Field,Batata,675.97,Manual,Siltoso,Verao,24.55,162.4,84.59,5904.97,24.61,67.01,0.629,1
FAZ_04577,OrbSat_Field,Cenoura,474.1,Sequeiro,Argiloso,Primavera,7.19,155.01,30.05,5883.15,28.29,52.22,0.451,1
FAZ_04578,Gaia_Vision,Arroz,312.67,Inundacao,Organico,Inverno,9.22,55.04,54.67,5745.81,18.5,64.66,0.71,0
FAZ_04579,AgroSat_BR,Tomate,401.48,Gotejamento,Argiloso,Primavera,6.58,96.01,47.79,5187.37,30.29,59.06,0.647,0
FAZ_04580,Gaia_Vision,Algodao,257.16,Gotejamento,Calcario,Primavera,5.47,92.53,54.44,2367.99,27.29,74.41,0.761,0
FAZ_04581,OrbSat_Field,Algodao,612.65,Aspersao,Calcario,Primavera,23.24,116.22,74.96,8587.41,18.83,83.12,0.714,0
FAZ_04582,Gaia_Vision,Soja,135.23,Inundacao,Arenoso,Inverno,0.43,51.61,30.43,3211.45,28.93,51.41,0.607,0
FAZ_04583,AgroSat_BR,Tomate,634.98,Aspersao,Franco,Outono,23.08,231.66,45.3,7314.8,27.11,64.4,0.613,1
FAZ_04584,AgroSat_BR,Arroz,151.15,Sequeiro,Organico,Primavera,2.85,30.03,37.75,1221.54,20.79,77.84,0.78,0
FAZ_04585,Sentinel_Agro,Arroz,374.81,Sequeiro,Arenoso,Primavera,14.03,68.91,59.22,4277.79,18.89,72.11,0.715,0
FAZ_04586,TerraScan_X,Algodao,653.88,Gotejamento,Siltoso,Inverno,12.37,113.49,85.54,5103.64,14.08,86.13,0.855,0
FAZ_04587,Sentinel_Agro,Arroz,647.83,Gotejamento,Organico,Verao,16.4,106.88,62.21,7294.89,30.13,78.4,0.716,0
FAZ_04588,AgroSat_BR,Tomate,350.61,Aspersao,Siltoso,Outono,18.1,129.23,55.38,3363.3,25.98,71.93,0.668,0
FAZ_04589,OrbSat_Field,Cenoura,535.15,Aspersao,Franco,Inverno,16.3,130.62,65.42,5278.13,10.01,83.38,0.866,0
FAZ_04590,OrbSat_Field,Cana_de_Acucar,306.71,Inundacao,Organico,Verao,11.44,86.26,48.66,5529.96,29.72,53.27,0.715,0
FAZ_04591,Sentinel_Agro,Arroz,282.7,Manual,Organico,Inverno,7.76,50.01,40.67,3320.89,16.7,66.82,0.787,0
FAZ_04592,AgroSat_BR,Cenoura,290.32,Gotejamento,Arenoso,Inverno,5.51,104.08,47.7,4070.83,16.54,87.66,0.861,0
FAZ_04593,OrbSat_Field,Tomate,370.82,Manual,Argiloso,Outono,10.62,97.97,71.43,2547.7,23.23,70.68,0.784,0
FAZ_04594,AgroSat_BR,Algodao,166.29,Inundacao,Organico,Outono,3.8,62.16,46.2,6073.66,31.16,59.24,0.752,0
FAZ_04595,OrbSat_Field,Cenoura,650.63,Sequeiro,Franco,Outono,17.48,120.63,46.77,6970.53,37.97,49.5,0.594,1
FAZ_04596,AgroSat_BR,Arroz,524.28,Inundacao,Organico,Outono,7.82,58.49,54.77,9359.75,19.59,74.15,0.768,0
FAZ_04597,Gaia_Vision,Soja,497.87,Manual,Organico,Verao,8.11,148.91,45.12,5333.41,29.77,45.67,0.544,1
FAZ_04598,AgroSat_BR,Cenoura,388.88,Gotejamento,Organico,Primavera,9.36,54.4,44.83,3634.47,20.9,74.31,0.708,0
FAZ_04599,AgroSat_BR,Soja,726.53,Manual,Organico,Inverno,16.3,85.76,95.0,9047.83,24.3,60.56,0.729,0
FAZ_04600,Sentinel_Agro,Milho,303.54,Gotejamento,Franco,Outono,14.56,73.13,49.6,1215.53,21.84,61.11,0.625,0
FAZ_04601,Gaia_Vision,Algodao,533.62,Inundacao,Arenoso,Primavera,9.02,96.79,60.18,6132.66,28.76,64.49,0.674,0
FAZ_04602,TerraScan_X,Tomate,486.42,Gotejamento,Argiloso,Verao,22.95,98.99,63.46,3980.77,28.29,67.03,0.689,0
FAZ_04603,Sentinel_Agro,Cana_de_Acucar,285.2,Gotejamento,Franco,Outono,13.2,105.56,52.51,2440.86,20.04,77.82,0.757,0
FAZ_04604,TerraScan_X,Soja,255.65,Gotejamento,Franco,Inverno,5.48,23.86,45.04,1656.04,25.08,70.32,0.748,0
FAZ_04605,OrbSat_Field,Cana_de_Acucar,421.93,Gotejamento,Siltoso,Primavera,17.62,42.27,62.18,4971.17,31.43,54.63,0.604,1
FAZ_04606,TerraScan_X,Cana_de_Acucar,513.26,Aspersao,Argiloso,Outono,14.5,43.98,64.81,5942.84,27.28,55.41,0.667,1
FAZ_04607,AgroSat_BR,Soja,344.91,Sequeiro,Arenoso,Inverno,7.96,49.0,47.0,2490.07,18.99,52.98,0.605,1
FAZ_04608,TerraScan_X,Cana_de_Acucar,210.6,Aspersao,Calcario,Primavera,9.11,63.96,43.83,1880.87,28.84,59.73,0.677,0
FAZ_04609,Sentinel_Agro,Batata,452.6,Manual,Arenoso,Inverno,13.13,63.46,55.46,4457.89,26.76,61.23,0.678,0
FAZ_04610,Sentinel_Agro,Milho,441.36,Gotejamento,Calcario,Verao,14.66,134.11,58.36,3529.31,32.82,73.98,0.755,1
FAZ_04611,TerraScan_X,Soja,345.01,Aspersao,,Outono,3.97,81.04,47.18,2348.05,23.38,53.39,0.625,0
FAZ_04612,Sentinel_Agro,Algodao,116.72,Gotejamento,Siltoso,Outono,3.11,84.88,39.01,1208.49,19.85,56.76,0.688,0
FAZ_04613,Sentinel_Agro,Soja,480.87,Gotejamento,Franco,Inverno,11.98,123.48,70.38,2909.3,18.88,71.25,0.713,0
FAZ_04614,TerraScan_X,Cenoura,436.05,Gotejamento,Arenoso,Primavera,16.22,32.09,57.59,3772.48,26.14,74.74,0.739,0
FAZ_04615,Gaia_Vision,Batata,459.13,Aspersao,Calcario,Outono,18.21,136.92,65.67,4943.12,28.1,70.74,0.584,1
FAZ_04616,Gaia_Vision,Soja,554.18,Gotejamento,,Inverno,16.93,89.49,54.55,4138.89,23.03,70.01,0.752,0
FAZ_04617,OrbSat_Field,Tomate,396.31,Sequeiro,Calcario,Verao,18.12,180.22,39.54,4150.32,26.11,42.7,0.601,1
FAZ_04618,Sentinel_Agro,Milho,245.73,Aspersao,Arenoso,Outono,7.59,57.76,40.6,2919.19,29.39,50.49,0.655,0
FAZ_04619,TerraScan_X,Cenoura,474.36,Manual,Franco,Inverno,12.46,156.91,58.43,6536.5,23.95,72.86,0.673,1
FAZ_04620,Sentinel_Agro,Soja,457.95,Sequeiro,Calcario,Primavera,7.37,68.69,52.25,5726.71,30.26,58.61,0.598,0
FAZ_04621,AgroSat_BR,Arroz,215.84,Inundacao,Arenoso,Outono,6.74,23.17,44.16,7451.37,30.07,64.65,0.684,0
FAZ_04622,Sentinel_Agro,Trigo,403.39,Sequeiro,Organico,Outono,5.7,29.27,51.93,4772.75,30.07,63.27,0.771,0
FAZ_04623,Sentinel_Agro,Arroz,233.66,Gotejamento,Siltoso,Verao,5.13,42.99,45.26,2110.98,35.49,76.96,0.783,0
FAZ_04624,Gaia_Vision,Cana_de_Acucar,578.03,Manual,Siltoso,Inverno,26.71,172.53,79.1,5734.21,20.31,62.93,0.661,0
FAZ_04625,TerraScan_X,Algodao,328.76,Aspersao,Calcario,Primavera,12.64,178.67,35.29,3736.3,45.0,44.39,0.526,1
FAZ_04626,Sentinel_Agro,Cana_de_Acucar,239.33,Aspersao,Siltoso,Verao,14.61,64.65,47.47,2234.44,28.82,68.8,0.808,0
FAZ_04627,Gaia_Vision,Soja,282.37,Inundacao,Siltoso,Verao,2.74,54.3,36.24,6549.81,35.72,60.08,0.657,1
FAZ_04628,OrbSat_Field,Milho,361.16,Sequeiro,Organico,Verao,13.52,104.89,43.13,4934.39,40.2,30.19,0.567,0
FAZ_04629,Gaia_Vision,Arroz,536.11,Sequeiro,Argiloso,Inverno,14.87,118.51,62.25,6253.13,22.34,59.72,0.621,1
FAZ_04630,Gaia_Vision,Tomate,436.33,Gotejamento,Arenoso,Inverno,20.98,145.49,50.15,6617.06,21.65,72.07,0.667,0
FAZ_04631,Gaia_Vision,Cenoura,298.15,Aspersao,Calcario,Outono,9.07,47.87,46.08,2386.11,30.86,63.82,,0
FAZ_04632,Sentinel_Agro,Milho,454.56,Manual,Siltoso,Inverno,9.34,83.26,73.8,3437.08,8.78,85.83,0.884,0
FAZ_04633,Sentinel_Agro,Cana_de_Acucar,361.71,Manual,Arenoso,Verao,10.88,54.33,65.24,3669.08,29.73,68.99,0.737,0
FAZ_04634,OrbSat_Field,Cenoura,427.93,Gotejamento,Arenoso,Inverno,13.9,71.63,44.69,2349.11,23.45,79.08,0.668,0
FAZ_04635,AgroSat_BR,Arroz,164.57,Aspersao,Organico,Primavera,5.89,69.84,46.73,1853.83,31.17,63.93,0.662,0
FAZ_04636,AgroSat_BR,Tomate,309.5,Manual,Arenoso,Outono,14.05,75.25,61.25,2423.93,21.07,67.45,0.847,0
FAZ_04637,AgroSat_BR,Trigo,194.22,Manual,,Verao,5.38,47.52,43.21,2509.06,34.89,51.74,0.717,0
FAZ_04638,OrbSat_Field,Trigo,264.94,Aspersao,Calcario,Outono,3.86,51.32,61.65,3032.47,24.83,86.83,0.869,0
FAZ_04639,AgroSat_BR,Tomate,387.1,Manual,Arenoso,Inverno,8.54,136.48,42.81,3633.29,34.13,58.99,0.537,1
FAZ_04640,AgroSat_BR,Cenoura,507.16,Inundacao,Organico,Outono,16.48,44.48,68.24,9451.24,30.45,46.36,0.672,1
FAZ_04641,Gaia_Vision,Soja,585.11,Sequeiro,Calcario,Outono,19.37,185.4,47.08,5682.81,40.72,43.06,0.438,1
FAZ_04642,Sentinel_Agro,Cenoura,592.23,Inundacao,Calcario,Inverno,9.65,42.91,59.24,9294.05,18.77,61.77,0.767,0
FAZ_04643,Sentinel_Agro,Cenoura,471.02,Aspersao,Calcario,Outono,6.28,82.59,70.09,4048.34,19.34,85.94,0.869,0
FAZ_04644,Gaia_Vision,Soja,379.85,Sequeiro,Siltoso,Inverno,14.91,86.71,39.77,4366.49,17.1,55.47,0.698,0
FAZ_04645,Gaia_Vision,Milho,403.92,Gotejamento,Organico,Verao,13.49,83.99,63.11,4611.47,21.75,68.18,0.859,0
FAZ_04646,Gaia_Vision,Arroz,327.94,Sequeiro,Franco,Outono,11.54,66.24,56.87,3657.31,21.68,61.15,0.723,0
FAZ_04647,Sentinel_Agro,Cenoura,549.45,Inundacao,Argiloso,Primavera,12.57,164.29,58.64,10266.94,29.47,52.7,0.535,1
FAZ_04648,AgroSat_BR,Arroz,708.44,Sequeiro,Arenoso,Primavera,18.18,49.33,52.2,8557.47,20.98,58.57,0.552,1
FAZ_04649,Gaia_Vision,Cana_de_Acucar,672.13,Aspersao,Arenoso,Verao,25.13,155.63,81.26,4933.02,30.6,60.95,0.677,0
FAZ_04650,OrbSat_Field,Trigo,422.23,Inundacao,Arenoso,Inverno,12.84,78.84,59.28,7180.34,20.19,76.16,0.703,0
FAZ_04651,Gaia_Vision,Trigo,294.76,Manual,Franco,Inverno,5.22,103.18,50.71,3299.29,13.87,76.61,0.753,0
FAZ_04652,TerraScan_X,Soja,489.86,Manual,Calcario,Outono,13.38,48.08,48.97,4719.51,39.14,50.37,0.549,0
FAZ_04653,Gaia_Vision,Cana_de_Acucar,283.2,Gotejamento,Calcario,Outono,13.7,93.51,52.89,2331.13,23.38,80.07,0.758,0
FAZ_04654,Sentinel_Agro,Trigo,395.2,Aspersao,Argiloso,Primavera,11.36,88.74,59.46,2995.05,30.94,70.07,0.699,0
FAZ_04655,Gaia_Vision,Soja,337.09,Inundacao,Organico,Primavera,6.68,84.0,59.94,9196.63,26.97,43.72,0.696,1
FAZ_04656,TerraScan_X,Cenoura,475.15,Aspersao,Franco,Inverno,13.16,92.02,63.39,3671.62,10.63,85.77,0.812,0
FAZ_04657,OrbSat_Field,Cana_de_Acucar,422.55,Manual,Franco,Primavera,8.5,86.67,72.98,4780.66,18.83,68.37,0.726,0
FAZ_04658,AgroSat_BR,Milho,329.0,Aspersao,Siltoso,Inverno,9.87,21.26,41.43,3879.02,21.94,61.1,0.711,0
FAZ_04659,Gaia_Vision,Cana_de_Acucar,918.73,Sequeiro,Calcario,Verao,34.18,141.46,84.31,9162.45,26.67,73.36,0.77,1
FAZ_04660,TerraScan_X,Algodao,218.68,Aspersao,Franco,Verao,6.9,138.92,28.04,4284.61,37.55,45.26,0.428,1
FAZ_04661,TerraScan_X,Trigo,297.14,Gotejamento,Franco,Primavera,3.83,50.04,63.56,2423.92,13.04,,0.788,0
FAZ_04662,OrbSat_Field,Cana_de_Acucar,460.56,Gotejamento,Arenoso,Outono,19.44,97.16,43.28,4023.43,31.18,61.41,0.631,1
FAZ_04663,Sentinel_Agro,Batata,627.48,Inundacao,Calcario,Primavera,9.87,68.87,79.52,9868.45,22.45,72.48,0.8,0
FAZ_04664,Gaia_Vision,Cenoura,582.39,Inundacao,Siltoso,Primavera,10.31,155.62,70.5,11506.68,13.38,71.98,0.688,0
FAZ_04665,TerraScan_X,Milho,242.65,Inundacao,Organico,Primavera,9.41,51.71,42.93,6124.1,21.8,57.67,0.741,1
FAZ_04666,OrbSat_Field,Arroz,758.28,Manual,Argiloso,Outono,25.84,62.18,65.23,8079.65,27.84,72.24,,0
FAZ_04667,AgroSat_BR,Soja,480.94,Aspersao,Organico,Primavera,13.18,48.06,74.61,5982.32,22.41,75.44,0.798,0
FAZ_04668,TerraScan_X,Batata,406.73,Sequeiro,Siltoso,Outono,9.21,94.16,41.43,4061.31,27.4,46.4,0.613,0
FAZ_04669,OrbSat_Field,Batata,432.32,Sequeiro,Arenoso,Primavera,10.14,130.07,40.91,5271.16,34.95,51.89,0.637,1
FAZ_04670,Sentinel_Agro,Milho,911.34,Gotejamento,Argiloso,Outono,35.0,116.37,86.16,10315.73,38.34,61.21,0.663,1
FAZ_04671,Sentinel_Agro,Soja,698.81,Sequeiro,Organico,Outono,25.27,241.25,84.73,4683.34,20.81,69.31,0.631,0
FAZ_04672,TerraScan_X,Milho,254.31,Inundacao,Calcario,Outono,9.99,79.2,48.86,7618.01,31.73,59.97,0.757,0
FAZ_04673,TerraScan_X,Arroz,389.26,Aspersao,Calcario,Outono,5.61,89.05,51.11,3531.85,23.93,74.16,0.799,0
FAZ_04674,Gaia_Vision,Soja,572.89,Inundacao,Argiloso,Outono,17.77,157.65,68.77,11093.01,16.21,65.23,0.619,1
FAZ_04675,OrbSat_Field,Cana_de_Acucar,778.28,Manual,Argiloso,Verao,30.76,72.29,69.58,7436.93,21.28,51.13,0.586,1
FAZ_04676,TerraScan_X,Trigo,318.05,Sequeiro,Argiloso,Inverno,9.58,51.05,56.74,1781.87,21.1,77.15,0.817,0
FAZ_04677,Gaia_Vision,Milho,391.02,Inundacao,Franco,Inverno,18.87,62.47,59.49,8309.5,27.35,57.99,0.786,1
FAZ_04678,Gaia_Vision,Arroz,438.47,Gotejamento,Siltoso,Outono,10.62,133.59,66.21,3124.59,20.95,77.15,0.815,0
FAZ_04679,TerraScan_X,Cenoura,824.42,Inundacao,Calcario,Inverno,27.97,146.67,79.77,13314.47,20.29,65.33,0.552,1
FAZ_04680,Sentinel_Agro,Algodao,442.16,Gotejamento,Calcario,Outono,14.69,161.75,61.37,4599.13,26.29,65.72,,0
FAZ_04681,OrbSat_Field,Cenoura,379.54,Inundacao,Siltoso,Primavera,13.34,100.55,56.55,5201.43,9.48,87.4,0.853,0
FAZ_04682,OrbSat_Field,Algodao,414.19,Manual,Arenoso,Verao,12.02,147.82,41.6,4941.43,33.23,51.24,0.448,1
FAZ_04683,Sentinel_Agro,Tomate,612.13,Aspersao,Calcario,Primavera,23.9,93.76,64.29,5021.05,29.82,70.73,0.658,0
FAZ_04684,TerraScan_X,Cana_de_Acucar,220.27,Gotejamento,Organico,Primavera,12.01,84.23,48.45,1541.25,30.57,49.78,0.599,0
FAZ_04685,OrbSat_Field,Tomate,700.26,Inundacao,Arenoso,Outono,29.86,255.2,68.5,12063.23,27.49,46.23,0.365,1
FAZ_04686,TerraScan_X,Milho,317.05,Aspersao,Organico,Primavera,11.34,85.79,46.91,3874.09,25.35,62.77,0.814,0
FAZ_04687,TerraScan_X,Milho,402.22,Aspersao,Argiloso,Verao,9.75,44.48,58.22,5719.66,31.1,41.88,0.679,0
FAZ_04688,Gaia_Vision,Algodao,293.96,Inundacao,Calcario,Primavera,8.43,161.54,31.21,9100.75,31.42,55.89,0.608,1
FAZ_04689,Sentinel_Agro,Soja,309.07,Sequeiro,Organico,Verao,8.84,65.08,50.07,4126.42,30.68,45.42,0.688,0
FAZ_04690,TerraScan_X,Arroz,646.1,Manual,Organico,Verao,11.06,123.15,57.48,4170.67,34.8,47.76,0.722,0
FAZ_04691,AgroSat_BR,Batata,338.99,Aspersao,Argiloso,Outono,8.12,162.1,44.11,5315.22,25.03,65.79,0.638,0
FAZ_04692,Sentinel_Agro,Milho,565.9,Inundacao,Arenoso,Verao,16.63,144.29,47.21,9291.15,37.52,42.12,0.409,1
FAZ_04693,OrbSat_Field,Tomate,563.91,Gotejamento,Organico,Primavera,23.25,185.76,70.0,4106.76,23.59,58.29,0.67,1
FAZ_04694,Gaia_Vision,Tomate,494.57,Manual,Calcario,Outono,9.33,213.44,53.53,5712.15,33.15,57.03,0.607,1
FAZ_04695,OrbSat_Field,Cenoura,589.12,Inundacao,Arenoso,Verao,19.74,107.61,81.52,8402.41,21.99,70.81,0.683,1
FAZ_04696,OrbSat_Field,Cana_de_Acucar,281.72,Sequeiro,Arenoso,Verao,15.46,31.69,37.48,2428.26,31.88,59.17,0.634,0
FAZ_04697,Sentinel_Agro,Algodao,126.89,Sequeiro,Siltoso,Inverno,5.12,81.69,23.06,863.38,28.44,55.34,0.688,0
FAZ_04698,OrbSat_Field,Batata,365.25,Aspersao,Calcario,Outono,10.9,139.02,59.18,2829.31,27.95,65.05,0.595,0
FAZ_04699,TerraScan_X,Algodao,553.64,Sequeiro,Calcario,Inverno,16.64,105.16,71.42,2673.21,23.87,51.32,0.651,0
FAZ_04700,OrbSat_Field,Milho,1013.66,Sequeiro,Argiloso,Verao,30.84,203.16,68.88,9466.72,33.6,49.99,0.427,1
FAZ_04701,Gaia_Vision,Trigo,498.73,Inundacao,Argiloso,Inverno,7.47,73.48,58.5,7409.1,21.78,62.22,0.636,0
FAZ_04702,Gaia_Vision,Batata,525.03,Aspersao,Franco,Primavera,8.48,250.34,45.02,5876.57,23.36,73.74,0.667,1
FAZ_04703,AgroSat_BR,Cenoura,408.5,Manual,Calcario,Primavera,11.65,120.07,46.88,3382.35,28.23,50.47,0.471,0
FAZ_04704,Gaia_Vision,Tomate,535.25,Aspersao,Arenoso,Verao,21.37,192.73,42.59,6557.1,33.9,59.61,0.57,1
FAZ_04705,OrbSat_Field,Cenoura,392.16,Inundacao,Franco,Inverno,7.47,71.77,51.92,9893.53,16.69,68.11,0.76,0
FAZ_04706,Gaia_Vision,Milho,248.59,Gotejamento,Calcario,Inverno,12.84,27.47,41.91,2195.47,25.24,75.12,0.737,0
FAZ_04707,Sentinel_Agro,Trigo,639.07,Inundacao,Argiloso,Outono,14.49,159.55,64.31,9704.26,24.67,75.13,0.728,1
FAZ_04708,Gaia_Vision,Batata,584.27,Sequeiro,Argiloso,Primavera,18.12,146.11,61.71,7204.37,19.8,74.07,0.686,1
FAZ_04709,TerraScan_X,Algodao,485.02,Gotejamento,Calcario,Primavera,4.53,80.45,57.62,5013.84,31.64,61.57,0.658,0
FAZ_04710,Sentinel_Agro,Batata,312.55,Manual,Franco,Outono,8.67,83.86,44.72,3698.22,27.69,55.46,0.634,0
FAZ_04711,AgroSat_BR,Tomate,431.56,Aspersao,Argiloso,Primavera,14.77,103.09,54.71,4633.79,31.37,66.07,0.62,0
FAZ_04712,TerraScan_X,Algodao,280.22,Manual,Argiloso,Inverno,9.15,151.39,49.7,2587.64,18.1,53.41,0.635,1
FAZ_04713,OrbSat_Field,Cana_de_Acucar,330.23,Inundacao,Siltoso,Inverno,13.63,82.14,58.21,7387.73,29.96,51.95,0.609,0
FAZ_04714,OrbSat_Field,Algodao,482.03,Gotejamento,Organico,Primavera,5.97,141.08,50.14,5705.08,25.05,72.79,0.608,0
FAZ_04715,OrbSat_Field,Arroz,419.92,Inundacao,Calcario,Outono,10.27,99.45,56.28,8628.07,29.37,47.06,0.606,0
FAZ_04716,TerraScan_X,Trigo,240.41,Sequeiro,Siltoso,Verao,4.5,71.11,53.94,1538.2,25.5,60.49,,0
FAZ_04717,TerraScan_X,Arroz,570.16,Aspersao,Organico,Verao,19.15,186.16,40.8,3858.38,33.95,65.59,0.482,1
FAZ_04718,TerraScan_X,Algodao,838.98,Manual,Calcario,Verao,26.9,278.43,76.82,6933.68,34.02,57.62,0.533,1
FAZ_04719,Sentinel_Agro,Cana_de_Acucar,327.51,Inundacao,Siltoso,Verao,4.09,56.02,37.17,6471.82,28.92,46.44,0.674,1
FAZ_04720,Sentinel_Agro,Batata,588.09,Aspersao,Siltoso,Inverno,16.44,143.29,65.07,5252.06,15.33,69.56,0.634,0
FAZ_04721,OrbSat_Field,Batata,380.24,Sequeiro,Calcario,Verao,11.49,88.08,34.52,5084.27,34.09,47.04,,1
FAZ_04722,Gaia_Vision,Batata,702.19,Inundacao,Arenoso,Inverno,18.62,126.82,73.29,11510.42,27.66,67.09,0.697,1
FAZ_04723,OrbSat_Field,Cana_de_Acucar,510.6,Aspersao,Franco,Inverno,19.47,114.77,59.87,6598.51,14.28,76.9,0.718,0
FAZ_04724,AgroSat_BR,Milho,314.79,Gotejamento,Calcario,Verao,5.85,78.52,41.09,3474.79,30.49,63.77,0.762,0
FAZ_04725,Sentinel_Agro,Algodao,831.49,Aspersao,Siltoso,Verao,13.45,184.27,71.84,9034.86,33.54,60.67,0.529,1
FAZ_04726,TerraScan_X,Arroz,542.05,Manual,Arenoso,Verao,14.54,43.75,66.64,4790.44,24.15,63.32,0.614,0
FAZ_04727,Sentinel_Agro,Trigo,493.96,Inundacao,Siltoso,Primavera,13.89,134.7,47.61,9623.39,34.34,52.97,0.667,1
FAZ_04728,TerraScan_X,Trigo,250.78,Manual,Franco,Primavera,5.69,44.14,46.01,2741.07,31.21,64.63,0.715,0
FAZ_04729,AgroSat_BR,Algodao,338.53,Manual,Arenoso,Outono,,116.9,55.48,2658.2,29.35,56.01,0.62,0
FAZ_04730,AgroSat_BR,Algodao,741.13,Aspersao,Calcario,Inverno,29.3,289.77,64.07,5202.56,23.5,64.91,0.449,1
FAZ_04731,Sentinel_Agro,Cenoura,470.73,Inundacao,Organico,Verao,14.49,131.03,50.64,8847.39,26.51,62.41,0.687,1
FAZ_04732,TerraScan_X,Arroz,514.1,Sequeiro,Franco,Primavera,12.75,113.24,56.65,7637.45,23.46,42.85,0.529,1
FAZ_04733,AgroSat_BR,Tomate,525.03,Sequeiro,,Outono,13.56,188.7,65.27,6656.16,16.2,69.22,0.623,1
FAZ_04734,OrbSat_Field,Soja,407.28,Aspersao,Calcario,Inverno,8.21,57.18,59.36,4848.27,17.34,65.18,0.637,0
FAZ_04735,OrbSat_Field,Tomate,292.34,Inundacao,Calcario,Inverno,7.64,123.01,51.02,5918.47,23.82,60.21,0.699,0
FAZ_04736,TerraScan_X,Batata,317.5,Aspersao,Calcario,Inverno,10.86,109.27,58.03,2571.75,22.34,81.11,0.721,0
FAZ_04737,Sentinel_Agro,Trigo,820.92,Gotejamento,Arenoso,Primavera,25.71,69.3,90.21,8359.16,22.01,55.76,0.569,1
FAZ_04738,AgroSat_BR,Algodao,219.08,Manual,Argiloso,Verao,5.92,53.6,36.85,2234.64,31.17,46.35,0.647,0
FAZ_04739,Sentinel_Agro,Soja,222.47,Aspersao,Arenoso,Verao,7.65,61.96,45.08,2319.65,33.86,60.64,0.678,0
FAZ_04740,OrbSat_Field,Milho,315.76,Gotejamento,Organico,Inverno,13.44,70.11,64.38,2594.68,15.94,85.36,0.914,0
FAZ_04741,AgroSat_BR,Trigo,377.03,Manual,Arenoso,Inverno,5.29,38.07,64.02,5412.35,30.19,64.85,0.722,0
FAZ_04742,Sentinel_Agro,Cana_de_Acucar,278.32,Sequeiro,Calcario,Outono,7.88,62.48,36.32,2612.96,24.76,59.06,0.669,0
FAZ_04743,Gaia_Vision,Arroz,531.84,Sequeiro,Siltoso,Outono,18.74,62.04,53.88,6137.53,26.26,52.15,0.535,1
FAZ_04744,TerraScan_X,Tomate,414.37,Inundacao,Argiloso,Inverno,12.84,179.63,52.03,7411.79,19.81,67.34,0.544,1
FAZ_04745,TerraScan_X,Milho,494.11,Aspersao,Argiloso,Outono,23.74,118.66,48.6,5412.51,26.26,66.44,0.673,0
FAZ_04746,Gaia_Vision,Algodao,344.24,Gotejamento,Arenoso,Primavera,10.63,121.48,43.17,3915.41,13.49,89.2,0.763,0
FAZ_04747,OrbSat_Field,Milho,587.63,Manual,Siltoso,Inverno,17.82,157.61,67.86,5960.9,19.13,73.91,0.722,1
FAZ_04748,AgroSat_BR,Cenoura,295.19,Sequeiro,Siltoso,Outono,7.06,125.77,55.41,3467.93,20.14,67.98,0.803,0
FAZ_04749,TerraScan_X,Cana_de_Acucar,522.55,Sequeiro,Arenoso,Inverno,17.41,79.67,62.04,7076.63,22.85,56.17,0.593,1
FAZ_04750,Gaia_Vision,Cana_de_Acucar,423.6,Manual,Franco,Verao,15.32,112.67,60.28,5652.94,29.45,51.78,0.486,0
FAZ_04751,Gaia_Vision,Soja,901.89,Gotejamento,Organico,Primavera,16.93,162.56,68.6,5051.98,19.52,76.33,0.697,1
FAZ_04752,OrbSat_Field,Batata,704.83,Aspersao,Arenoso,Inverno,12.78,246.65,71.77,6599.5,17.0,88.53,0.607,1
FAZ_04753,OrbSat_Field,Trigo,557.59,Aspersao,Calcario,Verao,10.29,161.72,75.01,5360.37,27.22,61.28,0.745,0
FAZ_04754,Sentinel_Agro,Tomate,309.15,Sequeiro,Siltoso,Inverno,7.91,145.4,51.66,1712.84,23.17,66.71,0.704,0
FAZ_04755,TerraScan_X,Cenoura,777.6,Gotejamento,Organico,Verao,12.47,119.23,92.49,7295.28,33.52,66.25,0.624,1
FAZ_04756,Sentinel_Agro,Trigo,415.56,Inundacao,Arenoso,Outono,13.71,103.77,63.14,7370.79,18.3,84.77,,0
FAZ_04757,Gaia_Vision,Trigo,333.9,Gotejamento,Organico,Verao,9.05,112.45,55.11,3995.35,36.62,64.98,0.624,0
FAZ_04758,AgroSat_BR,Soja,440.53,Inundacao,Franco,Primavera,5.6,85.81,47.24,9485.97,27.65,54.81,0.654,1
FAZ_04759,AgroSat_BR,Cana_de_Acucar,860.28,Manual,Siltoso,Primavera,29.02,170.35,53.05,9084.65,22.84,43.08,0.494,1
FAZ_04760,OrbSat_Field,Arroz,221.22,Inundacao,Franco,Outono,5.24,25.74,45.42,5461.89,22.2,55.7,0.7,0
FAZ_04761,AgroSat_BR,Milho,305.93,Manual,Franco,Inverno,10.47,63.96,38.6,2987.92,23.14,58.55,0.621,0
FAZ_04762,AgroSat_BR,Algodao,252.32,Inundacao,Siltoso,Primavera,8.82,89.12,40.41,7779.64,29.85,49.66,0.577,1
FAZ_04763,AgroSat_BR,Arroz,277.75,Gotejamento,Calcario,Outono,5.37,65.72,39.84,2927.23,34.82,53.07,0.573,1
FAZ_04764,Gaia_Vision,Arroz,192.89,Aspersao,Franco,Primavera,4.73,27.73,44.19,3139.41,26.31,54.24,0.721,0
FAZ_04765,AgroSat_BR,Batata,141.81,Sequeiro,Arenoso,Outono,1.39,110.38,29.2,2654.3,33.27,55.12,0.6,1
FAZ_04766,AgroSat_BR,Batata,516.58,Aspersao,Arenoso,Primavera,19.31,159.36,52.24,6189.76,31.66,62.38,0.568,1
FAZ_04767,AgroSat_BR,Arroz,335.87,Gotejamento,Organico,Outono,10.71,82.36,48.99,4510.96,30.94,47.45,0.681,0
FAZ_04768,Sentinel_Agro,Cana_de_Acucar,158.05,Aspersao,Arenoso,Primavera,11.38,48.77,43.38,800.0,26.12,,0.863,0
FAZ_04769,Gaia_Vision,Trigo,565.64,Aspersao,Arenoso,Inverno,20.15,81.05,77.65,5717.15,22.37,84.2,0.706,0
FAZ_04770,OrbSat_Field,Milho,409.2,Aspersao,Organico,Verao,14.1,97.08,58.0,3852.35,35.14,64.89,0.699,0
FAZ_04771,Sentinel_Agro,Trigo,415.17,Inundacao,Argiloso,Primavera,12.57,107.47,49.73,6909.57,23.33,62.67,0.587,0
FAZ_04772,TerraScan_X,Trigo,239.32,Sequeiro,Siltoso,Outono,6.99,64.55,40.8,3993.81,35.31,48.1,0.611,1
FAZ_04773,Gaia_Vision,Trigo,322.96,Manual,Arenoso,Inverno,13.34,43.28,54.32,2319.24,25.82,64.14,0.727,0
FAZ_04774,Gaia_Vision,Milho,434.38,Gotejamento,Organico,Primavera,16.04,94.09,67.97,4947.25,16.84,83.38,0.77,0
FAZ_04775,TerraScan_X,Milho,286.93,Manual,Franco,Outono,13.38,30.52,42.56,3693.93,21.49,55.0,0.681,0
FAZ_04776,TerraScan_X,Soja,267.55,Manual,Franco,Verao,9.56,63.09,42.34,2321.09,34.66,55.52,0.689,0
FAZ_04777,TerraScan_X,Tomate,756.16,Sequeiro,,Outono,28.17,250.46,59.59,7766.7,33.56,,0.525,1
FAZ_04778,OrbSat_Field,Arroz,194.45,Aspersao,Arenoso,Primavera,6.79,67.3,49.19,2593.59,33.79,67.88,0.682,0
FAZ_04779,AgroSat_BR,Soja,677.23,Aspersao,Siltoso,Outono,23.55,59.24,94.51,6584.25,25.77,,0.892,1
FAZ_04780,Gaia_Vision,Soja,387.91,Manual,Organico,Outono,13.87,66.31,50.58,2508.35,26.25,48.05,0.653,0
FAZ_04781,AgroSat_BR,Algodao,346.76,Manual,Calcario,Verao,8.05,110.79,37.63,1782.88,31.79,59.42,0.597,0
FAZ_04782,AgroSat_BR,Batata,467.73,Inundacao,Calcario,Primavera,8.17,156.92,71.66,9464.38,32.84,54.97,0.77,1
FAZ_04783,TerraScan_X,Algodao,696.58,Gotejamento,Organico,Primavera,18.34,257.53,87.43,4561.02,19.48,84.79,0.615,1
FAZ_04784,OrbSat_Field,Batata,432.99,Inundacao,Organico,Verao,13.85,218.47,49.17,9044.11,34.92,52.49,0.593,1
FAZ_04785,Sentinel_Agro,Tomate,631.72,Gotejamento,Organico,Inverno,14.71,259.95,64.82,6902.45,31.86,60.22,0.55,1
FAZ_04786,OrbSat_Field,Cenoura,436.0,Gotejamento,Organico,Outono,12.65,128.37,53.36,4622.13,30.33,63.06,0.791,0
FAZ_04787,AgroSat_BR,Batata,286.43,Aspersao,Siltoso,Outono,6.78,106.53,46.52,3008.14,22.98,59.62,0.617,0
FAZ_04788,OrbSat_Field,Trigo,379.7,Aspersao,Organico,Outono,8.99,81.36,52.29,5378.04,27.02,64.87,0.732,0
FAZ_04789,TerraScan_X,Batata,130.32,Aspersao,,Primavera,,41.78,51.17,1559.23,31.43,68.46,0.827,0
FAZ_04790,Sentinel_Agro,Milho,636.69,Aspersao,Siltoso,Primavera,12.23,203.19,69.93,5418.85,21.18,79.22,0.77,0
FAZ_04791,TerraScan_X,Tomate,567.6,Gotejamento,Siltoso,Outono,23.15,167.34,69.75,6649.67,21.09,72.25,0.662,1
FAZ_04792,Sentinel_Agro,Soja,323.14,Gotejamento,Franco,Primavera,2.63,85.73,57.22,2994.4,8.48,98.0,0.935,0
FAZ_04793,AgroSat_BR,Trigo,636.95,Gotejamento,Argiloso,Verao,12.14,51.62,67.56,4393.23,38.68,53.46,0.638,0
FAZ_04794,Sentinel_Agro,Cenoura,633.96,Aspersao,,Verao,8.91,107.83,76.22,7897.34,34.56,67.76,0.685,0
FAZ_04795,Sentinel_Agro,Tomate,180.56,Gotejamento,Arenoso,Primavera,,89.38,31.08,2302.13,29.3,52.96,0.537,0
FAZ_04796,Sentinel_Agro,Soja,416.49,Aspersao,Franco,Outono,3.81,62.5,54.91,5465.26,22.5,76.64,0.716,0
FAZ_04797,OrbSat_Field,Cana_de_Acucar,219.48,Aspersao,Argiloso,Outono,11.35,40.16,42.83,2559.1,16.93,79.19,0.784,0
FAZ_04798,OrbSat_Field,Tomate,548.46,Gotejamento,Calcario,Outono,20.62,68.43,62.44,5343.39,20.42,71.94,0.767,0
FAZ_04799,AgroSat_BR,Cenoura,424.59,Aspersao,Franco,Outono,14.49,139.78,62.05,4056.36,19.16,81.3,0.79,1
FAZ_04800,Sentinel_Agro,Soja,279.3,Manual,Calcario,Primavera,9.96,86.85,42.23,1786.18,33.32,54.39,0.592,1
FAZ_04801,Gaia_Vision,Milho,538.35,Inundacao,Siltoso,Inverno,13.52,81.18,61.94,9446.4,8.54,83.77,0.855,0
FAZ_04802,AgroSat_BR,Batata,366.75,Sequeiro,Siltoso,Inverno,5.02,99.06,56.73,4358.6,21.47,70.53,0.829,0
FAZ_04803,Sentinel_Agro,Algodao,338.11,Aspersao,Organico,Outono,4.83,79.7,50.46,4979.79,24.99,64.33,0.768,0
FAZ_04804,Sentinel_Agro,Cenoura,357.92,Sequeiro,Siltoso,Outono,7.8,55.22,39.05,4355.82,32.07,69.73,0.814,0
FAZ_04805,OrbSat_Field,Algodao,251.08,Aspersao,Franco,Outono,3.69,79.68,52.11,3162.09,17.84,91.29,,0
FAZ_04806,AgroSat_BR,Arroz,506.61,Inundacao,Calcario,Inverno,13.02,147.71,51.05,9348.9,10.53,77.06,0.632,1
FAZ_04807,Sentinel_Agro,Batata,496.93,Aspersao,Arenoso,Verao,9.71,211.66,50.64,9269.72,45.0,52.15,0.578,1
FAZ_04808,Sentinel_Agro,Cenoura,374.25,Sequeiro,Calcario,Inverno,10.24,123.99,56.57,3358.12,23.5,56.37,0.698,0
FAZ_04809,AgroSat_BR,Tomate,229.35,Aspersao,Siltoso,Primavera,11.38,129.5,36.57,3894.13,17.95,65.84,0.522,0
FAZ_04810,Gaia_Vision,Milho,215.32,Sequeiro,Calcario,Inverno,7.38,35.0,40.61,2864.64,24.79,67.2,0.693,0
FAZ_04811,AgroSat_BR,Tomate,312.9,Inundacao,Argiloso,Primavera,13.12,144.71,53.95,7499.8,15.84,84.92,0.726,0
FAZ_04812,AgroSat_BR,Cana_de_Acucar,445.57,Manual,Calcario,Outono,17.97,114.18,47.53,6681.13,25.76,58.33,0.558,1
FAZ_04813,Gaia_Vision,Arroz,690.74,Sequeiro,Franco,Primavera,17.88,128.65,66.85,8925.5,35.87,52.3,0.535,1
FAZ_04814,AgroSat_BR,Milho,410.52,Sequeiro,Argiloso,Outono,13.33,39.68,54.68,5160.37,17.74,61.77,0.824,0
FAZ_04815,Sentinel_Agro,Trigo,431.15,Manual,Organico,Verao,13.16,110.9,45.18,3970.61,32.63,39.5,0.58,1
FAZ_04816,AgroSat_BR,Soja,405.46,Aspersao,Organico,Outono,4.78,63.4,50.2,3902.35,23.19,67.31,0.742,0
FAZ_04817,Gaia_Vision,Arroz,408.53,Aspersao,Calcario,Outono,8.39,53.75,59.68,5765.33,18.79,76.02,0.794,0
FAZ_04818,TerraScan_X,Soja,233.59,Aspersao,Arenoso,Verao,4.0,19.86,58.31,2257.37,23.48,80.23,0.9,0
FAZ_04819,AgroSat_BR,Batata,775.73,Gotejamento,Franco,Outono,8.62,150.86,79.24,9673.29,23.86,59.92,0.598,1
FAZ_04820,OrbSat_Field,Trigo,218.94,Gotejamento,Arenoso,Outono,3.52,41.49,37.74,2143.7,29.31,55.64,0.581,0
FAZ_04821,Sentinel_Agro,Trigo,535.25,Inundacao,Argiloso,Outono,6.1,161.71,47.58,11534.12,23.72,53.77,0.645,1
FAZ_04822,Sentinel_Agro,Milho,420.08,Manual,Arenoso,Inverno,16.61,44.41,56.99,5527.16,14.56,85.13,0.74,0
FAZ_04823,OrbSat_Field,Batata,372.92,Gotejamento,Argiloso,Primavera,5.07,143.08,48.9,4207.53,24.61,84.87,0.635,0
FAZ_04824,OrbSat_Field,Cana_de_Acucar,280.01,Inundacao,Arenoso,Outono,5.48,58.67,66.17,4953.5,12.23,93.02,0.835,0
FAZ_04825,AgroSat_BR,Arroz,308.52,Aspersao,Organico,Inverno,6.76,68.58,52.89,2760.9,11.53,96.37,0.814,0
FAZ_04826,OrbSat_Field,Arroz,1296.51,Sequeiro,Franco,Outono,22.85,122.62,93.54,14628.08,31.26,57.38,0.677,1
FAZ_04827,TerraScan_X,Cenoura,263.06,Gotejamento,Arenoso,Primavera,8.1,51.43,56.75,2319.3,18.94,76.2,0.755,0
FAZ_04828,Gaia_Vision,Tomate,493.2,Inundacao,Calcario,Outono,19.78,150.25,50.79,9091.47,31.49,61.04,0.631,1
FAZ_04829,OrbSat_Field,Cenoura,468.63,Sequeiro,Argiloso,Primavera,10.66,137.03,36.05,2718.06,39.15,44.59,0.542,1
FAZ_04830,OrbSat_Field,Cana_de_Acucar,349.73,Aspersao,Calcario,Inverno,12.75,34.36,48.92,4012.96,22.16,86.54,0.862,0
FAZ_04831,TerraScan_X,Trigo,416.11,Manual,Franco,Inverno,14.85,121.26,49.5,2077.86,22.4,69.67,0.688,0
FAZ_04832,Sentinel_Agro,Algodao,501.57,Sequeiro,Calcario,Outono,7.36,200.32,44.64,4695.04,29.41,54.2,0.585,1
FAZ_04833,Sentinel_Agro,Cana_de_Acucar,574.59,Gotejamento,Organico,Verao,14.3,187.21,59.24,6355.0,30.41,58.38,0.51,1
FAZ_04834,AgroSat_BR,Cana_de_Acucar,340.12,Sequeiro,Organico,Primavera,11.51,107.45,39.44,3631.57,31.72,55.73,0.714,0
FAZ_04835,TerraScan_X,Milho,507.67,Manual,Siltoso,Outono,15.55,132.76,50.99,4480.78,27.99,57.23,0.619,1
FAZ_04836,Gaia_Vision,Milho,359.0,Gotejamento,Franco,Inverno,13.81,93.19,54.4,4425.54,22.34,78.82,0.852,0
FAZ_04837,Gaia_Vision,Milho,223.36,Aspersao,Arenoso,Outono,6.01,24.58,48.3,867.44,23.82,73.5,0.809,0
FAZ_04838,TerraScan_X,Milho,323.65,Inundacao,Organico,Primavera,15.44,44.08,46.85,7635.35,37.13,49.27,0.618,1
FAZ_04839,Gaia_Vision,Tomate,391.19,Sequeiro,Arenoso,Outono,18.25,115.59,59.51,4118.87,16.3,92.59,0.835,0
FAZ_04840,Sentinel_Agro,Arroz,592.5,Gotejamento,Arenoso,Primavera,15.97,136.16,59.01,6091.03,36.6,64.33,0.552,1
FAZ_04841,Gaia_Vision,Arroz,351.45,Manual,Argiloso,Inverno,11.11,67.26,50.16,3461.78,23.57,68.36,0.703,0
FAZ_04842,Gaia_Vision,Milho,411.23,Aspersao,Calcario,Verao,16.32,113.93,41.24,4589.98,26.67,62.16,0.549,1
FAZ_04843,TerraScan_X,Tomate,460.32,Manual,Arenoso,Verao,12.28,151.23,48.42,4986.29,24.9,45.6,0.581,0
FAZ_04844,TerraScan_X,Milho,403.87,Inundacao,Siltoso,Inverno,18.72,102.43,67.63,6997.9,19.92,93.81,0.923,1
FAZ_04845,Gaia_Vision,Tomate,260.21,Inundacao,Franco,Inverno,9.07,154.63,36.12,6172.73,27.04,57.36,0.535,1
FAZ_04846,OrbSat_Field,Cenoura,655.15,Inundacao,Franco,Outono,19.61,158.39,80.44,14001.74,29.67,45.06,0.526,1
FAZ_04847,TerraScan_X,Soja,640.94,Sequeiro,Argiloso,Inverno,7.44,195.52,67.22,6755.44,20.36,65.58,0.645,0
FAZ_04848,AgroSat_BR,Tomate,395.94,Aspersao,Siltoso,Inverno,11.75,169.79,67.56,2611.53,15.28,85.26,0.765,0
FAZ_04849,AgroSat_BR,Cenoura,258.94,Manual,Calcario,Primavera,7.58,18.08,45.08,1223.04,15.49,76.53,0.771,0
FAZ_04850,Sentinel_Agro,Batata,212.63,Gotejamento,Siltoso,Outono,7.25,119.97,40.43,1693.39,24.33,58.12,0.678,0
FAZ_04851,Gaia_Vision,Batata,338.94,Manual,Franco,Primavera,12.23,135.89,38.77,4303.23,25.87,31.14,0.567,1
FAZ_04852,OrbSat_Field,Cenoura,378.38,Manual,Siltoso,Outono,12.71,73.14,60.08,2117.23,33.51,64.1,0.804,0
FAZ_04853,Sentinel_Agro,Trigo,517.2,Aspersao,Calcario,Outono,19.58,91.97,63.18,4763.36,13.57,96.54,,0
FAZ_04854,Gaia_Vision,Trigo,561.38,Manual,Organico,Verao,4.36,137.01,74.04,4482.53,35.82,62.48,0.664,0
FAZ_04855,TerraScan_X,Milho,590.0,Inundacao,Arenoso,Verao,24.32,153.77,61.28,12069.74,34.45,50.24,0.42,1
FAZ_04856,AgroSat_BR,Trigo,345.69,Sequeiro,Arenoso,Inverno,9.73,101.3,43.33,1884.31,17.25,61.04,0.558,0
FAZ_04857,OrbSat_Field,Batata,337.9,Gotejamento,Franco,Outono,6.83,144.33,61.94,2597.0,15.41,87.02,0.751,0
FAZ_04858,AgroSat_BR,Trigo,463.98,Gotejamento,Franco,Inverno,16.09,150.95,64.3,4414.51,22.22,74.09,0.795,0
FAZ_04859,TerraScan_X,Soja,261.77,Manual,Calcario,Primavera,5.28,32.28,36.91,2625.65,34.39,56.11,0.703,0
FAZ_04860,Gaia_Vision,Batata,561.3,Manual,Siltoso,Inverno,15.34,158.89,53.16,6243.0,8.56,80.61,0.647,1
FAZ_04861,TerraScan_X,Tomate,416.09,Aspersao,Calcario,Primavera,22.15,143.48,44.77,1456.16,36.75,49.09,0.507,1
FAZ_04862,TerraScan_X,Cana_de_Acucar,468.12,Sequeiro,Argiloso,Verao,16.96,107.53,49.14,4332.81,41.23,48.13,0.666,0
FAZ_04863,AgroSat_BR,Trigo,140.52,Inundacao,Franco,Verao,2.32,36.42,35.9,4653.35,31.24,55.56,0.679,0
FAZ_04864,OrbSat_Field,Trigo,194.48,Sequeiro,Franco,Primavera,5.88,42.62,31.57,2180.01,17.52,63.4,0.657,0
FAZ_04865,TerraScan_X,Arroz,232.99,Inundacao,Franco,Primavera,7.55,25.67,49.6,6389.31,30.0,54.82,0.678,0
FAZ_04866,AgroSat_BR,Soja,135.94,Gotejamento,Calcario,Primavera,2.36,21.92,43.71,800.0,13.51,85.73,,0
FAZ_04867,OrbSat_Field,Batata,328.05,Aspersao,Calcario,Inverno,9.98,108.1,41.16,3146.38,14.1,76.84,0.711,0
FAZ_04868,Gaia_Vision,Batata,335.45,Sequeiro,Siltoso,Primavera,9.37,181.42,49.5,2738.41,29.26,70.95,0.752,0
FAZ_04869,Gaia_Vision,Algodao,283.38,Aspersao,Organico,Outono,3.47,81.83,50.37,2293.37,26.56,56.46,0.781,0
FAZ_04870,Sentinel_Agro,Arroz,684.72,Sequeiro,Franco,Primavera,21.85,131.11,40.82,7599.59,19.34,49.56,0.523,1
FAZ_04871,AgroSat_BR,Trigo,736.18,Manual,Organico,Verao,20.32,221.87,71.95,7755.38,34.62,54.74,0.476,1
FAZ_04872,OrbSat_Field,Cenoura,334.58,Aspersao,Calcario,Primavera,4.63,112.27,38.58,3084.59,27.44,56.82,0.51,1
FAZ_04873,TerraScan_X,Tomate,382.24,Inundacao,Siltoso,Verao,12.24,115.29,59.68,7893.34,26.9,63.8,0.682,0
FAZ_04874,Gaia_Vision,Trigo,462.14,Inundacao,Calcario,Verao,8.05,95.5,65.22,7065.33,27.91,66.2,0.801,0
FAZ_04875,OrbSat_Field,Algodao,983.96,Inundacao,Argiloso,Inverno,14.93,306.0,60.91,10578.59,19.74,62.34,0.534,1
FAZ_04876,AgroSat_BR,Cana_de_Acucar,682.23,Gotejamento,Arenoso,Primavera,15.27,188.27,66.05,4939.4,9.03,97.41,0.808,1
FAZ_04877,Sentinel_Agro,Batata,575.26,Sequeiro,Arenoso,Verao,11.2,201.61,39.33,4535.0,35.31,39.9,0.47,1
FAZ_04878,Gaia_Vision,Tomate,352.09,Inundacao,Calcario,Outono,13.94,112.63,51.12,6797.27,28.59,62.95,0.666,0
FAZ_04879,OrbSat_Field,Arroz,226.37,Sequeiro,Arenoso,Primavera,6.79,49.08,42.73,2615.61,22.28,41.62,0.587,1
FAZ_04880,OrbSat_Field,Trigo,347.48,Inundacao,Arenoso,Primavera,14.2,90.53,43.11,6740.05,25.33,59.78,0.615,1
FAZ_04881,OrbSat_Field,Soja,263.49,Aspersao,Siltoso,Verao,8.9,50.6,54.84,4009.64,28.16,65.33,0.714,0
FAZ_04882,AgroSat_BR,Cenoura,330.74,Inundacao,Arenoso,Inverno,10.49,102.74,40.02,7919.07,28.15,60.54,0.658,0
FAZ_04883,AgroSat_BR,Algodao,193.91,Manual,Siltoso,Inverno,6.45,98.23,33.9,1055.47,16.76,72.72,0.793,0
FAZ_04884,AgroSat_BR,Cana_de_Acucar,521.03,Aspersao,Argiloso,Primavera,13.55,120.47,60.44,5629.49,28.99,84.14,0.776,0
FAZ_04885,TerraScan_X,Milho,476.31,Sequeiro,Franco,Primavera,12.84,102.72,55.09,5431.78,22.42,78.22,0.762,0
FAZ_04886,OrbSat_Field,Cenoura,283.25,Aspersao,Franco,Inverno,6.15,45.74,46.27,3351.96,24.71,59.05,0.728,0
FAZ_04887,Gaia_Vision,Trigo,751.99,Sequeiro,Franco,Inverno,24.42,124.33,64.58,9071.98,18.38,72.81,0.741,1
FAZ_04888,AgroSat_BR,Cana_de_Acucar,198.07,Sequeiro,Siltoso,Outono,7.52,14.36,33.01,1204.61,23.43,57.5,0.687,0
FAZ_04889,AgroSat_BR,Cenoura,172.71,Manual,Siltoso,Primavera,5.16,69.68,46.5,1453.36,18.19,82.09,0.733,0
FAZ_04890,OrbSat_Field,Cenoura,369.22,Aspersao,Siltoso,Primavera,5.11,103.88,53.02,2499.84,27.42,71.16,0.652,0
FAZ_04891,AgroSat_BR,Batata,340.08,Inundacao,Argiloso,Primavera,4.0,102.83,41.24,7572.14,22.46,63.12,0.66,0
FAZ_04892,TerraScan_X,Cenoura,468.72,Manual,Organico,Inverno,15.18,59.6,73.56,2975.52,25.29,76.07,0.824,0
FAZ_04893,TerraScan_X,Soja,627.46,Inundacao,Siltoso,Verao,13.41,104.23,74.51,13031.66,38.16,57.06,0.643,0
FAZ_04894,AgroSat_BR,Cana_de_Acucar,657.09,Manual,Siltoso,Outono,20.77,148.75,56.9,8013.29,25.94,58.41,0.571,1
FAZ_04895,OrbSat_Field,Trigo,365.01,Manual,Franco,Inverno,12.28,91.94,46.82,2986.58,12.94,73.52,0.745,0
FAZ_04896,OrbSat_Field,Trigo,349.0,Aspersao,Calcario,Inverno,4.48,90.07,64.65,3344.89,16.77,86.13,0.739,0
FAZ_04897,OrbSat_Field,Soja,511.25,Inundacao,Arenoso,Outono,7.36,140.87,44.23,9215.9,31.0,54.16,0.513,1
FAZ_04898,Sentinel_Agro,Arroz,263.06,Gotejamento,Arenoso,Primavera,5.81,75.45,43.12,1595.82,27.67,57.02,0.696,0
FAZ_04899,AgroSat_BR,Cana_de_Acucar,262.49,Aspersao,Argiloso,Verao,13.83,81.35,55.69,3993.75,24.8,66.25,0.799,0
FAZ_04900,OrbSat_Field,Cenoura,562.14,Sequeiro,Arenoso,Outono,14.14,59.56,42.95,5260.21,33.7,55.33,0.754,0
FAZ_04901,TerraScan_X,Algodao,173.51,Manual,Organico,Verao,2.41,136.91,32.45,1012.83,36.08,52.4,0.616,1
FAZ_04902,Gaia_Vision,Tomate,443.75,Gotejamento,Franco,Primavera,19.98,104.03,48.42,3369.42,30.9,49.16,0.596,0
FAZ_04903,Gaia_Vision,Cana_de_Acucar,327.82,Sequeiro,Argiloso,Verao,9.53,74.47,45.83,2392.5,28.14,55.1,0.644,0
FAZ_04904,OrbSat_Field,Milho,317.27,Gotejamento,Arenoso,Primavera,14.96,31.05,44.06,2134.05,39.5,46.48,0.592,1
FAZ_04905,Gaia_Vision,Algodao,425.82,Aspersao,Arenoso,Inverno,11.65,180.47,51.11,2426.37,20.72,87.6,0.65,0
FAZ_04906,Gaia_Vision,Soja,483.4,Gotejamento,Calcario,Primavera,5.91,156.72,70.78,4841.94,28.74,66.25,0.65,0
FAZ_04907,Sentinel_Agro,Cenoura,219.08,Sequeiro,Franco,Outono,6.98,17.5,52.33,3664.41,26.12,64.88,0.769,0
FAZ_04908,TerraScan_X,Arroz,379.18,Sequeiro,Argiloso,Outono,10.0,70.41,32.02,3116.04,12.5,68.63,0.687,0
FAZ_04909,TerraScan_X,Milho,514.4,Inundacao,Franco,Primavera,13.75,147.76,71.09,8673.77,22.15,71.17,0.675,1
FAZ_04910,Sentinel_Agro,Arroz,411.34,Aspersao,Argiloso,Primavera,5.73,85.42,48.7,4375.02,27.54,60.83,0.666,0
FAZ_04911,Sentinel_Agro,Arroz,560.85,Aspersao,Arenoso,Inverno,9.9,82.75,55.46,4175.41,27.03,66.65,0.625,0
FAZ_04912,Gaia_Vision,Batata,387.65,Manual,Franco,Inverno,9.75,126.79,60.49,2874.4,9.1,69.2,0.735,0
FAZ_04913,AgroSat_BR,Milho,367.54,Gotejamento,Franco,Primavera,10.74,99.66,49.08,2306.79,23.06,74.91,0.655,0
FAZ_04914,Gaia_Vision,Tomate,220.32,Aspersao,Organico,Verao,2.34,125.53,20.81,3223.36,36.68,33.27,0.412,0
FAZ_04915,Sentinel_Agro,Batata,1025.55,Manual,Calcario,Inverno,35.0,236.08,74.77,14059.08,14.8,97.73,0.639,1
FAZ_04916,TerraScan_X,Milho,449.32,Aspersao,Franco,Outono,9.97,99.49,62.82,3722.67,25.83,76.96,0.668,0
FAZ_04917,Gaia_Vision,Arroz,415.76,Gotejamento,Argiloso,Inverno,11.67,63.51,45.99,3860.35,20.45,72.11,0.919,0
FAZ_04918,AgroSat_BR,Batata,548.87,Aspersao,Organico,Inverno,20.34,138.26,67.97,8456.58,20.22,86.44,0.891,0
FAZ_04919,Gaia_Vision,Milho,393.9,Manual,Franco,Inverno,12.81,81.02,57.21,3121.34,14.8,78.84,0.753,0
FAZ_04920,OrbSat_Field,Tomate,397.24,Sequeiro,Franco,Inverno,17.28,188.7,45.57,3476.49,25.0,55.81,0.542,1
FAZ_04921,Gaia_Vision,Algodao,206.49,Gotejamento,Organico,Primavera,4.26,95.85,46.42,2710.97,21.99,69.43,0.689,0
FAZ_04922,Sentinel_Agro,Cana_de_Acucar,267.42,Inundacao,Arenoso,Inverno,11.21,62.78,37.29,8275.28,19.21,55.24,0.585,1
FAZ_04923,TerraScan_X,Cenoura,229.55,Aspersao,Franco,Verao,4.97,30.66,44.95,2167.3,38.03,53.15,0.766,0
FAZ_04924,TerraScan_X,Milho,237.39,Aspersao,Siltoso,Inverno,10.34,47.77,49.8,2808.87,18.58,72.04,0.804,0
FAZ_04925,Sentinel_Agro,Tomate,618.77,Inundacao,Calcario,Inverno,23.22,124.04,53.79,8898.09,25.83,56.96,0.578,1
FAZ_04926,OrbSat_Field,Cana_de_Acucar,154.27,Gotejamento,Arenoso,Outono,3.29,14.83,45.23,1466.41,18.6,69.5,0.741,0
FAZ_04927,Sentinel_Agro,Batata,344.39,Aspersao,Franco,Inverno,7.01,123.54,61.52,3180.62,29.37,67.01,0.819,0
FAZ_04928,Gaia_Vision,Milho,677.93,Manual,Arenoso,Outono,30.37,102.0,73.99,9522.55,20.56,61.42,0.633,0
FAZ_04929,Sentinel_Agro,Milho,185.77,Aspersao,Argiloso,Outono,5.0,69.37,37.37,3481.21,20.51,65.34,0.82,0
FAZ_04930,Sentinel_Agro,Soja,678.41,Sequeiro,Arenoso,Primavera,13.64,181.37,62.69,6791.37,23.98,66.23,0.613,1
FAZ_04931,OrbSat_Field,Milho,260.57,Aspersao,Organico,Outono,13.91,76.18,50.42,2618.43,24.32,72.56,0.809,0
FAZ_04932,Gaia_Vision,Cenoura,708.67,Aspersao,Franco,Outono,9.88,223.06,71.57,7177.69,38.85,40.78,0.391,1
FAZ_04933,AgroSat_BR,Soja,664.34,Aspersao,Arenoso,Verao,17.24,203.06,53.21,7542.06,26.54,67.68,0.645,1
FAZ_04934,AgroSat_BR,Cana_de_Acucar,303.06,Gotejamento,Siltoso,Verao,14.92,100.95,44.92,2206.6,29.74,70.29,0.663,0
FAZ_04935,TerraScan_X,Batata,196.18,Sequeiro,Argiloso,Outono,8.28,134.89,28.95,2019.65,23.62,53.27,0.688,1
FAZ_04936,Sentinel_Agro,Batata,489.88,Manual,Argiloso,Primavera,12.24,204.18,54.17,3485.83,24.54,60.85,0.579,0
FAZ_04937,TerraScan_X,Trigo,245.45,Aspersao,Arenoso,Verao,6.45,73.78,24.48,3214.77,39.87,40.67,0.418,0
FAZ_04938,OrbSat_Field,Trigo,292.52,Manual,Organico,Verao,6.26,68.47,44.67,2243.54,30.26,77.35,0.788,0
FAZ_04939,AgroSat_BR,Cana_de_Acucar,249.21,Sequeiro,Argiloso,Primavera,7.36,33.54,51.56,2335.51,19.85,78.37,0.905,0
FAZ_04940,Sentinel_Agro,Tomate,221.15,Gotejamento,Arenoso,Inverno,12.02,45.03,44.53,1963.7,13.29,74.69,0.712,0
FAZ_04941,OrbSat_Field,Tomate,242.23,Aspersao,Arenoso,Verao,14.12,99.43,47.2,1971.3,41.86,56.34,0.714,0
FAZ_04942,OrbSat_Field,Soja,284.74,Gotejamento,Argiloso,Outono,8.66,35.32,52.04,1939.18,26.27,65.7,0.762,0
FAZ_04943,Sentinel_Agro,Cana_de_Acucar,487.52,Sequeiro,Arenoso,Outono,12.66,90.19,53.52,4676.67,29.09,56.85,0.751,0
FAZ_04944,OrbSat_Field,Tomate,576.47,Gotejamento,Arenoso,Outono,20.13,126.05,70.83,6630.29,27.77,76.39,0.668,0
FAZ_04945,Sentinel_Agro,Trigo,383.76,Aspersao,Calcario,Primavera,12.71,12.41,57.6,5278.95,22.83,81.09,0.87,0
FAZ_04946,Sentinel_Agro,Trigo,363.24,Inundacao,Siltoso,Outono,4.51,72.37,56.92,7958.53,23.46,59.15,0.683,0
FAZ_04947,Gaia_Vision,Arroz,368.59,Inundacao,Arenoso,Inverno,11.35,71.77,61.75,10182.84,18.64,60.84,0.657,0
FAZ_04948,TerraScan_X,Tomate,494.85,Manual,Calcario,Primavera,16.83,84.97,70.27,4786.99,20.2,75.8,0.754,0
FAZ_04949,OrbSat_Field,Cana_de_Acucar,219.6,Aspersao,Calcario,Verao,8.84,69.29,50.31,2401.52,28.97,59.69,0.662,0
FAZ_04950,OrbSat_Field,Algodao,563.67,Inundacao,Arenoso,Primavera,20.1,107.82,82.22,12116.25,24.19,78.96,0.711,1
FAZ_04951,Gaia_Vision,Soja,613.97,Sequeiro,Organico,Outono,23.73,125.68,82.03,4887.2,11.15,94.85,0.826,0
FAZ_04952,Gaia_Vision,Milho,219.51,Aspersao,Argiloso,Primavera,9.22,53.73,44.46,800.0,28.07,68.63,0.71,0
FAZ_04953,Gaia_Vision,Milho,465.33,Aspersao,Calcario,Primavera,16.82,89.89,61.16,4996.04,20.73,68.79,0.723,0
FAZ_04954,AgroSat_BR,Tomate,222.86,Manual,Calcario,Primavera,10.54,97.3,27.17,800.0,34.01,30.12,0.568,0
FAZ_04955,AgroSat_BR,Soja,441.44,Manual,Organico,Primavera,7.24,29.09,66.52,3461.07,32.75,48.94,,0
FAZ_04956,AgroSat_BR,Batata,1008.12,Aspersao,Franco,Inverno,21.31,180.0,95.0,6266.84,22.34,59.27,0.638,1
FAZ_04957,Sentinel_Agro,Cenoura,201.43,Gotejamento,Organico,Primavera,4.66,43.7,57.3,1603.36,9.5,85.0,0.837,0
FAZ_04958,OrbSat_Field,Milho,126.6,Manual,Franco,Outono,8.4,44.14,34.52,1669.75,31.8,60.61,0.795,0
FAZ_04959,TerraScan_X,Trigo,848.39,Inundacao,Franco,Verao,15.33,80.62,64.57,11771.25,31.04,54.87,0.643,1
FAZ_04960,Sentinel_Agro,Soja,336.14,Sequeiro,Organico,Inverno,8.52,117.47,33.36,3156.13,14.58,75.76,0.724,0
FAZ_04961,OrbSat_Field,Cana_de_Acucar,329.69,Manual,,Primavera,15.04,69.57,44.72,1479.45,31.65,49.79,0.651,1
FAZ_04962,OrbSat_Field,Soja,561.76,Gotejamento,Organico,Verao,20.43,156.6,57.4,4360.54,13.26,72.64,0.666,0
FAZ_04963,Gaia_Vision,Batata,356.61,Manual,Calcario,Inverno,13.26,136.23,64.81,3355.74,19.27,78.83,0.808,0
FAZ_04964,Gaia_Vision,Milho,183.01,Gotejamento,Argiloso,Outono,9.06,12.5,38.21,866.07,34.83,50.39,0.633,0
FAZ_04965,Sentinel_Agro,Trigo,309.96,Sequeiro,Organico,Outono,7.22,26.01,43.33,1681.15,29.23,43.84,0.715,1
FAZ_04966,Gaia_Vision,Algodao,292.24,Manual,Siltoso,Verao,1.42,110.94,46.13,3401.6,31.22,57.12,0.622,0
FAZ_04967,OrbSat_Field,Cana_de_Acucar,319.85,Inundacao,Organico,Primavera,11.51,50.42,45.26,6776.75,24.8,53.02,0.685,1
FAZ_04968,Gaia_Vision,Trigo,103.05,Inundacao,Siltoso,Verao,5.56,39.26,34.71,5574.13,30.38,58.33,0.587,0
FAZ_04969,AgroSat_BR,Batata,338.09,Gotejamento,Argiloso,Inverno,10.49,117.99,48.63,2985.09,31.37,66.17,0.656,0
FAZ_04970,Gaia_Vision,Cenoura,231.43,Gotejamento,Arenoso,Verao,7.42,38.9,53.14,3533.09,15.39,85.39,0.868,0
FAZ_04971,OrbSat_Field,Batata,293.94,Aspersao,Siltoso,Verao,5.93,131.52,39.15,3570.4,33.14,57.06,0.704,1
FAZ_04972,Sentinel_Agro,Batata,349.43,Manual,Siltoso,Primavera,14.07,170.99,47.9,2726.67,24.64,60.84,0.689,0
FAZ_04973,TerraScan_X,Milho,150.43,Aspersao,Calcario,Outono,6.98,42.93,39.38,800.0,26.02,62.3,0.802,0
FAZ_04974,Gaia_Vision,Soja,383.07,Gotejamento,Siltoso,Primavera,5.81,52.68,54.03,4922.9,13.89,88.84,0.817,0
FAZ_04975,OrbSat_Field,Soja,159.64,Manual,Argiloso,Outono,1.07,31.23,53.54,800.0,26.9,55.52,0.843,0
FAZ_04976,TerraScan_X,Trigo,263.94,Gotejamento,Franco,Primavera,7.58,86.16,52.06,1848.77,19.53,61.32,0.728,0
FAZ_04977,TerraScan_X,Cenoura,267.25,Manual,Siltoso,Outono,8.84,18.32,44.5,4205.69,31.23,51.14,0.636,0
FAZ_04978,AgroSat_BR,Cenoura,152.47,Aspersao,Argiloso,Primavera,3.5,21.71,48.39,1553.86,21.49,74.43,0.797,0
FAZ_04979,TerraScan_X,Algodao,350.38,Aspersao,Calcario,Outono,8.7,113.5,51.97,2372.16,13.42,77.76,0.69,0
FAZ_04980,OrbSat_Field,Batata,510.9,Aspersao,Calcario,Outono,18.63,177.9,56.61,5651.09,16.27,73.73,0.753,1
FAZ_04981,OrbSat_Field,Algodao,442.29,Sequeiro,Arenoso,Outono,5.99,156.19,44.17,3569.14,20.35,70.92,0.676,0
FAZ_04982,Gaia_Vision,Arroz,352.1,Gotejamento,Siltoso,Outono,5.23,90.44,63.99,4820.3,31.2,68.72,0.734,0
FAZ_04983,Gaia_Vision,Tomate,512.44,Gotejamento,Franco,Primavera,18.29,117.96,51.81,6166.68,22.37,58.23,0.665,1
FAZ_04984,Gaia_Vision,Batata,445.58,Inundacao,Argiloso,Inverno,9.38,138.77,57.49,8277.36,25.22,72.5,0.766,1
FAZ_04985,TerraScan_X,Algodao,206.78,Sequeiro,Arenoso,Outono,4.63,55.52,38.04,1738.85,18.69,62.97,0.674,0
FAZ_04986,TerraScan_X,Milho,454.52,Gotejamento,Franco,Outono,10.03,51.11,71.59,3062.5,30.34,64.49,0.637,0
FAZ_04987,AgroSat_BR,Tomate,866.74,Manual,Arenoso,Outono,35.0,185.0,57.7,5178.82,29.71,60.17,0.621,0
FAZ_04988,Gaia_Vision,Cenoura,546.49,Manual,Franco,Outono,17.21,160.29,55.75,3477.55,28.27,65.06,0.537,1
FAZ_04989,Sentinel_Agro,Batata,301.28,Inundacao,Organico,Outono,9.98,162.71,39.75,7815.2,22.82,57.03,0.651,1
FAZ_04990,AgroSat_BR,Batata,485.96,Aspersao,,Verao,10.3,146.53,52.07,5874.53,27.85,67.12,0.722,1
FAZ_04991,Sentinel_Agro,Cenoura,781.03,Aspersao,Organico,Verao,24.6,188.29,85.93,7070.6,25.74,63.64,0.602,1
FAZ_04992,TerraScan_X,Milho,656.78,Aspersao,Arenoso,Outono,27.66,170.86,79.21,4149.32,28.16,62.02,0.534,1
FAZ_04993,AgroSat_BR,Batata,226.63,Inundacao,Organico,Outono,5.52,75.95,46.14,6054.05,25.99,63.24,0.63,1
FAZ_04994,AgroSat_BR,Algodao,480.71,Gotejamento,Argiloso,Outono,14.84,130.01,39.16,2800.59,31.53,54.26,0.582,1
FAZ_04995,OrbSat_Field,Batata,402.48,Inundacao,Argiloso,Inverno,11.4,161.36,40.26,8671.68,11.21,81.87,0.627,1
FAZ_04996,TerraScan_X,Tomate,772.48,Aspersao,Organico,Primavera,26.88,160.25,62.59,8272.94,25.47,65.15,0.636,1
FAZ_04997,TerraScan_X,Batata,602.08,Aspersao,Franco,Outono,21.77,99.02,69.85,5638.02,29.61,63.86,0.74,0
FAZ_04998,AgroSat_BR,Algodao,323.09,Inundacao,Franco,Inverno,5.85,156.0,45.77,6321.74,20.99,65.33,0.535,1
FAZ_04999,TerraScan_X,Cana_de_Acucar,303.52,Sequeiro,Arenoso,Inverno,13.34,52.18,39.94,2112.72,17.1,,0.661,0
FAZ_05000,AgroSat_BR,Tomate,805.77,Inundacao,Franco,Outono,32.25,116.26,95.0,13283.58,25.62,62.74,0.735,0
